acquisition_id,instrument_id,family,variable,value,units,sensor_time_utc,offset_seconds,qc_flag,status,representative_eligible,tensor_pointer,sensor_vertical_context,observation_duration_seconds,interval_start_utc,interval_end_utc,effective_sensor_id,lon_lat_json,position_status,position_uncertain,footprint_minimum_m,footprint_center_m,roi_minimum_m,roi_center_m,roi_status
TSX-1_record_12,FRF:waverider-17m,waves,waveHs,1.457075,m,2021-10-12T11:00:00.000003+00:00,-436.6159965991974,1.0,retrieved,True,waves__waverider-17m__4e2d54ee6b11/variables/waveHs/3,"{""nominalDepth"": {""value"": 18.0, ""attributes"": {""_FillValue"": -999.0, ""units"": ""m"", ""description"": ""Nominal bottom vertical location from NAVD88"", ""long_name"": ""Bottom Elevation (NAVD88)"", ""short_name"": ""Bottom Elevation""}}, ""gaugeDepth"": {""value"": 0.0, ""attributes"": {""_FillValue"": -999.0, ""units"": ""m"", ""long_name"": ""Sensor Depth Using Pressure, relative to mean water level"", ""short_name"": ""Gauge Depth"", ""_ChunkSizes"": 10.0}}}",1800,,,Datawell Waverider buoy (Mk III),"[-75.714, 36.199666666666666]",dated_product_coordinates_nominal_not_proven_measured; conflicting_nominal_metadata,True,943.405685103876,3662.8011659117237,,,not_evaluable
TSX-1_record_12,FRF:waverider-17m,waves,waveTp,9.191176,s,2021-10-12T11:00:00.000003+00:00,-436.6159965991974,1.0,retrieved,True,waves__waverider-17m__4e2d54ee6b11/variables/waveTp/3,"{""nominalDepth"": {""value"": 18.0, ""attributes"": {""_FillValue"": -999.0, ""units"": ""m"", ""description"": ""Nominal bottom vertical location from NAVD88"", ""long_name"": ""Bottom Elevation (NAVD88)"", ""short_name"": ""Bottom Elevation""}}, ""gaugeDepth"": {""value"": 0.0, ""attributes"": {""_FillValue"": -999.0, ""units"": ""m"", ""long_name"": ""Sensor Depth Using Pressure, relative to mean water level"", ""short_name"": ""Gauge Depth"", ""_ChunkSizes"": 10.0}}}",1800,,,Datawell Waverider buoy (Mk III),"[-75.714, 36.199666666666666]",dated_product_coordinates_nominal_not_proven_measured; conflicting_nominal_metadata,True,943.405685103876,3662.8011659117237,,,not_evaluable
TSX-1_record_12,FRF:waverider-17m,waves,waveTm,7.914159,s,2021-10-12T11:00:00.000003+00:00,-436.6159965991974,1.0,retrieved,True,waves__waverider-17m__4e2d54ee6b11/variables/waveTm/3,"{""nominalDepth"": {""value"": 18.0, ""attributes"": {""_FillValue"": -999.0, ""units"": ""m"", ""description"": ""Nominal bottom vertical location from NAVD88"", ""long_name"": ""Bottom Elevation (NAVD88)"", ""short_name"": ""Bottom Elevation""}}, ""gaugeDepth"": {""value"": 0.0, ""attributes"": {""_FillValue"": -999.0, ""units"": ""m"", ""long_name"": ""Sensor Depth Using Pressure, relative to mean water level"", ""short_name"": ""Gauge Depth"", ""_ChunkSizes"": 10.0}}}",1800,,,Datawell Waverider buoy (Mk III),"[-75.714, 36.199666666666666]",dated_product_coordinates_nominal_not_proven_measured; conflicting_nominal_metadata,True,943.405685103876,3662.8011659117237,,,not_evaluable
TSX-1_record_12,FRF:waverider-17m,waves,waveTm1,6.381539,s,2021-10-12T11:00:00.000003+00:00,-436.6159965991974,1.0,retrieved,True,waves__waverider-17m__4e2d54ee6b11/variables/waveTm1/3,"{""nominalDepth"": {""value"": 18.0, ""attributes"": {""_FillValue"": -999.0, ""units"": ""m"", ""description"": ""Nominal bottom vertical location from NAVD88"", ""long_name"": ""Bottom Elevation (NAVD88)"", ""short_name"": ""Bottom Elevation""}}, ""gaugeDepth"": {""value"": 0.0, ""attributes"": {""_FillValue"": -999.0, ""units"": ""m"", ""long_name"": ""Sensor Depth Using Pressure, relative to mean water level"", ""short_name"": ""Gauge Depth"", ""_ChunkSizes"": 10.0}}}",1800,,,Datawell Waverider buoy (Mk III),"[-75.714, 36.199666666666666]",dated_product_coordinates_nominal_not_proven_measured; conflicting_nominal_metadata,True,943.405685103876,3662.8011659117237,,,not_evaluable
TSX-1_record_12,FRF:waverider-17m,waves,waveTm2,5.661579,s,2021-10-12T11:00:00.000003+00:00,-436.6159965991974,1.0,retrieved,True,waves__waverider-17m__4e2d54ee6b11/variables/waveTm2/3,"{""nominalDepth"": {""value"": 18.0, ""attributes"": {""_FillValue"": -999.0, ""units"": ""m"", ""description"": ""Nominal bottom vertical location from NAVD88"", ""long_name"": ""Bottom Elevation (NAVD88)"", ""short_name"": ""Bottom Elevation""}}, ""gaugeDepth"": {""value"": 0.0, ""attributes"": {""_FillValue"": -999.0, ""units"": ""m"", ""long_name"": ""Sensor Depth Using Pressure, relative to mean water level"", ""short_name"": ""Gauge Depth"", ""_ChunkSizes"": 10.0}}}",1800,,,Datawell Waverider buoy (Mk III),"[-75.714, 36.199666666666666]",dated_product_coordinates_nominal_not_proven_measured; conflicting_nominal_metadata,True,943.405685103876,3662.8011659117237,,,not_evaluable
TSX-1_record_12,FRF:waverider-17m,waves,wavePeakDirectionPeakFrequency,60.0,degree,2021-10-12T11:00:00.000003+00:00,-436.6159965991974,1.0,retrieved,True,waves__waverider-17m__4e2d54ee6b11/variables/wavePeakDirectionPeakFrequency/3,"{""nominalDepth"": {""value"": 18.0, ""attributes"": {""_FillValue"": -999.0, ""units"": ""m"", ""description"": ""Nominal bottom vertical location from NAVD88"", ""long_name"": ""Bottom Elevation (NAVD88)"", ""short_name"": ""Bottom Elevation""}}, ""gaugeDepth"": {""value"": 0.0, ""attributes"": {""_FillValue"": -999.0, ""units"": ""m"", ""long_name"": ""Sensor Depth Using Pressure, relative to mean water level"", ""short_name"": ""Gauge Depth"", ""_ChunkSizes"": 10.0}}}",1800,,,Datawell Waverider buoy (Mk III),"[-75.714, 36.199666666666666]",dated_product_coordinates_nominal_not_proven_measured; conflicting_nominal_metadata,True,943.405685103876,3662.8011659117237,,,not_evaluable
TSX-1_record_12,FRF:waverider-17m,waves,waveMeanDirectionPeakFrequency,64.934814,degree,2021-10-12T11:00:00.000003+00:00,-436.6159965991974,1.0,retrieved,True,waves__waverider-17m__4e2d54ee6b11/variables/waveMeanDirectionPeakFrequency/3,"{""nominalDepth"": {""value"": 18.0, ""attributes"": {""_FillValue"": -999.0, ""units"": ""m"", ""description"": ""Nominal bottom vertical location from NAVD88"", ""long_name"": ""Bottom Elevation (NAVD88)"", ""short_name"": ""Bottom Elevation""}}, ""gaugeDepth"": {""value"": 0.0, ""attributes"": {""_FillValue"": -999.0, ""units"": ""m"", ""long_name"": ""Sensor Depth Using Pressure, relative to mean water level"", ""short_name"": ""Gauge Depth"", ""_ChunkSizes"": 10.0}}}",1800,,,Datawell Waverider buoy (Mk III),"[-75.714, 36.199666666666666]",dated_product_coordinates_nominal_not_proven_measured; conflicting_nominal_metadata,True,943.405685103876,3662.8011659117237,,,not_evaluable
TSX-1_record_12,FRF:waverider-17m,waves,directionalPeakSpread,24.97432,deg,2021-10-12T11:00:00.000003+00:00,-436.6159965991974,1.0,retrieved,True,waves__waverider-17m__4e2d54ee6b11/variables/directionalPeakSpread/3,"{""nominalDepth"": {""value"": 18.0, ""attributes"": {""_FillValue"": -999.0, ""units"": ""m"", ""description"": ""Nominal bottom vertical location from NAVD88"", ""long_name"": ""Bottom Elevation (NAVD88)"", ""short_name"": ""Bottom Elevation""}}, ""gaugeDepth"": {""value"": 0.0, ""attributes"": {""_FillValue"": -999.0, ""units"": ""m"", ""long_name"": ""Sensor Depth Using Pressure, relative to mean water level"", ""short_name"": ""Gauge Depth"", ""_ChunkSizes"": 10.0}}}",1800,,,Datawell Waverider buoy (Mk III),"[-75.714, 36.199666666666666]",dated_product_coordinates_nominal_not_proven_measured; conflicting_nominal_metadata,True,943.405685103876,3662.8011659117237,,,not_evaluable
TSX-1_record_12,FRF:8m-array,waves,waveHs,1.2940439,m,2021-10-12T11:00:00.000003+00:00,-436.6159965991974,1.0,retrieved,True,waves__8m-array__0a92a09b5a0f/variables/waveHs/1,"{""nominalDepth"": {""value"": 8.0, ""attributes"": {""_FillValue"": -999.0, ""units"": ""m"", ""description"": ""Nominal bottom vertical location from NAVD88"", ""long_name"": ""Bottom Elevation (NAVD88)"", ""short_name"": ""Bottom Elevation""}}, ""gaugeDepth"": {""value"": 8.0, ""attributes"": {""_FillValue"": -999.0, ""units"": ""m"", ""long_name"": ""Sensor Depth Using Pressure, relative to mean water level"", ""short_name"": ""Gauge Depth"", ""_ChunkSizes"": 1024.0}}}",,,,Bottom Mounted Senso-Metric Pressure Sensors,null,gross_nominal_coordinate_conflict_position_unresolved; conflicting_nominal_metadata,True,,,,,not_evaluable
TSX-1_record_12,FRF:8m-array,waves,waveTp,8.596374,s,2021-10-12T11:00:00.000003+00:00,-436.6159965991974,1.0,retrieved,True,waves__8m-array__0a92a09b5a0f/variables/waveTp/1,"{""nominalDepth"": {""value"": 8.0, ""attributes"": {""_FillValue"": -999.0, ""units"": ""m"", ""description"": ""Nominal bottom vertical location from NAVD88"", ""long_name"": ""Bottom Elevation (NAVD88)"", ""short_name"": ""Bottom Elevation""}}, ""gaugeDepth"": {""value"": 8.0, ""attributes"": {""_FillValue"": -999.0, ""units"": ""m"", ""long_name"": ""Sensor Depth Using Pressure, relative to mean water level"", ""short_name"": ""Gauge Depth"", ""_ChunkSizes"": 1024.0}}}",,,,Bottom Mounted Senso-Metric Pressure Sensors,null,gross_nominal_coordinate_conflict_position_unresolved; conflicting_nominal_metadata,True,,,,,not_evaluable
TSX-1_record_12,FRF:8m-array,waves,waveTm,8.280876,s,2021-10-12T11:00:00.000003+00:00,-436.6159965991974,1.0,retrieved,True,waves__8m-array__0a92a09b5a0f/variables/waveTm/1,"{""nominalDepth"": {""value"": 8.0, ""attributes"": {""_FillValue"": -999.0, ""units"": ""m"", ""description"": ""Nominal bottom vertical location from NAVD88"", ""long_name"": ""Bottom Elevation (NAVD88)"", ""short_name"": ""Bottom Elevation""}}, ""gaugeDepth"": {""value"": 8.0, ""attributes"": {""_FillValue"": -999.0, ""units"": ""m"", ""long_name"": ""Sensor Depth Using Pressure, relative to mean water level"", ""short_name"": ""Gauge Depth"", ""_ChunkSizes"": 1024.0}}}",,,,Bottom Mounted Senso-Metric Pressure Sensors,null,gross_nominal_coordinate_conflict_position_unresolved; conflicting_nominal_metadata,True,,,,,not_evaluable
TSX-1_record_12,FRF:8m-array,waves,waveTm1,6.966786,s,2021-10-12T11:00:00.000003+00:00,-436.6159965991974,1.0,retrieved,True,waves__8m-array__0a92a09b5a0f/variables/waveTm1/1,"{""nominalDepth"": {""value"": 8.0, ""attributes"": {""_FillValue"": -999.0, ""units"": ""m"", ""description"": ""Nominal bottom vertical location from NAVD88"", ""long_name"": ""Bottom Elevation (NAVD88)"", ""short_name"": ""Bottom Elevation""}}, ""gaugeDepth"": {""value"": 8.0, ""attributes"": {""_FillValue"": -999.0, ""units"": ""m"", ""long_name"": ""Sensor Depth Using Pressure, relative to mean water level"", ""short_name"": ""Gauge Depth"", ""_ChunkSizes"": 1024.0}}}",,,,Bottom Mounted Senso-Metric Pressure Sensors,null,gross_nominal_coordinate_conflict_position_unresolved; conflicting_nominal_metadata,True,,,,,not_evaluable
TSX-1_record_12,FRF:8m-array,waves,waveTm2,6.3897862,s,2021-10-12T11:00:00.000003+00:00,-436.6159965991974,1.0,retrieved,True,waves__8m-array__0a92a09b5a0f/variables/waveTm2/1,"{""nominalDepth"": {""value"": 8.0, ""attributes"": {""_FillValue"": -999.0, ""units"": ""m"", ""description"": ""Nominal bottom vertical location from NAVD88"", ""long_name"": ""Bottom Elevation (NAVD88)"", ""short_name"": ""Bottom Elevation""}}, ""gaugeDepth"": {""value"": 8.0, ""attributes"": {""_FillValue"": -999.0, ""units"": ""m"", ""long_name"": ""Sensor Depth Using Pressure, relative to mean water level"", ""short_name"": ""Gauge Depth"", ""_ChunkSizes"": 1024.0}}}",,,,Bottom Mounted Senso-Metric Pressure Sensors,null,gross_nominal_coordinate_conflict_position_unresolved; conflicting_nominal_metadata,True,,,,,not_evaluable
TSX-1_record_12,FRF:8m-array,waves,wavePeakDirectionPeakFrequency,60.0,degree,2021-10-12T11:00:00.000003+00:00,-436.6159965991974,1.0,retrieved,True,waves__8m-array__0a92a09b5a0f/variables/wavePeakDirectionPeakFrequency/1,"{""nominalDepth"": {""value"": 8.0, ""attributes"": {""_FillValue"": -999.0, ""units"": ""m"", ""description"": ""Nominal bottom vertical location from NAVD88"", ""long_name"": ""Bottom Elevation (NAVD88)"", ""short_name"": ""Bottom Elevation""}}, ""gaugeDepth"": {""value"": 8.0, ""attributes"": {""_FillValue"": -999.0, ""units"": ""m"", ""long_name"": ""Sensor Depth Using Pressure, relative to mean water level"", ""short_name"": ""Gauge Depth"", ""_ChunkSizes"": 1024.0}}}",,,,Bottom Mounted Senso-Metric Pressure Sensors,null,gross_nominal_coordinate_conflict_position_unresolved; conflicting_nominal_metadata,True,,,,,not_evaluable
TSX-1_record_12,FRF:8m-array,waves,waveMeanDirectionPeakFrequency,66.46923,degree,2021-10-12T11:00:00.000003+00:00,-436.6159965991974,1.0,retrieved,True,waves__8m-array__0a92a09b5a0f/variables/waveMeanDirectionPeakFrequency/1,"{""nominalDepth"": {""value"": 8.0, ""attributes"": {""_FillValue"": -999.0, ""units"": ""m"", ""description"": ""Nominal bottom vertical location from NAVD88"", ""long_name"": ""Bottom Elevation (NAVD88)"", ""short_name"": ""Bottom Elevation""}}, ""gaugeDepth"": {""value"": 8.0, ""attributes"": {""_FillValue"": -999.0, ""units"": ""m"", ""long_name"": ""Sensor Depth Using Pressure, relative to mean water level"", ""short_name"": ""Gauge Depth"", ""_ChunkSizes"": 1024.0}}}",,,,Bottom Mounted Senso-Metric Pressure Sensors,null,gross_nominal_coordinate_conflict_position_unresolved; conflicting_nominal_metadata,True,,,,,not_evaluable
TSX-1_record_12,FRF:8m-array,waves,directionalPeakSpread,20.128492,deg,2021-10-12T11:00:00.000003+00:00,-436.6159965991974,1.0,retrieved,True,waves__8m-array__0a92a09b5a0f/variables/directionalPeakSpread/1,"{""nominalDepth"": {""value"": 8.0, ""attributes"": {""_FillValue"": -999.0, ""units"": ""m"", ""description"": ""Nominal bottom vertical location from NAVD88"", ""long_name"": ""Bottom Elevation (NAVD88)"", ""short_name"": ""Bottom Elevation""}}, ""gaugeDepth"": {""value"": 8.0, ""attributes"": {""_FillValue"": -999.0, ""units"": ""m"", ""long_name"": ""Sensor Depth Using Pressure, relative to mean water level"", ""short_name"": ""Gauge Depth"", ""_ChunkSizes"": 1024.0}}}",,,,Bottom Mounted Senso-Metric Pressure Sensors,null,gross_nominal_coordinate_conflict_position_unresolved; conflicting_nominal_metadata,True,,,,,not_evaluable
TSX-1_record_12,FRF:waverider-26m,waves,waveHs,1.8816017,m,2021-10-12T11:29:59.999997+00:00,1363.3839967250824,1.0,retrieved,True,waves__waverider-26m__5f926ab212a7/variables/waveHs/3,"{""nominalDepth"": {""value"": 25.0, ""attributes"": {""_FillValue"": -999.0, ""units"": ""m"", ""description"": ""Nominal bottom vertical location from NAVD88"", ""long_name"": ""Bottom Elevation (NAVD88)"", ""short_name"": ""Bottom Elevation""}}, ""gaugeDepth"": {""value"": 0.0, ""attributes"": {""_FillValue"": -999.0, ""units"": ""m"", ""long_name"": ""Sensor Depth Using Pressure, relative to mean water level"", ""short_name"": ""Gauge Depth"", ""_ChunkSizes"": 7.0}}}",1800,,,Datawell Waverider buoy (Mk III),"[-75.59216666666667, 36.25866666666667]",dated_product_coordinates_nominal_not_proven_measured; conflicting_nominal_metadata,True,13399.269406420955,16421.551292151304,,,not_evaluable
TSX-1_record_12,FRF:waverider-26m,waves,waveTp,11.080333,s,2021-10-12T11:29:59.999997+00:00,1363.3839967250824,1.0,retrieved,True,waves__waverider-26m__5f926ab212a7/variables/waveTp/3,"{""nominalDepth"": {""value"": 25.0, ""attributes"": {""_FillValue"": -999.0, ""units"": ""m"", ""description"": ""Nominal bottom vertical location from NAVD88"", ""long_name"": ""Bottom Elevation (NAVD88)"", ""short_name"": ""Bottom Elevation""}}, ""gaugeDepth"": {""value"": 0.0, ""attributes"": {""_FillValue"": -999.0, ""units"": ""m"", ""long_name"": ""Sensor Depth Using Pressure, relative to mean water level"", ""short_name"": ""Gauge Depth"", ""_ChunkSizes"": 7.0}}}",1800,,,Datawell Waverider buoy (Mk III),"[-75.59216666666667, 36.25866666666667]",dated_product_coordinates_nominal_not_proven_measured; conflicting_nominal_metadata,True,13399.269406420955,16421.551292151304,,,not_evaluable
TSX-1_record_12,FRF:waverider-26m,waves,waveTm,7.3481846,s,2021-10-12T11:29:59.999997+00:00,1363.3839967250824,1.0,retrieved,True,waves__waverider-26m__5f926ab212a7/variables/waveTm/3,"{""nominalDepth"": {""value"": 25.0, ""attributes"": {""_FillValue"": -999.0, ""units"": ""m"", ""description"": ""Nominal bottom vertical location from NAVD88"", ""long_name"": ""Bottom Elevation (NAVD88)"", ""short_name"": ""Bottom Elevation""}}, ""gaugeDepth"": {""value"": 0.0, ""attributes"": {""_FillValue"": -999.0, ""units"": ""m"", ""long_name"": ""Sensor Depth Using Pressure, relative to mean water level"", ""short_name"": ""Gauge Depth"", ""_ChunkSizes"": 7.0}}}",1800,,,Datawell Waverider buoy (Mk III),"[-75.59216666666667, 36.25866666666667]",dated_product_coordinates_nominal_not_proven_measured; conflicting_nominal_metadata,True,13399.269406420955,16421.551292151304,,,not_evaluable
TSX-1_record_12,FRF:waverider-26m,waves,waveTm1,5.8376107,s,2021-10-12T11:29:59.999997+00:00,1363.3839967250824,1.0,retrieved,True,waves__waverider-26m__5f926ab212a7/variables/waveTm1/3,"{""nominalDepth"": {""value"": 25.0, ""attributes"": {""_FillValue"": -999.0, ""units"": ""m"", ""description"": ""Nominal bottom vertical location from NAVD88"", ""long_name"": ""Bottom Elevation (NAVD88)"", ""short_name"": ""Bottom Elevation""}}, ""gaugeDepth"": {""value"": 0.0, ""attributes"": {""_FillValue"": -999.0, ""units"": ""m"", ""long_name"": ""Sensor Depth Using Pressure, relative to mean water level"", ""short_name"": ""Gauge Depth"", ""_ChunkSizes"": 7.0}}}",1800,,,Datawell Waverider buoy (Mk III),"[-75.59216666666667, 36.25866666666667]",dated_product_coordinates_nominal_not_proven_measured; conflicting_nominal_metadata,True,13399.269406420955,16421.551292151304,,,not_evaluable
TSX-1_record_12,FRF:waverider-26m,waves,waveTm2,5.1902237,s,2021-10-12T11:29:59.999997+00:00,1363.3839967250824,1.0,retrieved,True,waves__waverider-26m__5f926ab212a7/variables/waveTm2/3,"{""nominalDepth"": {""value"": 25.0, ""attributes"": {""_FillValue"": -999.0, ""units"": ""m"", ""description"": ""Nominal bottom vertical location from NAVD88"", ""long_name"": ""Bottom Elevation (NAVD88)"", ""short_name"": ""Bottom Elevation""}}, ""gaugeDepth"": {""value"": 0.0, ""attributes"": {""_FillValue"": -999.0, ""units"": ""m"", ""long_name"": ""Sensor Depth Using Pressure, relative to mean water level"", ""short_name"": ""Gauge Depth"", ""_ChunkSizes"": 7.0}}}",1800,,,Datawell Waverider buoy (Mk III),"[-75.59216666666667, 36.25866666666667]",dated_product_coordinates_nominal_not_proven_measured; conflicting_nominal_metadata,True,13399.269406420955,16421.551292151304,,,not_evaluable
TSX-1_record_12,FRF:waverider-26m,waves,wavePeakDirectionPeakFrequency,90.0,degree,2021-10-12T11:29:59.999997+00:00,1363.3839967250824,1.0,retrieved,True,waves__waverider-26m__5f926ab212a7/variables/wavePeakDirectionPeakFrequency/3,"{""nominalDepth"": {""value"": 25.0, ""attributes"": {""_FillValue"": -999.0, ""units"": ""m"", ""description"": ""Nominal bottom vertical location from NAVD88"", ""long_name"": ""Bottom Elevation (NAVD88)"", ""short_name"": ""Bottom Elevation""}}, ""gaugeDepth"": {""value"": 0.0, ""attributes"": {""_FillValue"": -999.0, ""units"": ""m"", ""long_name"": ""Sensor Depth Using Pressure, relative to mean water level"", ""short_name"": ""Gauge Depth"", ""_ChunkSizes"": 7.0}}}",1800,,,Datawell Waverider buoy (Mk III),"[-75.59216666666667, 36.25866666666667]",dated_product_coordinates_nominal_not_proven_measured; conflicting_nominal_metadata,True,13399.269406420955,16421.551292151304,,,not_evaluable
TSX-1_record_12,FRF:waverider-26m,waves,waveMeanDirectionPeakFrequency,76.18609,degree,2021-10-12T11:29:59.999997+00:00,1363.3839967250824,1.0,retrieved,True,waves__waverider-26m__5f926ab212a7/variables/waveMeanDirectionPeakFrequency/3,"{""nominalDepth"": {""value"": 25.0, ""attributes"": {""_FillValue"": -999.0, ""units"": ""m"", ""description"": ""Nominal bottom vertical location from NAVD88"", ""long_name"": ""Bottom Elevation (NAVD88)"", ""short_name"": ""Bottom Elevation""}}, ""gaugeDepth"": {""value"": 0.0, ""attributes"": {""_FillValue"": -999.0, ""units"": ""m"", ""long_name"": ""Sensor Depth Using Pressure, relative to mean water level"", ""short_name"": ""Gauge Depth"", ""_ChunkSizes"": 7.0}}}",1800,,,Datawell Waverider buoy (Mk III),"[-75.59216666666667, 36.25866666666667]",dated_product_coordinates_nominal_not_proven_measured; conflicting_nominal_metadata,True,13399.269406420955,16421.551292151304,,,not_evaluable
TSX-1_record_12,FRF:waverider-26m,waves,directionalPeakSpread,27.858126,deg,2021-10-12T11:29:59.999997+00:00,1363.3839967250824,1.0,retrieved,True,waves__waverider-26m__5f926ab212a7/variables/directionalPeakSpread/3,"{""nominalDepth"": {""value"": 25.0, ""attributes"": {""_FillValue"": -999.0, ""units"": ""m"", ""description"": ""Nominal bottom vertical location from NAVD88"", ""long_name"": ""Bottom Elevation (NAVD88)"", ""short_name"": ""Bottom Elevation""}}, ""gaugeDepth"": {""value"": 0.0, ""attributes"": {""_FillValue"": -999.0, ""units"": ""m"", ""long_name"": ""Sensor Depth Using Pressure, relative to mean water level"", ""short_name"": ""Gauge Depth"", ""_ChunkSizes"": 7.0}}}",1800,,,Datawell Waverider buoy (Mk III),"[-75.59216666666667, 36.25866666666667]",dated_product_coordinates_nominal_not_proven_measured; conflicting_nominal_metadata,True,13399.269406420955,16421.551292151304,,,not_evaluable
TSX-1_record_12,FRF:awac-11m,waves,waveHs,1.3463658,m,2021-10-12T11:00:00.500001+00:00,-436.11599922180176,1.0,retrieved,True,waves__awac-11m__ac63f1b339a0/variables/waveHs/1,"{""nominalDepth"": {""value"": 11.3, ""attributes"": {""_FillValue"": -999.0, ""units"": ""m"", ""description"": ""Nominal bottom vertical location from NAVD88"", ""long_name"": ""Bottom Elevation (NAVD88)"", ""short_name"": ""Bottom Elevation""}}}",,,,Nortek AWAC,"[-75.739155, 36.189244]",dated_product_coordinates_nominal_not_proven_measured; conflicting_nominal_metadata,True,0.0,1164.3236882264437,,,not_evaluable
TSX-1_record_12,FRF:awac-11m,waves,waveTp,8.639309,s,2021-10-12T11:00:00.500001+00:00,-436.11599922180176,1.0,retrieved,True,waves__awac-11m__ac63f1b339a0/variables/waveTp/1,"{""nominalDepth"": {""value"": 11.3, ""attributes"": {""_FillValue"": -999.0, ""units"": ""m"", ""description"": ""Nominal bottom vertical location from NAVD88"", ""long_name"": ""Bottom Elevation (NAVD88)"", ""short_name"": ""Bottom Elevation""}}}",,,,Nortek AWAC,"[-75.739155, 36.189244]",dated_product_coordinates_nominal_not_proven_measured; conflicting_nominal_metadata,True,0.0,1164.3236882264437,,,not_evaluable
TSX-1_record_12,FRF:awac-11m,waves,waveTm,7.7322707,s,2021-10-12T11:00:00.500001+00:00,-436.11599922180176,1.0,retrieved,True,waves__awac-11m__ac63f1b339a0/variables/waveTm/1,"{""nominalDepth"": {""value"": 11.3, ""attributes"": {""_FillValue"": -999.0, ""units"": ""m"", ""description"": ""Nominal bottom vertical location from NAVD88"", ""long_name"": ""Bottom Elevation (NAVD88)"", ""short_name"": ""Bottom Elevation""}}}",,,,Nortek AWAC,"[-75.739155, 36.189244]",dated_product_coordinates_nominal_not_proven_measured; conflicting_nominal_metadata,True,0.0,1164.3236882264437,,,not_evaluable
TSX-1_record_12,FRF:awac-11m,waves,waveTm1,6.368358,s,2021-10-12T11:00:00.500001+00:00,-436.11599922180176,1.0,retrieved,True,waves__awac-11m__ac63f1b339a0/variables/waveTm1/1,"{""nominalDepth"": {""value"": 11.3, ""attributes"": {""_FillValue"": -999.0, ""units"": ""m"", ""description"": ""Nominal bottom vertical location from NAVD88"", ""long_name"": ""Bottom Elevation (NAVD88)"", ""short_name"": ""Bottom Elevation""}}}",,,,Nortek AWAC,"[-75.739155, 36.189244]",dated_product_coordinates_nominal_not_proven_measured; conflicting_nominal_metadata,True,0.0,1164.3236882264437,,,not_evaluable
TSX-1_record_12,FRF:awac-11m,waves,waveTm2,5.7108736,s,2021-10-12T11:00:00.500001+00:00,-436.11599922180176,1.0,retrieved,True,waves__awac-11m__ac63f1b339a0/variables/waveTm2/1,"{""nominalDepth"": {""value"": 11.3, ""attributes"": {""_FillValue"": -999.0, ""units"": ""m"", ""description"": ""Nominal bottom vertical location from NAVD88"", ""long_name"": ""Bottom Elevation (NAVD88)"", ""short_name"": ""Bottom Elevation""}}}",,,,Nortek AWAC,"[-75.739155, 36.189244]",dated_product_coordinates_nominal_not_proven_measured; conflicting_nominal_metadata,True,0.0,1164.3236882264437,,,not_evaluable
TSX-1_record_12,FRF:awac-11m,waves,wavePeakDirectionPeakFrequency,70.0,degree,2021-10-12T11:00:00.500001+00:00,-436.11599922180176,1.0,retrieved,True,waves__awac-11m__ac63f1b339a0/variables/wavePeakDirectionPeakFrequency/1,"{""nominalDepth"": {""value"": 11.3, ""attributes"": {""_FillValue"": -999.0, ""units"": ""m"", ""description"": ""Nominal bottom vertical location from NAVD88"", ""long_name"": ""Bottom Elevation (NAVD88)"", ""short_name"": ""Bottom Elevation""}}}",,,,Nortek AWAC,"[-75.739155, 36.189244]",dated_product_coordinates_nominal_not_proven_measured; conflicting_nominal_metadata,True,0.0,1164.3236882264437,,,not_evaluable
TSX-1_record_12,FRF:awac-11m,waves,waveMeanDirectionPeakFrequency,60.81751,degree,2021-10-12T11:00:00.500001+00:00,-436.11599922180176,1.0,retrieved,True,waves__awac-11m__ac63f1b339a0/variables/waveMeanDirectionPeakFrequency/1,"{""nominalDepth"": {""value"": 11.3, ""attributes"": {""_FillValue"": -999.0, ""units"": ""m"", ""description"": ""Nominal bottom vertical location from NAVD88"", ""long_name"": ""Bottom Elevation (NAVD88)"", ""short_name"": ""Bottom Elevation""}}}",,,,Nortek AWAC,"[-75.739155, 36.189244]",dated_product_coordinates_nominal_not_proven_measured; conflicting_nominal_metadata,True,0.0,1164.3236882264437,,,not_evaluable
TSX-1_record_12,FRF:awac-11m,waves,directionalPeakSpread,29.562098,deg,2021-10-12T11:00:00.500001+00:00,-436.11599922180176,1.0,retrieved,True,waves__awac-11m__ac63f1b339a0/variables/directionalPeakSpread/1,"{""nominalDepth"": {""value"": 11.3, ""attributes"": {""_FillValue"": -999.0, ""units"": ""m"", ""description"": ""Nominal bottom vertical location from NAVD88"", ""long_name"": ""Bottom Elevation (NAVD88)"", ""short_name"": ""Bottom Elevation""}}}",,,,Nortek AWAC,"[-75.739155, 36.189244]",dated_product_coordinates_nominal_not_proven_measured; conflicting_nominal_metadata,True,0.0,1164.3236882264437,,,not_evaluable
TSX-1_record_12,FRF:awac-11m,currents,currentSpeed,0.3256053030490875,m s-1,2021-10-12T11:45:00.000003+00:00,2263.3840034008026,1.0,retrieved,True,currents__awac-11m__1e8cc1746ef4/variables/currentSpeed/1,"{""depth"": {""value"": [-10.5, -10.25, -10.0, -9.75, -9.5, -9.25, -9.0, -8.75, -8.5, -8.25, -8.0, -7.75, -7.5, -7.25, -7.0, -6.75, -6.5, -6.25, -6.0, -5.75, -5.5, -5.25, -5.0, -4.75, -4.5, -4.25, -4.0, -3.75, -3.5, -3.25, -3.0, -2.75, -2.5, -2.25, -2.0, -1.75, -1.5, -1.25, -1.0, -0.75, -0.5, -0.25, 0.0, 0.25, 0.5, 0.75, 1.0], ""attributes"": {""_FillValue"": -999.0, ""units"": ""m"", ""short_name"": ""Cell Depths"", ""long_name"": ""Cell Depths (NAVD88)"", ""description"": ""Elevation of bin in NAVD88. Depth is to center of cell and is calculated by: depth = -xducerD + blank + (numBin * binSize)"", ""_ChunkSizes"": 47.0}}}",,,,Nortek AWAC,"[-75.739155, 36.189244]",dated_product_coordinates_nominal_not_proven_measured,False,0.0,1164.3236882264437,,,not_evaluable
TSX-1_record_12,FRF:awac-11m,currents,currentEast,,m s-1,2021-10-12T11:45:00.000003+00:00,2263.3840034008026,1.0,retrieved,True,currents__awac-11m__1e8cc1746ef4/variables/currentEast/1,"{""depth"": {""value"": [-10.5, -10.25, -10.0, -9.75, -9.5, -9.25, -9.0, -8.75, -8.5, -8.25, -8.0, -7.75, -7.5, -7.25, -7.0, -6.75, -6.5, -6.25, -6.0, -5.75, -5.5, -5.25, -5.0, -4.75, -4.5, -4.25, -4.0, -3.75, -3.5, -3.25, -3.0, -2.75, -2.5, -2.25, -2.0, -1.75, -1.5, -1.25, -1.0, -0.75, -0.5, -0.25, 0.0, 0.25, 0.5, 0.75, 1.0], ""attributes"": {""_FillValue"": -999.0, ""units"": ""m"", ""short_name"": ""Cell Depths"", ""long_name"": ""Cell Depths (NAVD88)"", ""description"": ""Elevation of bin in NAVD88. Depth is to center of cell and is calculated by: depth = -xducerD + blank + (numBin * binSize)"", ""_ChunkSizes"": 47.0}}}",,,,Nortek AWAC,"[-75.739155, 36.189244]",dated_product_coordinates_nominal_not_proven_measured,False,0.0,1164.3236882264437,,,not_evaluable
TSX-1_record_12,FRF:awac-11m,currents,currentNorth,,m s-1,2021-10-12T11:45:00.000003+00:00,2263.3840034008026,1.0,retrieved,True,currents__awac-11m__1e8cc1746ef4/variables/currentNorth/1,"{""depth"": {""value"": [-10.5, -10.25, -10.0, -9.75, -9.5, -9.25, -9.0, -8.75, -8.5, -8.25, -8.0, -7.75, -7.5, -7.25, -7.0, -6.75, -6.5, -6.25, -6.0, -5.75, -5.5, -5.25, -5.0, -4.75, -4.5, -4.25, -4.0, -3.75, -3.5, -3.25, -3.0, -2.75, -2.5, -2.25, -2.0, -1.75, -1.5, -1.25, -1.0, -0.75, -0.5, -0.25, 0.0, 0.25, 0.5, 0.75, 1.0], ""attributes"": {""_FillValue"": -999.0, ""units"": ""m"", ""short_name"": ""Cell Depths"", ""long_name"": ""Cell Depths (NAVD88)"", ""description"": ""Elevation of bin in NAVD88. Depth is to center of cell and is calculated by: depth = -xducerD + blank + (numBin * binSize)"", ""_ChunkSizes"": 47.0}}}",,,,Nortek AWAC,"[-75.739155, 36.189244]",dated_product_coordinates_nominal_not_proven_measured,False,0.0,1164.3236882264437,,,not_evaluable
TSX-1_record_12,FRF:awac-11m,currents,currentUp,,m s-1,2021-10-12T11:45:00.000003+00:00,2263.3840034008026,1.0,retrieved,True,currents__awac-11m__1e8cc1746ef4/variables/currentUp/1,"{""depth"": {""value"": [-10.5, -10.25, -10.0, -9.75, -9.5, -9.25, -9.0, -8.75, -8.5, -8.25, -8.0, -7.75, -7.5, -7.25, -7.0, -6.75, -6.5, -6.25, -6.0, -5.75, -5.5, -5.25, -5.0, -4.75, -4.5, -4.25, -4.0, -3.75, -3.5, -3.25, -3.0, -2.75, -2.5, -2.25, -2.0, -1.75, -1.5, -1.25, -1.0, -0.75, -0.5, -0.25, 0.0, 0.25, 0.5, 0.75, 1.0], ""attributes"": {""_FillValue"": -999.0, ""units"": ""m"", ""short_name"": ""Cell Depths"", ""long_name"": ""Cell Depths (NAVD88)"", ""description"": ""Elevation of bin in NAVD88. Depth is to center of cell and is calculated by: depth = -xducerD + blank + (numBin * binSize)"", ""_ChunkSizes"": 47.0}}}",,,,Nortek AWAC,"[-75.739155, 36.189244]",dated_product_coordinates_nominal_not_proven_measured,False,0.0,1164.3236882264437,,,not_evaluable
TSX-1_record_12,FRF:derived,wind,windSpeed,6.9634123,m s-1,2021-10-12T11:10:00.000008+00:00,163.38400793075562,1.0,retrieved,True,wind__derived__67e3b4f6435d/variables/windSpeed/12,"{""gaugeElevation"": {""value"": 19.64, ""attributes"": {""_FillValue"": -999.99, ""units"": ""m"", ""long_name"": ""Anemometer_elevation"", ""description"": ""Anemometer elevation above NAVD88"", ""short_name"": ""gaugeElevation"", ""_ChunkSizes"": 4462.0}}}",600,,,1,"[-75.745116, 36.183683]",dated_product_gauge_id_and_historical_nominal_table,False,0.0,351.1237256420222,,,not_evaluable
TSX-1_record_12,FRF:derived,wind,windGust,8.276117,m s-1,2021-10-12T11:10:00.000008+00:00,163.38400793075562,1.0,retrieved,True,wind__derived__67e3b4f6435d/variables/windGust/12,"{""gaugeElevation"": {""value"": 19.64, ""attributes"": {""_FillValue"": -999.99, ""units"": ""m"", ""long_name"": ""Anemometer_elevation"", ""description"": ""Anemometer elevation above NAVD88"", ""short_name"": ""gaugeElevation"", ""_ChunkSizes"": 4462.0}}}",600,,,1,"[-75.745116, 36.183683]",dated_product_gauge_id_and_historical_nominal_table,False,0.0,351.1237256420222,,,not_evaluable
TSX-1_record_12,FRF:derived,wind,windDirection,308.93762,degree,2021-10-12T11:10:00.000008+00:00,163.38400793075562,1.0,retrieved,True,wind__derived__67e3b4f6435d/variables/windDirection/12,"{""gaugeElevation"": {""value"": 19.64, ""attributes"": {""_FillValue"": -999.99, ""units"": ""m"", ""long_name"": ""Anemometer_elevation"", ""description"": ""Anemometer elevation above NAVD88"", ""short_name"": ""gaugeElevation"", ""_ChunkSizes"": 4462.0}}}",600,,,1,"[-75.745116, 36.183683]",dated_product_gauge_id_and_historical_nominal_table,False,0.0,351.1237256420222,,,not_evaluable
TSX-1_record_12,FRF:eopNoaaTide,water_level,residualWaterLevel,0.47800000000000004,m,2021-10-12T11:06:00.000002+00:00,-76.61599802970886,,qc_unknown,False,water_level__eopNoaaTide__daaa106786e8/variables/residualWaterLevel/19,{},,,,"Varies; NOAA Stilling well (float), NOAA next-gen gauge (Acoustic)","[-75.74528, 36.183639]",dated_product_coordinates_nominal_not_proven_measured,False,0.0,336.5633040230027,,,not_evaluable
TSX-1_record_12,FRF:eopNoaaTide,water_level,predictedWaterLevel,-0.534,m,2021-10-12T11:06:00.000002+00:00,-76.61599802970886,,qc_unknown,False,water_level__eopNoaaTide__daaa106786e8/variables/predictedWaterLevel/19,{},,,,"Varies; NOAA Stilling well (float), NOAA next-gen gauge (Acoustic)","[-75.74528, 36.183639]",dated_product_coordinates_nominal_not_proven_measured,False,0.0,336.5633040230027,,,not_evaluable
TSX-1_record_12,FRF:eopNoaaTide,water_level,waterLevel,-0.056,m,2021-10-12T11:06:00.000002+00:00,-76.61599802970886,,qc_unknown,False,water_level__eopNoaaTide__daaa106786e8/variables/waterLevel/19,{},,,,"Varies; NOAA Stilling well (float), NOAA next-gen gauge (Acoustic)","[-75.74528, 36.183639]",dated_product_coordinates_nominal_not_proven_measured,False,0.0,336.5633040230027,,,not_evaluable
TSX-1_record_12,FRF:eopNoaaTide,water_level,gapGauge,2.0,,2021-10-12T11:06:00.000002+00:00,-76.61599802970886,,qc_unknown,False,water_level__eopNoaaTide__daaa106786e8/variables/gapGauge/19,{},,,,"Varies; NOAA Stilling well (float), NOAA next-gen gauge (Acoustic)","[-75.74528, 36.183639]",dated_product_coordinates_nominal_not_proven_measured,False,0.0,336.5633040230027,,,not_evaluable
COSMO_2098202,FRF:waverider-17m,waves,waveHs,1.1081544,m,2021-10-13T23:00:00.000003+00:00,897.0000033378601,1.0,retrieved,True,waves__waverider-17m__4e2d54ee6b11/variables/waveHs/12,"{""nominalDepth"": {""value"": 18.0, ""attributes"": {""_FillValue"": -999.0, ""units"": ""m"", ""description"": ""Nominal bottom vertical location from NAVD88"", ""long_name"": ""Bottom Elevation (NAVD88)"", ""short_name"": ""Bottom Elevation""}}, ""gaugeDepth"": {""value"": 0.0, ""attributes"": {""_FillValue"": -999.0, ""units"": ""m"", ""long_name"": ""Sensor Depth Using Pressure, relative to mean water level"", ""short_name"": ""Gauge Depth"", ""_ChunkSizes"": 10.0}}}",1800,,,Datawell Waverider buoy (Mk III),"[-75.714, 36.199666666666666]",dated_product_coordinates_nominal_not_proven_measured; conflicting_nominal_metadata,True,0.0,2226.5742647346647,,,not_evaluable
COSMO_2098202,FRF:waverider-17m,waves,waveTp,9.546539,s,2021-10-13T23:00:00.000003+00:00,897.0000033378601,1.0,retrieved,True,waves__waverider-17m__4e2d54ee6b11/variables/waveTp/12,"{""nominalDepth"": {""value"": 18.0, ""attributes"": {""_FillValue"": -999.0, ""units"": ""m"", ""description"": ""Nominal bottom vertical location from NAVD88"", ""long_name"": ""Bottom Elevation (NAVD88)"", ""short_name"": ""Bottom Elevation""}}, ""gaugeDepth"": {""value"": 0.0, ""attributes"": {""_FillValue"": -999.0, ""units"": ""m"", ""long_name"": ""Sensor Depth Using Pressure, relative to mean water level"", ""short_name"": ""Gauge Depth"", ""_ChunkSizes"": 10.0}}}",1800,,,Datawell Waverider buoy (Mk III),"[-75.714, 36.199666666666666]",dated_product_coordinates_nominal_not_proven_measured; conflicting_nominal_metadata,True,0.0,2226.5742647346647,,,not_evaluable
COSMO_2098202,FRF:waverider-17m,waves,waveTm,6.7565265,s,2021-10-13T23:00:00.000003+00:00,897.0000033378601,1.0,retrieved,True,waves__waverider-17m__4e2d54ee6b11/variables/waveTm/12,"{""nominalDepth"": {""value"": 18.0, ""attributes"": {""_FillValue"": -999.0, ""units"": ""m"", ""description"": ""Nominal bottom vertical location from NAVD88"", ""long_name"": ""Bottom Elevation (NAVD88)"", ""short_name"": ""Bottom Elevation""}}, ""gaugeDepth"": {""value"": 0.0, ""attributes"": {""_FillValue"": -999.0, ""units"": ""m"", ""long_name"": ""Sensor Depth Using Pressure, relative to mean water level"", ""short_name"": ""Gauge Depth"", ""_ChunkSizes"": 10.0}}}",1800,,,Datawell Waverider buoy (Mk III),"[-75.714, 36.199666666666666]",dated_product_coordinates_nominal_not_proven_measured; conflicting_nominal_metadata,True,0.0,2226.5742647346647,,,not_evaluable
COSMO_2098202,FRF:waverider-17m,waves,waveTm1,5.513346,s,2021-10-13T23:00:00.000003+00:00,897.0000033378601,1.0,retrieved,True,waves__waverider-17m__4e2d54ee6b11/variables/waveTm1/12,"{""nominalDepth"": {""value"": 18.0, ""attributes"": {""_FillValue"": -999.0, ""units"": ""m"", ""description"": ""Nominal bottom vertical location from NAVD88"", ""long_name"": ""Bottom Elevation (NAVD88)"", ""short_name"": ""Bottom Elevation""}}, ""gaugeDepth"": {""value"": 0.0, ""attributes"": {""_FillValue"": -999.0, ""units"": ""m"", ""long_name"": ""Sensor Depth Using Pressure, relative to mean water level"", ""short_name"": ""Gauge Depth"", ""_ChunkSizes"": 10.0}}}",1800,,,Datawell Waverider buoy (Mk III),"[-75.714, 36.199666666666666]",dated_product_coordinates_nominal_not_proven_measured; conflicting_nominal_metadata,True,0.0,2226.5742647346647,,,not_evaluable
COSMO_2098202,FRF:waverider-17m,waves,waveTm2,4.91854,s,2021-10-13T23:00:00.000003+00:00,897.0000033378601,1.0,retrieved,True,waves__waverider-17m__4e2d54ee6b11/variables/waveTm2/12,"{""nominalDepth"": {""value"": 18.0, ""attributes"": {""_FillValue"": -999.0, ""units"": ""m"", ""description"": ""Nominal bottom vertical location from NAVD88"", ""long_name"": ""Bottom Elevation (NAVD88)"", ""short_name"": ""Bottom Elevation""}}, ""gaugeDepth"": {""value"": 0.0, ""attributes"": {""_FillValue"": -999.0, ""units"": ""m"", ""long_name"": ""Sensor Depth Using Pressure, relative to mean water level"", ""short_name"": ""Gauge Depth"", ""_ChunkSizes"": 10.0}}}",1800,,,Datawell Waverider buoy (Mk III),"[-75.714, 36.199666666666666]",dated_product_coordinates_nominal_not_proven_measured; conflicting_nominal_metadata,True,0.0,2226.5742647346647,,,not_evaluable
COSMO_2098202,FRF:waverider-17m,waves,wavePeakDirectionPeakFrequency,65.0,degree,2021-10-13T23:00:00.000003+00:00,897.0000033378601,1.0,retrieved,True,waves__waverider-17m__4e2d54ee6b11/variables/wavePeakDirectionPeakFrequency/12,"{""nominalDepth"": {""value"": 18.0, ""attributes"": {""_FillValue"": -999.0, ""units"": ""m"", ""description"": ""Nominal bottom vertical location from NAVD88"", ""long_name"": ""Bottom Elevation (NAVD88)"", ""short_name"": ""Bottom Elevation""}}, ""gaugeDepth"": {""value"": 0.0, ""attributes"": {""_FillValue"": -999.0, ""units"": ""m"", ""long_name"": ""Sensor Depth Using Pressure, relative to mean water level"", ""short_name"": ""Gauge Depth"", ""_ChunkSizes"": 10.0}}}",1800,,,Datawell Waverider buoy (Mk III),"[-75.714, 36.199666666666666]",dated_product_coordinates_nominal_not_proven_measured; conflicting_nominal_metadata,True,0.0,2226.5742647346647,,,not_evaluable
COSMO_2098202,FRF:waverider-17m,waves,waveMeanDirectionPeakFrequency,64.93568,degree,2021-10-13T23:00:00.000003+00:00,897.0000033378601,1.0,retrieved,True,waves__waverider-17m__4e2d54ee6b11/variables/waveMeanDirectionPeakFrequency/12,"{""nominalDepth"": {""value"": 18.0, ""attributes"": {""_FillValue"": -999.0, ""units"": ""m"", ""description"": ""Nominal bottom vertical location from NAVD88"", ""long_name"": ""Bottom Elevation (NAVD88)"", ""short_name"": ""Bottom Elevation""}}, ""gaugeDepth"": {""value"": 0.0, ""attributes"": {""_FillValue"": -999.0, ""units"": ""m"", ""long_name"": ""Sensor Depth Using Pressure, relative to mean water level"", ""short_name"": ""Gauge Depth"", ""_ChunkSizes"": 10.0}}}",1800,,,Datawell Waverider buoy (Mk III),"[-75.714, 36.199666666666666]",dated_product_coordinates_nominal_not_proven_measured; conflicting_nominal_metadata,True,0.0,2226.5742647346647,,,not_evaluable
COSMO_2098202,FRF:waverider-17m,waves,directionalPeakSpread,25.0523,deg,2021-10-13T23:00:00.000003+00:00,897.0000033378601,1.0,retrieved,True,waves__waverider-17m__4e2d54ee6b11/variables/directionalPeakSpread/12,"{""nominalDepth"": {""value"": 18.0, ""attributes"": {""_FillValue"": -999.0, ""units"": ""m"", ""description"": ""Nominal bottom vertical location from NAVD88"", ""long_name"": ""Bottom Elevation (NAVD88)"", ""short_name"": ""Bottom Elevation""}}, ""gaugeDepth"": {""value"": 0.0, ""attributes"": {""_FillValue"": -999.0, ""units"": ""m"", ""long_name"": ""Sensor Depth Using Pressure, relative to mean water level"", ""short_name"": ""Gauge Depth"", ""_ChunkSizes"": 10.0}}}",1800,,,Datawell Waverider buoy (Mk III),"[-75.714, 36.199666666666666]",dated_product_coordinates_nominal_not_proven_measured; conflicting_nominal_metadata,True,0.0,2226.5742647346647,,,not_evaluable
COSMO_2098202,FRF:8m-array,waves,waveHs,1.0385377,m,2021-10-13T23:00:00.000003+00:00,897.0000033378601,1.0,retrieved,True,waves__8m-array__0a92a09b5a0f/variables/waveHs/6,"{""nominalDepth"": {""value"": 8.0, ""attributes"": {""_FillValue"": -999.0, ""units"": ""m"", ""description"": ""Nominal bottom vertical location from NAVD88"", ""long_name"": ""Bottom Elevation (NAVD88)"", ""short_name"": ""Bottom Elevation""}}, ""gaugeDepth"": {""value"": -999.0, ""attributes"": {""_FillValue"": -999.0, ""units"": ""m"", ""long_name"": ""Sensor Depth Using Pressure, relative to mean water level"", ""short_name"": ""Gauge Depth"", ""_ChunkSizes"": 1024.0}}}",,,,Bottom Mounted Senso-Metric Pressure Sensors,null,gross_nominal_coordinate_conflict_position_unresolved; conflicting_nominal_metadata,True,,,,,not_evaluable
COSMO_2098202,FRF:8m-array,waves,waveTp,10.578512,s,2021-10-13T23:00:00.000003+00:00,897.0000033378601,1.0,retrieved,True,waves__8m-array__0a92a09b5a0f/variables/waveTp/6,"{""nominalDepth"": {""value"": 8.0, ""attributes"": {""_FillValue"": -999.0, ""units"": ""m"", ""description"": ""Nominal bottom vertical location from NAVD88"", ""long_name"": ""Bottom Elevation (NAVD88)"", ""short_name"": ""Bottom Elevation""}}, ""gaugeDepth"": {""value"": -999.0, ""attributes"": {""_FillValue"": -999.0, ""units"": ""m"", ""long_name"": ""Sensor Depth Using Pressure, relative to mean water level"", ""short_name"": ""Gauge Depth"", ""_ChunkSizes"": 1024.0}}}",,,,Bottom Mounted Senso-Metric Pressure Sensors,null,gross_nominal_coordinate_conflict_position_unresolved; conflicting_nominal_metadata,True,,,,,not_evaluable
COSMO_2098202,FRF:8m-array,waves,waveTm,7.9698343,s,2021-10-13T23:00:00.000003+00:00,897.0000033378601,1.0,retrieved,True,waves__8m-array__0a92a09b5a0f/variables/waveTm/6,"{""nominalDepth"": {""value"": 8.0, ""attributes"": {""_FillValue"": -999.0, ""units"": ""m"", ""description"": ""Nominal bottom vertical location from NAVD88"", ""long_name"": ""Bottom Elevation (NAVD88)"", ""short_name"": ""Bottom Elevation""}}, ""gaugeDepth"": {""value"": -999.0, ""attributes"": {""_FillValue"": -999.0, ""units"": ""m"", ""long_name"": ""Sensor Depth Using Pressure, relative to mean water level"", ""short_name"": ""Gauge Depth"", ""_ChunkSizes"": 1024.0}}}",,,,Bottom Mounted Senso-Metric Pressure Sensors,null,gross_nominal_coordinate_conflict_position_unresolved; conflicting_nominal_metadata,True,,,,,not_evaluable
COSMO_2098202,FRF:8m-array,waves,waveTm1,6.8738403,s,2021-10-13T23:00:00.000003+00:00,897.0000033378601,1.0,retrieved,True,waves__8m-array__0a92a09b5a0f/variables/waveTm1/6,"{""nominalDepth"": {""value"": 8.0, ""attributes"": {""_FillValue"": -999.0, ""units"": ""m"", ""description"": ""Nominal bottom vertical location from NAVD88"", ""long_name"": ""Bottom Elevation (NAVD88)"", ""short_name"": ""Bottom Elevation""}}, ""gaugeDepth"": {""value"": -999.0, ""attributes"": {""_FillValue"": -999.0, ""units"": ""m"", ""long_name"": ""Sensor Depth Using Pressure, relative to mean water level"", ""short_name"": ""Gauge Depth"", ""_ChunkSizes"": 1024.0}}}",,,,Bottom Mounted Senso-Metric Pressure Sensors,null,gross_nominal_coordinate_conflict_position_unresolved; conflicting_nominal_metadata,True,,,,,not_evaluable
COSMO_2098202,FRF:8m-array,waves,waveTm2,6.3709054,s,2021-10-13T23:00:00.000003+00:00,897.0000033378601,1.0,retrieved,True,waves__8m-array__0a92a09b5a0f/variables/waveTm2/6,"{""nominalDepth"": {""value"": 8.0, ""attributes"": {""_FillValue"": -999.0, ""units"": ""m"", ""description"": ""Nominal bottom vertical location from NAVD88"", ""long_name"": ""Bottom Elevation (NAVD88)"", ""short_name"": ""Bottom Elevation""}}, ""gaugeDepth"": {""value"": -999.0, ""attributes"": {""_FillValue"": -999.0, ""units"": ""m"", ""long_name"": ""Sensor Depth Using Pressure, relative to mean water level"", ""short_name"": ""Gauge Depth"", ""_ChunkSizes"": 1024.0}}}",,,,Bottom Mounted Senso-Metric Pressure Sensors,null,gross_nominal_coordinate_conflict_position_unresolved; conflicting_nominal_metadata,True,,,,,not_evaluable
COSMO_2098202,FRF:8m-array,waves,wavePeakDirectionPeakFrequency,70.0,degree,2021-10-13T23:00:00.000003+00:00,897.0000033378601,1.0,retrieved,True,waves__8m-array__0a92a09b5a0f/variables/wavePeakDirectionPeakFrequency/6,"{""nominalDepth"": {""value"": 8.0, ""attributes"": {""_FillValue"": -999.0, ""units"": ""m"", ""description"": ""Nominal bottom vertical location from NAVD88"", ""long_name"": ""Bottom Elevation (NAVD88)"", ""short_name"": ""Bottom Elevation""}}, ""gaugeDepth"": {""value"": -999.0, ""attributes"": {""_FillValue"": -999.0, ""units"": ""m"", ""long_name"": ""Sensor Depth Using Pressure, relative to mean water level"", ""short_name"": ""Gauge Depth"", ""_ChunkSizes"": 1024.0}}}",,,,Bottom Mounted Senso-Metric Pressure Sensors,null,gross_nominal_coordinate_conflict_position_unresolved; conflicting_nominal_metadata,True,,,,,not_evaluable
COSMO_2098202,FRF:8m-array,waves,waveMeanDirectionPeakFrequency,68.415306,degree,2021-10-13T23:00:00.000003+00:00,897.0000033378601,1.0,retrieved,True,waves__8m-array__0a92a09b5a0f/variables/waveMeanDirectionPeakFrequency/6,"{""nominalDepth"": {""value"": 8.0, ""attributes"": {""_FillValue"": -999.0, ""units"": ""m"", ""description"": ""Nominal bottom vertical location from NAVD88"", ""long_name"": ""Bottom Elevation (NAVD88)"", ""short_name"": ""Bottom Elevation""}}, ""gaugeDepth"": {""value"": -999.0, ""attributes"": {""_FillValue"": -999.0, ""units"": ""m"", ""long_name"": ""Sensor Depth Using Pressure, relative to mean water level"", ""short_name"": ""Gauge Depth"", ""_ChunkSizes"": 1024.0}}}",,,,Bottom Mounted Senso-Metric Pressure Sensors,null,gross_nominal_coordinate_conflict_position_unresolved; conflicting_nominal_metadata,True,,,,,not_evaluable
COSMO_2098202,FRF:8m-array,waves,directionalPeakSpread,20.201431,deg,2021-10-13T23:00:00.000003+00:00,897.0000033378601,1.0,retrieved,True,waves__8m-array__0a92a09b5a0f/variables/directionalPeakSpread/6,"{""nominalDepth"": {""value"": 8.0, ""attributes"": {""_FillValue"": -999.0, ""units"": ""m"", ""description"": ""Nominal bottom vertical location from NAVD88"", ""long_name"": ""Bottom Elevation (NAVD88)"", ""short_name"": ""Bottom Elevation""}}, ""gaugeDepth"": {""value"": -999.0, ""attributes"": {""_FillValue"": -999.0, ""units"": ""m"", ""long_name"": ""Sensor Depth Using Pressure, relative to mean water level"", ""short_name"": ""Gauge Depth"", ""_ChunkSizes"": 1024.0}}}",,,,Bottom Mounted Senso-Metric Pressure Sensors,null,gross_nominal_coordinate_conflict_position_unresolved; conflicting_nominal_metadata,True,,,,,not_evaluable
COSMO_2098202,FRF:waverider-26m,waves,waveHs,1.3018659,m,2021-10-13T23:00:00.000003+00:00,897.0000033378601,1.0,retrieved,True,waves__waverider-26m__5f926ab212a7/variables/waveHs/10,"{""nominalDepth"": {""value"": 25.0, ""attributes"": {""_FillValue"": -999.0, ""units"": ""m"", ""description"": ""Nominal bottom vertical location from NAVD88"", ""long_name"": ""Bottom Elevation (NAVD88)"", ""short_name"": ""Bottom Elevation""}}, ""gaugeDepth"": {""value"": 0.0, ""attributes"": {""_FillValue"": -999.0, ""units"": ""m"", ""long_name"": ""Sensor Depth Using Pressure, relative to mean water level"", ""short_name"": ""Gauge Depth"", ""_ChunkSizes"": 7.0}}}",1800,,,Datawell Waverider buoy (Mk III),"[-75.59216666666667, 36.25866666666667]",dated_product_coordinates_nominal_not_proven_measured; conflicting_nominal_metadata,True,6936.717791386169,14349.784986403913,,,not_evaluable
COSMO_2098202,FRF:waverider-26m,waves,waveTp,10.810811,s,2021-10-13T23:00:00.000003+00:00,897.0000033378601,1.0,retrieved,True,waves__waverider-26m__5f926ab212a7/variables/waveTp/10,"{""nominalDepth"": {""value"": 25.0, ""attributes"": {""_FillValue"": -999.0, ""units"": ""m"", ""description"": ""Nominal bottom vertical location from NAVD88"", ""long_name"": ""Bottom Elevation (NAVD88)"", ""short_name"": ""Bottom Elevation""}}, ""gaugeDepth"": {""value"": 0.0, ""attributes"": {""_FillValue"": -999.0, ""units"": ""m"", ""long_name"": ""Sensor Depth Using Pressure, relative to mean water level"", ""short_name"": ""Gauge Depth"", ""_ChunkSizes"": 7.0}}}",1800,,,Datawell Waverider buoy (Mk III),"[-75.59216666666667, 36.25866666666667]",dated_product_coordinates_nominal_not_proven_measured; conflicting_nominal_metadata,True,6936.717791386169,14349.784986403913,,,not_evaluable
COSMO_2098202,FRF:waverider-26m,waves,waveTm,7.396648,s,2021-10-13T23:00:00.000003+00:00,897.0000033378601,1.0,retrieved,True,waves__waverider-26m__5f926ab212a7/variables/waveTm/10,"{""nominalDepth"": {""value"": 25.0, ""attributes"": {""_FillValue"": -999.0, ""units"": ""m"", ""description"": ""Nominal bottom vertical location from NAVD88"", ""long_name"": ""Bottom Elevation (NAVD88)"", ""short_name"": ""Bottom Elevation""}}, ""gaugeDepth"": {""value"": 0.0, ""attributes"": {""_FillValue"": -999.0, ""units"": ""m"", ""long_name"": ""Sensor Depth Using Pressure, relative to mean water level"", ""short_name"": ""Gauge Depth"", ""_ChunkSizes"": 7.0}}}",1800,,,Datawell Waverider buoy (Mk III),"[-75.59216666666667, 36.25866666666667]",dated_product_coordinates_nominal_not_proven_measured; conflicting_nominal_metadata,True,6936.717791386169,14349.784986403913,,,not_evaluable
COSMO_2098202,FRF:waverider-26m,waves,waveTm1,5.9420295,s,2021-10-13T23:00:00.000003+00:00,897.0000033378601,1.0,retrieved,True,waves__waverider-26m__5f926ab212a7/variables/waveTm1/10,"{""nominalDepth"": {""value"": 25.0, ""attributes"": {""_FillValue"": -999.0, ""units"": ""m"", ""description"": ""Nominal bottom vertical location from NAVD88"", ""long_name"": ""Bottom Elevation (NAVD88)"", ""short_name"": ""Bottom Elevation""}}, ""gaugeDepth"": {""value"": 0.0, ""attributes"": {""_FillValue"": -999.0, ""units"": ""m"", ""long_name"": ""Sensor Depth Using Pressure, relative to mean water level"", ""short_name"": ""Gauge Depth"", ""_ChunkSizes"": 7.0}}}",1800,,,Datawell Waverider buoy (Mk III),"[-75.59216666666667, 36.25866666666667]",dated_product_coordinates_nominal_not_proven_measured; conflicting_nominal_metadata,True,6936.717791386169,14349.784986403913,,,not_evaluable
COSMO_2098202,FRF:waverider-26m,waves,waveTm2,5.2498794,s,2021-10-13T23:00:00.000003+00:00,897.0000033378601,1.0,retrieved,True,waves__waverider-26m__5f926ab212a7/variables/waveTm2/10,"{""nominalDepth"": {""value"": 25.0, ""attributes"": {""_FillValue"": -999.0, ""units"": ""m"", ""description"": ""Nominal bottom vertical location from NAVD88"", ""long_name"": ""Bottom Elevation (NAVD88)"", ""short_name"": ""Bottom Elevation""}}, ""gaugeDepth"": {""value"": 0.0, ""attributes"": {""_FillValue"": -999.0, ""units"": ""m"", ""long_name"": ""Sensor Depth Using Pressure, relative to mean water level"", ""short_name"": ""Gauge Depth"", ""_ChunkSizes"": 7.0}}}",1800,,,Datawell Waverider buoy (Mk III),"[-75.59216666666667, 36.25866666666667]",dated_product_coordinates_nominal_not_proven_measured; conflicting_nominal_metadata,True,6936.717791386169,14349.784986403913,,,not_evaluable
COSMO_2098202,FRF:waverider-26m,waves,wavePeakDirectionPeakFrequency,75.0,degree,2021-10-13T23:00:00.000003+00:00,897.0000033378601,1.0,retrieved,True,waves__waverider-26m__5f926ab212a7/variables/wavePeakDirectionPeakFrequency/10,"{""nominalDepth"": {""value"": 25.0, ""attributes"": {""_FillValue"": -999.0, ""units"": ""m"", ""description"": ""Nominal bottom vertical location from NAVD88"", ""long_name"": ""Bottom Elevation (NAVD88)"", ""short_name"": ""Bottom Elevation""}}, ""gaugeDepth"": {""value"": 0.0, ""attributes"": {""_FillValue"": -999.0, ""units"": ""m"", ""long_name"": ""Sensor Depth Using Pressure, relative to mean water level"", ""short_name"": ""Gauge Depth"", ""_ChunkSizes"": 7.0}}}",1800,,,Datawell Waverider buoy (Mk III),"[-75.59216666666667, 36.25866666666667]",dated_product_coordinates_nominal_not_proven_measured; conflicting_nominal_metadata,True,6936.717791386169,14349.784986403913,,,not_evaluable
COSMO_2098202,FRF:waverider-26m,waves,waveMeanDirectionPeakFrequency,71.965454,degree,2021-10-13T23:00:00.000003+00:00,897.0000033378601,1.0,retrieved,True,waves__waverider-26m__5f926ab212a7/variables/waveMeanDirectionPeakFrequency/10,"{""nominalDepth"": {""value"": 25.0, ""attributes"": {""_FillValue"": -999.0, ""units"": ""m"", ""description"": ""Nominal bottom vertical location from NAVD88"", ""long_name"": ""Bottom Elevation (NAVD88)"", ""short_name"": ""Bottom Elevation""}}, ""gaugeDepth"": {""value"": 0.0, ""attributes"": {""_FillValue"": -999.0, ""units"": ""m"", ""long_name"": ""Sensor Depth Using Pressure, relative to mean water level"", ""short_name"": ""Gauge Depth"", ""_ChunkSizes"": 7.0}}}",1800,,,Datawell Waverider buoy (Mk III),"[-75.59216666666667, 36.25866666666667]",dated_product_coordinates_nominal_not_proven_measured; conflicting_nominal_metadata,True,6936.717791386169,14349.784986403913,,,not_evaluable
COSMO_2098202,FRF:waverider-26m,waves,directionalPeakSpread,23.169464,deg,2021-10-13T23:00:00.000003+00:00,897.0000033378601,1.0,retrieved,True,waves__waverider-26m__5f926ab212a7/variables/directionalPeakSpread/10,"{""nominalDepth"": {""value"": 25.0, ""attributes"": {""_FillValue"": -999.0, ""units"": ""m"", ""description"": ""Nominal bottom vertical location from NAVD88"", ""long_name"": ""Bottom Elevation (NAVD88)"", ""short_name"": ""Bottom Elevation""}}, ""gaugeDepth"": {""value"": 0.0, ""attributes"": {""_FillValue"": -999.0, ""units"": ""m"", ""long_name"": ""Sensor Depth Using Pressure, relative to mean water level"", ""short_name"": ""Gauge Depth"", ""_ChunkSizes"": 7.0}}}",1800,,,Datawell Waverider buoy (Mk III),"[-75.59216666666667, 36.25866666666667]",dated_product_coordinates_nominal_not_proven_measured; conflicting_nominal_metadata,True,6936.717791386169,14349.784986403913,,,not_evaluable
COSMO_2098202,FRF:awac-11m,waves,waveHs,1.1006101,m,2021-10-13T23:00:00.500001+00:00,897.5000007152557,1.0,retrieved,True,waves__awac-11m__ac63f1b339a0/variables/waveHs/6,"{""nominalDepth"": {""value"": 11.3, ""attributes"": {""_FillValue"": -999.0, ""units"": ""m"", ""description"": ""Nominal bottom vertical location from NAVD88"", ""long_name"": ""Bottom Elevation (NAVD88)"", ""short_name"": ""Bottom Elevation""}}}",,,,Nortek AWAC,"[-75.739155, 36.189244]",dated_product_coordinates_nominal_not_proven_measured; conflicting_nominal_metadata,True,0.0,2097.636219248632,,,not_evaluable
COSMO_2098202,FRF:awac-11m,waves,waveTp,8.316009,s,2021-10-13T23:00:00.500001+00:00,897.5000007152557,1.0,retrieved,True,waves__awac-11m__ac63f1b339a0/variables/waveTp/6,"{""nominalDepth"": {""value"": 11.3, ""attributes"": {""_FillValue"": -999.0, ""units"": ""m"", ""description"": ""Nominal bottom vertical location from NAVD88"", ""long_name"": ""Bottom Elevation (NAVD88)"", ""short_name"": ""Bottom Elevation""}}}",,,,Nortek AWAC,"[-75.739155, 36.189244]",dated_product_coordinates_nominal_not_proven_measured; conflicting_nominal_metadata,True,0.0,2097.636219248632,,,not_evaluable
COSMO_2098202,FRF:awac-11m,waves,waveTm,6.6289864,s,2021-10-13T23:00:00.500001+00:00,897.5000007152557,1.0,retrieved,True,waves__awac-11m__ac63f1b339a0/variables/waveTm/6,"{""nominalDepth"": {""value"": 11.3, ""attributes"": {""_FillValue"": -999.0, ""units"": ""m"", ""description"": ""Nominal bottom vertical location from NAVD88"", ""long_name"": ""Bottom Elevation (NAVD88)"", ""short_name"": ""Bottom Elevation""}}}",,,,Nortek AWAC,"[-75.739155, 36.189244]",dated_product_coordinates_nominal_not_proven_measured; conflicting_nominal_metadata,True,0.0,2097.636219248632,,,not_evaluable
COSMO_2098202,FRF:awac-11m,waves,waveTm1,5.3664713,s,2021-10-13T23:00:00.500001+00:00,897.5000007152557,1.0,retrieved,True,waves__awac-11m__ac63f1b339a0/variables/waveTm1/6,"{""nominalDepth"": {""value"": 11.3, ""attributes"": {""_FillValue"": -999.0, ""units"": ""m"", ""description"": ""Nominal bottom vertical location from NAVD88"", ""long_name"": ""Bottom Elevation (NAVD88)"", ""short_name"": ""Bottom Elevation""}}}",,,,Nortek AWAC,"[-75.739155, 36.189244]",dated_product_coordinates_nominal_not_proven_measured; conflicting_nominal_metadata,True,0.0,2097.636219248632,,,not_evaluable
COSMO_2098202,FRF:awac-11m,waves,waveTm2,4.7933083,s,2021-10-13T23:00:00.500001+00:00,897.5000007152557,1.0,retrieved,True,waves__awac-11m__ac63f1b339a0/variables/waveTm2/6,"{""nominalDepth"": {""value"": 11.3, ""attributes"": {""_FillValue"": -999.0, ""units"": ""m"", ""description"": ""Nominal bottom vertical location from NAVD88"", ""long_name"": ""Bottom Elevation (NAVD88)"", ""short_name"": ""Bottom Elevation""}}}",,,,Nortek AWAC,"[-75.739155, 36.189244]",dated_product_coordinates_nominal_not_proven_measured; conflicting_nominal_metadata,True,0.0,2097.636219248632,,,not_evaluable
COSMO_2098202,FRF:awac-11m,waves,wavePeakDirectionPeakFrequency,70.0,degree,2021-10-13T23:00:00.500001+00:00,897.5000007152557,1.0,retrieved,True,waves__awac-11m__ac63f1b339a0/variables/wavePeakDirectionPeakFrequency/6,"{""nominalDepth"": {""value"": 11.3, ""attributes"": {""_FillValue"": -999.0, ""units"": ""m"", ""description"": ""Nominal bottom vertical location from NAVD88"", ""long_name"": ""Bottom Elevation (NAVD88)"", ""short_name"": ""Bottom Elevation""}}}",,,,Nortek AWAC,"[-75.739155, 36.189244]",dated_product_coordinates_nominal_not_proven_measured; conflicting_nominal_metadata,True,0.0,2097.636219248632,,,not_evaluable
COSMO_2098202,FRF:awac-11m,waves,waveMeanDirectionPeakFrequency,66.50954,degree,2021-10-13T23:00:00.500001+00:00,897.5000007152557,1.0,retrieved,True,waves__awac-11m__ac63f1b339a0/variables/waveMeanDirectionPeakFrequency/6,"{""nominalDepth"": {""value"": 11.3, ""attributes"": {""_FillValue"": -999.0, ""units"": ""m"", ""description"": ""Nominal bottom vertical location from NAVD88"", ""long_name"": ""Bottom Elevation (NAVD88)"", ""short_name"": ""Bottom Elevation""}}}",,,,Nortek AWAC,"[-75.739155, 36.189244]",dated_product_coordinates_nominal_not_proven_measured; conflicting_nominal_metadata,True,0.0,2097.636219248632,,,not_evaluable
COSMO_2098202,FRF:awac-11m,waves,directionalPeakSpread,28.057314,deg,2021-10-13T23:00:00.500001+00:00,897.5000007152557,1.0,retrieved,True,waves__awac-11m__ac63f1b339a0/variables/directionalPeakSpread/6,"{""nominalDepth"": {""value"": 11.3, ""attributes"": {""_FillValue"": -999.0, ""units"": ""m"", ""description"": ""Nominal bottom vertical location from NAVD88"", ""long_name"": ""Bottom Elevation (NAVD88)"", ""short_name"": ""Bottom Elevation""}}}",,,,Nortek AWAC,"[-75.739155, 36.189244]",dated_product_coordinates_nominal_not_proven_measured; conflicting_nominal_metadata,True,0.0,2097.636219248632,,,not_evaluable
COSMO_2098202,FRF:awac-11m,currents,currentSpeed,0.24355226755142212,m s-1,2021-10-13T23:45:00.000003+00:00,3597.00000333786,1.0,retrieved,True,currents__awac-11m__1e8cc1746ef4/variables/currentSpeed/3,"{""depth"": {""value"": [-10.5, -10.25, -10.0, -9.75, -9.5, -9.25, -9.0, -8.75, -8.5, -8.25, -8.0, -7.75, -7.5, -7.25, -7.0, -6.75, -6.5, -6.25, -6.0, -5.75, -5.5, -5.25, -5.0, -4.75, -4.5, -4.25, -4.0, -3.75, -3.5, -3.25, -3.0, -2.75, -2.5, -2.25, -2.0, -1.75, -1.5, -1.25, -1.0, -0.75, -0.5, -0.25, 0.0, 0.25, 0.5, 0.75, 1.0], ""attributes"": {""_FillValue"": -999.0, ""units"": ""m"", ""short_name"": ""Cell Depths"", ""long_name"": ""Cell Depths (NAVD88)"", ""description"": ""Elevation of bin in NAVD88. Depth is to center of cell and is calculated by: depth = -xducerD + blank + (numBin * binSize)"", ""_ChunkSizes"": 47.0}}}",,,,Nortek AWAC,"[-75.739155, 36.189244]",dated_product_coordinates_nominal_not_proven_measured,False,0.0,2097.636219248632,,,not_evaluable
COSMO_2098202,FRF:awac-11m,currents,currentEast,,m s-1,2021-10-13T23:45:00.000003+00:00,3597.00000333786,1.0,retrieved,True,currents__awac-11m__1e8cc1746ef4/variables/currentEast/3,"{""depth"": {""value"": [-10.5, -10.25, -10.0, -9.75, -9.5, -9.25, -9.0, -8.75, -8.5, -8.25, -8.0, -7.75, -7.5, -7.25, -7.0, -6.75, -6.5, -6.25, -6.0, -5.75, -5.5, -5.25, -5.0, -4.75, -4.5, -4.25, -4.0, -3.75, -3.5, -3.25, -3.0, -2.75, -2.5, -2.25, -2.0, -1.75, -1.5, -1.25, -1.0, -0.75, -0.5, -0.25, 0.0, 0.25, 0.5, 0.75, 1.0], ""attributes"": {""_FillValue"": -999.0, ""units"": ""m"", ""short_name"": ""Cell Depths"", ""long_name"": ""Cell Depths (NAVD88)"", ""description"": ""Elevation of bin in NAVD88. Depth is to center of cell and is calculated by: depth = -xducerD + blank + (numBin * binSize)"", ""_ChunkSizes"": 47.0}}}",,,,Nortek AWAC,"[-75.739155, 36.189244]",dated_product_coordinates_nominal_not_proven_measured,False,0.0,2097.636219248632,,,not_evaluable
COSMO_2098202,FRF:awac-11m,currents,currentNorth,,m s-1,2021-10-13T23:45:00.000003+00:00,3597.00000333786,1.0,retrieved,True,currents__awac-11m__1e8cc1746ef4/variables/currentNorth/3,"{""depth"": {""value"": [-10.5, -10.25, -10.0, -9.75, -9.5, -9.25, -9.0, -8.75, -8.5, -8.25, -8.0, -7.75, -7.5, -7.25, -7.0, -6.75, -6.5, -6.25, -6.0, -5.75, -5.5, -5.25, -5.0, -4.75, -4.5, -4.25, -4.0, -3.75, -3.5, -3.25, -3.0, -2.75, -2.5, -2.25, -2.0, -1.75, -1.5, -1.25, -1.0, -0.75, -0.5, -0.25, 0.0, 0.25, 0.5, 0.75, 1.0], ""attributes"": {""_FillValue"": -999.0, ""units"": ""m"", ""short_name"": ""Cell Depths"", ""long_name"": ""Cell Depths (NAVD88)"", ""description"": ""Elevation of bin in NAVD88. Depth is to center of cell and is calculated by: depth = -xducerD + blank + (numBin * binSize)"", ""_ChunkSizes"": 47.0}}}",,,,Nortek AWAC,"[-75.739155, 36.189244]",dated_product_coordinates_nominal_not_proven_measured,False,0.0,2097.636219248632,,,not_evaluable
COSMO_2098202,FRF:awac-11m,currents,currentUp,,m s-1,2021-10-13T23:45:00.000003+00:00,3597.00000333786,1.0,retrieved,True,currents__awac-11m__1e8cc1746ef4/variables/currentUp/3,"{""depth"": {""value"": [-10.5, -10.25, -10.0, -9.75, -9.5, -9.25, -9.0, -8.75, -8.5, -8.25, -8.0, -7.75, -7.5, -7.25, -7.0, -6.75, -6.5, -6.25, -6.0, -5.75, -5.5, -5.25, -5.0, -4.75, -4.5, -4.25, -4.0, -3.75, -3.5, -3.25, -3.0, -2.75, -2.5, -2.25, -2.0, -1.75, -1.5, -1.25, -1.0, -0.75, -0.5, -0.25, 0.0, 0.25, 0.5, 0.75, 1.0], ""attributes"": {""_FillValue"": -999.0, ""units"": ""m"", ""short_name"": ""Cell Depths"", ""long_name"": ""Cell Depths (NAVD88)"", ""description"": ""Elevation of bin in NAVD88. Depth is to center of cell and is calculated by: depth = -xducerD + blank + (numBin * binSize)"", ""_ChunkSizes"": 47.0}}}",,,,Nortek AWAC,"[-75.739155, 36.189244]",dated_product_coordinates_nominal_not_proven_measured,False,0.0,2097.636219248632,,,not_evaluable
COSMO_2098202,FRF:derived,wind,windSpeed,6.364327,m s-1,2021-10-13T22:49:59.999999+00:00,296.9999988079071,1.0,retrieved,True,wind__derived__67e3b4f6435d/variables/windSpeed/36,"{""gaugeElevation"": {""value"": 19.64, ""attributes"": {""_FillValue"": -999.99, ""units"": ""m"", ""long_name"": ""Anemometer_elevation"", ""description"": ""Anemometer elevation above NAVD88"", ""short_name"": ""gaugeElevation"", ""_ChunkSizes"": 4462.0}}}",600,,,1,"[-75.745116, 36.183683]",dated_product_gauge_id_and_historical_nominal_table,False,0.0,2400.446794903946,,,not_evaluable
COSMO_2098202,FRF:derived,wind,windGust,7.245751,m s-1,2021-10-13T22:49:59.999999+00:00,296.9999988079071,1.0,retrieved,True,wind__derived__67e3b4f6435d/variables/windGust/36,"{""gaugeElevation"": {""value"": 19.64, ""attributes"": {""_FillValue"": -999.99, ""units"": ""m"", ""long_name"": ""Anemometer_elevation"", ""description"": ""Anemometer elevation above NAVD88"", ""short_name"": ""gaugeElevation"", ""_ChunkSizes"": 4462.0}}}",600,,,1,"[-75.745116, 36.183683]",dated_product_gauge_id_and_historical_nominal_table,False,0.0,2400.446794903946,,,not_evaluable
COSMO_2098202,FRF:derived,wind,windDirection,21.977303,degree,2021-10-13T22:49:59.999999+00:00,296.9999988079071,1.0,retrieved,True,wind__derived__67e3b4f6435d/variables/windDirection/36,"{""gaugeElevation"": {""value"": 19.64, ""attributes"": {""_FillValue"": -999.99, ""units"": ""m"", ""long_name"": ""Anemometer_elevation"", ""description"": ""Anemometer elevation above NAVD88"", ""short_name"": ""gaugeElevation"", ""_ChunkSizes"": 4462.0}}}",600,,,1,"[-75.745116, 36.183683]",dated_product_gauge_id_and_historical_nominal_table,False,0.0,2400.446794903946,,,not_evaluable
COSMO_2098202,FRF:eopNoaaTide,water_level,residualWaterLevel,0.33599999999999997,m,2021-10-13T22:47:59.999996+00:00,176.99999594688416,,qc_unknown,False,water_level__eopNoaaTide__daaa106786e8/variables/residualWaterLevel/60,{},,,,"Varies; NOAA Stilling well (float), NOAA next-gen gauge (Acoustic)","[-75.74528, 36.183639]",dated_product_coordinates_nominal_not_proven_measured,False,0.0,2414.1597935741174,,,not_evaluable
COSMO_2098202,FRF:eopNoaaTide,water_level,predictedWaterLevel,-0.284,m,2021-10-13T22:47:59.999996+00:00,176.99999594688416,,qc_unknown,False,water_level__eopNoaaTide__daaa106786e8/variables/predictedWaterLevel/60,{},,,,"Varies; NOAA Stilling well (float), NOAA next-gen gauge (Acoustic)","[-75.74528, 36.183639]",dated_product_coordinates_nominal_not_proven_measured,False,0.0,2414.1597935741174,,,not_evaluable
COSMO_2098202,FRF:eopNoaaTide,water_level,waterLevel,0.052,m,2021-10-13T22:47:59.999996+00:00,176.99999594688416,,qc_unknown,False,water_level__eopNoaaTide__daaa106786e8/variables/waterLevel/60,{},,,,"Varies; NOAA Stilling well (float), NOAA next-gen gauge (Acoustic)","[-75.74528, 36.183639]",dated_product_coordinates_nominal_not_proven_measured,False,0.0,2414.1597935741174,,,not_evaluable
COSMO_2098202,FRF:eopNoaaTide,water_level,gapGauge,2.0,,2021-10-13T22:47:59.999996+00:00,176.99999594688416,,qc_unknown,False,water_level__eopNoaaTide__daaa106786e8/variables/gapGauge/60,{},,,,"Varies; NOAA Stilling well (float), NOAA next-gen gauge (Acoustic)","[-75.74528, 36.183639]",dated_product_coordinates_nominal_not_proven_measured,False,0.0,2414.1597935741174,,,not_evaluable
TDX-1_record_11,FRF:waverider-17m,waves,waveHs,1.1081544,m,2021-10-13T23:00:00.000003+00:00,-15.668996572494507,1.0,retrieved,True,waves__waverider-17m__4e2d54ee6b11/variables/waveHs/12,"{""nominalDepth"": {""value"": 18.0, ""attributes"": {""_FillValue"": -999.0, ""units"": ""m"", ""description"": ""Nominal bottom vertical location from NAVD88"", ""long_name"": ""Bottom Elevation (NAVD88)"", ""short_name"": ""Bottom Elevation""}}, ""gaugeDepth"": {""value"": 0.0, ""attributes"": {""_FillValue"": -999.0, ""units"": ""m"", ""long_name"": ""Sensor Depth Using Pressure, relative to mean water level"", ""short_name"": ""Gauge Depth"", ""_ChunkSizes"": 10.0}}}",1800,,,Datawell Waverider buoy (Mk III),"[-75.714, 36.199666666666666]",dated_product_coordinates_nominal_not_proven_measured; conflicting_nominal_metadata,True,690.3465369030282,3706.5705150594986,,,not_evaluable
TDX-1_record_11,FRF:waverider-17m,waves,waveTp,9.546539,s,2021-10-13T23:00:00.000003+00:00,-15.668996572494507,1.0,retrieved,True,waves__waverider-17m__4e2d54ee6b11/variables/waveTp/12,"{""nominalDepth"": {""value"": 18.0, ""attributes"": {""_FillValue"": -999.0, ""units"": ""m"", ""description"": ""Nominal bottom vertical location from NAVD88"", ""long_name"": ""Bottom Elevation (NAVD88)"", ""short_name"": ""Bottom Elevation""}}, ""gaugeDepth"": {""value"": 0.0, ""attributes"": {""_FillValue"": -999.0, ""units"": ""m"", ""long_name"": ""Sensor Depth Using Pressure, relative to mean water level"", ""short_name"": ""Gauge Depth"", ""_ChunkSizes"": 10.0}}}",1800,,,Datawell Waverider buoy (Mk III),"[-75.714, 36.199666666666666]",dated_product_coordinates_nominal_not_proven_measured; conflicting_nominal_metadata,True,690.3465369030282,3706.5705150594986,,,not_evaluable
TDX-1_record_11,FRF:waverider-17m,waves,waveTm,6.7565265,s,2021-10-13T23:00:00.000003+00:00,-15.668996572494507,1.0,retrieved,True,waves__waverider-17m__4e2d54ee6b11/variables/waveTm/12,"{""nominalDepth"": {""value"": 18.0, ""attributes"": {""_FillValue"": -999.0, ""units"": ""m"", ""description"": ""Nominal bottom vertical location from NAVD88"", ""long_name"": ""Bottom Elevation (NAVD88)"", ""short_name"": ""Bottom Elevation""}}, ""gaugeDepth"": {""value"": 0.0, ""attributes"": {""_FillValue"": -999.0, ""units"": ""m"", ""long_name"": ""Sensor Depth Using Pressure, relative to mean water level"", ""short_name"": ""Gauge Depth"", ""_ChunkSizes"": 10.0}}}",1800,,,Datawell Waverider buoy (Mk III),"[-75.714, 36.199666666666666]",dated_product_coordinates_nominal_not_proven_measured; conflicting_nominal_metadata,True,690.3465369030282,3706.5705150594986,,,not_evaluable
TDX-1_record_11,FRF:waverider-17m,waves,waveTm1,5.513346,s,2021-10-13T23:00:00.000003+00:00,-15.668996572494507,1.0,retrieved,True,waves__waverider-17m__4e2d54ee6b11/variables/waveTm1/12,"{""nominalDepth"": {""value"": 18.0, ""attributes"": {""_FillValue"": -999.0, ""units"": ""m"", ""description"": ""Nominal bottom vertical location from NAVD88"", ""long_name"": ""Bottom Elevation (NAVD88)"", ""short_name"": ""Bottom Elevation""}}, ""gaugeDepth"": {""value"": 0.0, ""attributes"": {""_FillValue"": -999.0, ""units"": ""m"", ""long_name"": ""Sensor Depth Using Pressure, relative to mean water level"", ""short_name"": ""Gauge Depth"", ""_ChunkSizes"": 10.0}}}",1800,,,Datawell Waverider buoy (Mk III),"[-75.714, 36.199666666666666]",dated_product_coordinates_nominal_not_proven_measured; conflicting_nominal_metadata,True,690.3465369030282,3706.5705150594986,,,not_evaluable
TDX-1_record_11,FRF:waverider-17m,waves,waveTm2,4.91854,s,2021-10-13T23:00:00.000003+00:00,-15.668996572494507,1.0,retrieved,True,waves__waverider-17m__4e2d54ee6b11/variables/waveTm2/12,"{""nominalDepth"": {""value"": 18.0, ""attributes"": {""_FillValue"": -999.0, ""units"": ""m"", ""description"": ""Nominal bottom vertical location from NAVD88"", ""long_name"": ""Bottom Elevation (NAVD88)"", ""short_name"": ""Bottom Elevation""}}, ""gaugeDepth"": {""value"": 0.0, ""attributes"": {""_FillValue"": -999.0, ""units"": ""m"", ""long_name"": ""Sensor Depth Using Pressure, relative to mean water level"", ""short_name"": ""Gauge Depth"", ""_ChunkSizes"": 10.0}}}",1800,,,Datawell Waverider buoy (Mk III),"[-75.714, 36.199666666666666]",dated_product_coordinates_nominal_not_proven_measured; conflicting_nominal_metadata,True,690.3465369030282,3706.5705150594986,,,not_evaluable
TDX-1_record_11,FRF:waverider-17m,waves,wavePeakDirectionPeakFrequency,65.0,degree,2021-10-13T23:00:00.000003+00:00,-15.668996572494507,1.0,retrieved,True,waves__waverider-17m__4e2d54ee6b11/variables/wavePeakDirectionPeakFrequency/12,"{""nominalDepth"": {""value"": 18.0, ""attributes"": {""_FillValue"": -999.0, ""units"": ""m"", ""description"": ""Nominal bottom vertical location from NAVD88"", ""long_name"": ""Bottom Elevation (NAVD88)"", ""short_name"": ""Bottom Elevation""}}, ""gaugeDepth"": {""value"": 0.0, ""attributes"": {""_FillValue"": -999.0, ""units"": ""m"", ""long_name"": ""Sensor Depth Using Pressure, relative to mean water level"", ""short_name"": ""Gauge Depth"", ""_ChunkSizes"": 10.0}}}",1800,,,Datawell Waverider buoy (Mk III),"[-75.714, 36.199666666666666]",dated_product_coordinates_nominal_not_proven_measured; conflicting_nominal_metadata,True,690.3465369030282,3706.5705150594986,,,not_evaluable
TDX-1_record_11,FRF:waverider-17m,waves,waveMeanDirectionPeakFrequency,64.93568,degree,2021-10-13T23:00:00.000003+00:00,-15.668996572494507,1.0,retrieved,True,waves__waverider-17m__4e2d54ee6b11/variables/waveMeanDirectionPeakFrequency/12,"{""nominalDepth"": {""value"": 18.0, ""attributes"": {""_FillValue"": -999.0, ""units"": ""m"", ""description"": ""Nominal bottom vertical location from NAVD88"", ""long_name"": ""Bottom Elevation (NAVD88)"", ""short_name"": ""Bottom Elevation""}}, ""gaugeDepth"": {""value"": 0.0, ""attributes"": {""_FillValue"": -999.0, ""units"": ""m"", ""long_name"": ""Sensor Depth Using Pressure, relative to mean water level"", ""short_name"": ""Gauge Depth"", ""_ChunkSizes"": 10.0}}}",1800,,,Datawell Waverider buoy (Mk III),"[-75.714, 36.199666666666666]",dated_product_coordinates_nominal_not_proven_measured; conflicting_nominal_metadata,True,690.3465369030282,3706.5705150594986,,,not_evaluable
TDX-1_record_11,FRF:waverider-17m,waves,directionalPeakSpread,25.0523,deg,2021-10-13T23:00:00.000003+00:00,-15.668996572494507,1.0,retrieved,True,waves__waverider-17m__4e2d54ee6b11/variables/directionalPeakSpread/12,"{""nominalDepth"": {""value"": 18.0, ""attributes"": {""_FillValue"": -999.0, ""units"": ""m"", ""description"": ""Nominal bottom vertical location from NAVD88"", ""long_name"": ""Bottom Elevation (NAVD88)"", ""short_name"": ""Bottom Elevation""}}, ""gaugeDepth"": {""value"": 0.0, ""attributes"": {""_FillValue"": -999.0, ""units"": ""m"", ""long_name"": ""Sensor Depth Using Pressure, relative to mean water level"", ""short_name"": ""Gauge Depth"", ""_ChunkSizes"": 10.0}}}",1800,,,Datawell Waverider buoy (Mk III),"[-75.714, 36.199666666666666]",dated_product_coordinates_nominal_not_proven_measured; conflicting_nominal_metadata,True,690.3465369030282,3706.5705150594986,,,not_evaluable
TDX-1_record_11,FRF:8m-array,waves,waveHs,1.0385377,m,2021-10-13T23:00:00.000003+00:00,-15.668996572494507,1.0,retrieved,True,waves__8m-array__0a92a09b5a0f/variables/waveHs/6,"{""nominalDepth"": {""value"": 8.0, ""attributes"": {""_FillValue"": -999.0, ""units"": ""m"", ""description"": ""Nominal bottom vertical location from NAVD88"", ""long_name"": ""Bottom Elevation (NAVD88)"", ""short_name"": ""Bottom Elevation""}}, ""gaugeDepth"": {""value"": -999.0, ""attributes"": {""_FillValue"": -999.0, ""units"": ""m"", ""long_name"": ""Sensor Depth Using Pressure, relative to mean water level"", ""short_name"": ""Gauge Depth"", ""_ChunkSizes"": 1024.0}}}",,,,Bottom Mounted Senso-Metric Pressure Sensors,null,gross_nominal_coordinate_conflict_position_unresolved; conflicting_nominal_metadata,True,,,,,not_evaluable
TDX-1_record_11,FRF:8m-array,waves,waveTp,10.578512,s,2021-10-13T23:00:00.000003+00:00,-15.668996572494507,1.0,retrieved,True,waves__8m-array__0a92a09b5a0f/variables/waveTp/6,"{""nominalDepth"": {""value"": 8.0, ""attributes"": {""_FillValue"": -999.0, ""units"": ""m"", ""description"": ""Nominal bottom vertical location from NAVD88"", ""long_name"": ""Bottom Elevation (NAVD88)"", ""short_name"": ""Bottom Elevation""}}, ""gaugeDepth"": {""value"": -999.0, ""attributes"": {""_FillValue"": -999.0, ""units"": ""m"", ""long_name"": ""Sensor Depth Using Pressure, relative to mean water level"", ""short_name"": ""Gauge Depth"", ""_ChunkSizes"": 1024.0}}}",,,,Bottom Mounted Senso-Metric Pressure Sensors,null,gross_nominal_coordinate_conflict_position_unresolved; conflicting_nominal_metadata,True,,,,,not_evaluable
TDX-1_record_11,FRF:8m-array,waves,waveTm,7.9698343,s,2021-10-13T23:00:00.000003+00:00,-15.668996572494507,1.0,retrieved,True,waves__8m-array__0a92a09b5a0f/variables/waveTm/6,"{""nominalDepth"": {""value"": 8.0, ""attributes"": {""_FillValue"": -999.0, ""units"": ""m"", ""description"": ""Nominal bottom vertical location from NAVD88"", ""long_name"": ""Bottom Elevation (NAVD88)"", ""short_name"": ""Bottom Elevation""}}, ""gaugeDepth"": {""value"": -999.0, ""attributes"": {""_FillValue"": -999.0, ""units"": ""m"", ""long_name"": ""Sensor Depth Using Pressure, relative to mean water level"", ""short_name"": ""Gauge Depth"", ""_ChunkSizes"": 1024.0}}}",,,,Bottom Mounted Senso-Metric Pressure Sensors,null,gross_nominal_coordinate_conflict_position_unresolved; conflicting_nominal_metadata,True,,,,,not_evaluable
TDX-1_record_11,FRF:8m-array,waves,waveTm1,6.8738403,s,2021-10-13T23:00:00.000003+00:00,-15.668996572494507,1.0,retrieved,True,waves__8m-array__0a92a09b5a0f/variables/waveTm1/6,"{""nominalDepth"": {""value"": 8.0, ""attributes"": {""_FillValue"": -999.0, ""units"": ""m"", ""description"": ""Nominal bottom vertical location from NAVD88"", ""long_name"": ""Bottom Elevation (NAVD88)"", ""short_name"": ""Bottom Elevation""}}, ""gaugeDepth"": {""value"": -999.0, ""attributes"": {""_FillValue"": -999.0, ""units"": ""m"", ""long_name"": ""Sensor Depth Using Pressure, relative to mean water level"", ""short_name"": ""Gauge Depth"", ""_ChunkSizes"": 1024.0}}}",,,,Bottom Mounted Senso-Metric Pressure Sensors,null,gross_nominal_coordinate_conflict_position_unresolved; conflicting_nominal_metadata,True,,,,,not_evaluable
TDX-1_record_11,FRF:8m-array,waves,waveTm2,6.3709054,s,2021-10-13T23:00:00.000003+00:00,-15.668996572494507,1.0,retrieved,True,waves__8m-array__0a92a09b5a0f/variables/waveTm2/6,"{""nominalDepth"": {""value"": 8.0, ""attributes"": {""_FillValue"": -999.0, ""units"": ""m"", ""description"": ""Nominal bottom vertical location from NAVD88"", ""long_name"": ""Bottom Elevation (NAVD88)"", ""short_name"": ""Bottom Elevation""}}, ""gaugeDepth"": {""value"": -999.0, ""attributes"": {""_FillValue"": -999.0, ""units"": ""m"", ""long_name"": ""Sensor Depth Using Pressure, relative to mean water level"", ""short_name"": ""Gauge Depth"", ""_ChunkSizes"": 1024.0}}}",,,,Bottom Mounted Senso-Metric Pressure Sensors,null,gross_nominal_coordinate_conflict_position_unresolved; conflicting_nominal_metadata,True,,,,,not_evaluable
TDX-1_record_11,FRF:8m-array,waves,wavePeakDirectionPeakFrequency,70.0,degree,2021-10-13T23:00:00.000003+00:00,-15.668996572494507,1.0,retrieved,True,waves__8m-array__0a92a09b5a0f/variables/wavePeakDirectionPeakFrequency/6,"{""nominalDepth"": {""value"": 8.0, ""attributes"": {""_FillValue"": -999.0, ""units"": ""m"", ""description"": ""Nominal bottom vertical location from NAVD88"", ""long_name"": ""Bottom Elevation (NAVD88)"", ""short_name"": ""Bottom Elevation""}}, ""gaugeDepth"": {""value"": -999.0, ""attributes"": {""_FillValue"": -999.0, ""units"": ""m"", ""long_name"": ""Sensor Depth Using Pressure, relative to mean water level"", ""short_name"": ""Gauge Depth"", ""_ChunkSizes"": 1024.0}}}",,,,Bottom Mounted Senso-Metric Pressure Sensors,null,gross_nominal_coordinate_conflict_position_unresolved; conflicting_nominal_metadata,True,,,,,not_evaluable
TDX-1_record_11,FRF:8m-array,waves,waveMeanDirectionPeakFrequency,68.415306,degree,2021-10-13T23:00:00.000003+00:00,-15.668996572494507,1.0,retrieved,True,waves__8m-array__0a92a09b5a0f/variables/waveMeanDirectionPeakFrequency/6,"{""nominalDepth"": {""value"": 8.0, ""attributes"": {""_FillValue"": -999.0, ""units"": ""m"", ""description"": ""Nominal bottom vertical location from NAVD88"", ""long_name"": ""Bottom Elevation (NAVD88)"", ""short_name"": ""Bottom Elevation""}}, ""gaugeDepth"": {""value"": -999.0, ""attributes"": {""_FillValue"": -999.0, ""units"": ""m"", ""long_name"": ""Sensor Depth Using Pressure, relative to mean water level"", ""short_name"": ""Gauge Depth"", ""_ChunkSizes"": 1024.0}}}",,,,Bottom Mounted Senso-Metric Pressure Sensors,null,gross_nominal_coordinate_conflict_position_unresolved; conflicting_nominal_metadata,True,,,,,not_evaluable
TDX-1_record_11,FRF:8m-array,waves,directionalPeakSpread,20.201431,deg,2021-10-13T23:00:00.000003+00:00,-15.668996572494507,1.0,retrieved,True,waves__8m-array__0a92a09b5a0f/variables/directionalPeakSpread/6,"{""nominalDepth"": {""value"": 8.0, ""attributes"": {""_FillValue"": -999.0, ""units"": ""m"", ""description"": ""Nominal bottom vertical location from NAVD88"", ""long_name"": ""Bottom Elevation (NAVD88)"", ""short_name"": ""Bottom Elevation""}}, ""gaugeDepth"": {""value"": -999.0, ""attributes"": {""_FillValue"": -999.0, ""units"": ""m"", ""long_name"": ""Sensor Depth Using Pressure, relative to mean water level"", ""short_name"": ""Gauge Depth"", ""_ChunkSizes"": 1024.0}}}",,,,Bottom Mounted Senso-Metric Pressure Sensors,null,gross_nominal_coordinate_conflict_position_unresolved; conflicting_nominal_metadata,True,,,,,not_evaluable
TDX-1_record_11,FRF:waverider-26m,waves,waveHs,1.3018659,m,2021-10-13T23:00:00.000003+00:00,-15.668996572494507,1.0,retrieved,True,waves__waverider-26m__5f926ab212a7/variables/waveHs/10,"{""nominalDepth"": {""value"": 25.0, ""attributes"": {""_FillValue"": -999.0, ""units"": ""m"", ""description"": ""Nominal bottom vertical location from NAVD88"", ""long_name"": ""Bottom Elevation (NAVD88)"", ""short_name"": ""Bottom Elevation""}}, ""gaugeDepth"": {""value"": 0.0, ""attributes"": {""_FillValue"": -999.0, ""units"": ""m"", ""long_name"": ""Sensor Depth Using Pressure, relative to mean water level"", ""short_name"": ""Gauge Depth"", ""_ChunkSizes"": 7.0}}}",1800,,,Datawell Waverider buoy (Mk III),"[-75.59216666666667, 36.25866666666667]",dated_product_coordinates_nominal_not_proven_measured; conflicting_nominal_metadata,True,13339.192317030245,16467.05410271075,,,not_evaluable
TDX-1_record_11,FRF:waverider-26m,waves,waveTp,10.810811,s,2021-10-13T23:00:00.000003+00:00,-15.668996572494507,1.0,retrieved,True,waves__waverider-26m__5f926ab212a7/variables/waveTp/10,"{""nominalDepth"": {""value"": 25.0, ""attributes"": {""_FillValue"": -999.0, ""units"": ""m"", ""description"": ""Nominal bottom vertical location from NAVD88"", ""long_name"": ""Bottom Elevation (NAVD88)"", ""short_name"": ""Bottom Elevation""}}, ""gaugeDepth"": {""value"": 0.0, ""attributes"": {""_FillValue"": -999.0, ""units"": ""m"", ""long_name"": ""Sensor Depth Using Pressure, relative to mean water level"", ""short_name"": ""Gauge Depth"", ""_ChunkSizes"": 7.0}}}",1800,,,Datawell Waverider buoy (Mk III),"[-75.59216666666667, 36.25866666666667]",dated_product_coordinates_nominal_not_proven_measured; conflicting_nominal_metadata,True,13339.192317030245,16467.05410271075,,,not_evaluable
TDX-1_record_11,FRF:waverider-26m,waves,waveTm,7.396648,s,2021-10-13T23:00:00.000003+00:00,-15.668996572494507,1.0,retrieved,True,waves__waverider-26m__5f926ab212a7/variables/waveTm/10,"{""nominalDepth"": {""value"": 25.0, ""attributes"": {""_FillValue"": -999.0, ""units"": ""m"", ""description"": ""Nominal bottom vertical location from NAVD88"", ""long_name"": ""Bottom Elevation (NAVD88)"", ""short_name"": ""Bottom Elevation""}}, ""gaugeDepth"": {""value"": 0.0, ""attributes"": {""_FillValue"": -999.0, ""units"": ""m"", ""long_name"": ""Sensor Depth Using Pressure, relative to mean water level"", ""short_name"": ""Gauge Depth"", ""_ChunkSizes"": 7.0}}}",1800,,,Datawell Waverider buoy (Mk III),"[-75.59216666666667, 36.25866666666667]",dated_product_coordinates_nominal_not_proven_measured; conflicting_nominal_metadata,True,13339.192317030245,16467.05410271075,,,not_evaluable
TDX-1_record_11,FRF:waverider-26m,waves,waveTm1,5.9420295,s,2021-10-13T23:00:00.000003+00:00,-15.668996572494507,1.0,retrieved,True,waves__waverider-26m__5f926ab212a7/variables/waveTm1/10,"{""nominalDepth"": {""value"": 25.0, ""attributes"": {""_FillValue"": -999.0, ""units"": ""m"", ""description"": ""Nominal bottom vertical location from NAVD88"", ""long_name"": ""Bottom Elevation (NAVD88)"", ""short_name"": ""Bottom Elevation""}}, ""gaugeDepth"": {""value"": 0.0, ""attributes"": {""_FillValue"": -999.0, ""units"": ""m"", ""long_name"": ""Sensor Depth Using Pressure, relative to mean water level"", ""short_name"": ""Gauge Depth"", ""_ChunkSizes"": 7.0}}}",1800,,,Datawell Waverider buoy (Mk III),"[-75.59216666666667, 36.25866666666667]",dated_product_coordinates_nominal_not_proven_measured; conflicting_nominal_metadata,True,13339.192317030245,16467.05410271075,,,not_evaluable
TDX-1_record_11,FRF:waverider-26m,waves,waveTm2,5.2498794,s,2021-10-13T23:00:00.000003+00:00,-15.668996572494507,1.0,retrieved,True,waves__waverider-26m__5f926ab212a7/variables/waveTm2/10,"{""nominalDepth"": {""value"": 25.0, ""attributes"": {""_FillValue"": -999.0, ""units"": ""m"", ""description"": ""Nominal bottom vertical location from NAVD88"", ""long_name"": ""Bottom Elevation (NAVD88)"", ""short_name"": ""Bottom Elevation""}}, ""gaugeDepth"": {""value"": 0.0, ""attributes"": {""_FillValue"": -999.0, ""units"": ""m"", ""long_name"": ""Sensor Depth Using Pressure, relative to mean water level"", ""short_name"": ""Gauge Depth"", ""_ChunkSizes"": 7.0}}}",1800,,,Datawell Waverider buoy (Mk III),"[-75.59216666666667, 36.25866666666667]",dated_product_coordinates_nominal_not_proven_measured; conflicting_nominal_metadata,True,13339.192317030245,16467.05410271075,,,not_evaluable
TDX-1_record_11,FRF:waverider-26m,waves,wavePeakDirectionPeakFrequency,75.0,degree,2021-10-13T23:00:00.000003+00:00,-15.668996572494507,1.0,retrieved,True,waves__waverider-26m__5f926ab212a7/variables/wavePeakDirectionPeakFrequency/10,"{""nominalDepth"": {""value"": 25.0, ""attributes"": {""_FillValue"": -999.0, ""units"": ""m"", ""description"": ""Nominal bottom vertical location from NAVD88"", ""long_name"": ""Bottom Elevation (NAVD88)"", ""short_name"": ""Bottom Elevation""}}, ""gaugeDepth"": {""value"": 0.0, ""attributes"": {""_FillValue"": -999.0, ""units"": ""m"", ""long_name"": ""Sensor Depth Using Pressure, relative to mean water level"", ""short_name"": ""Gauge Depth"", ""_ChunkSizes"": 7.0}}}",1800,,,Datawell Waverider buoy (Mk III),"[-75.59216666666667, 36.25866666666667]",dated_product_coordinates_nominal_not_proven_measured; conflicting_nominal_metadata,True,13339.192317030245,16467.05410271075,,,not_evaluable
TDX-1_record_11,FRF:waverider-26m,waves,waveMeanDirectionPeakFrequency,71.965454,degree,2021-10-13T23:00:00.000003+00:00,-15.668996572494507,1.0,retrieved,True,waves__waverider-26m__5f926ab212a7/variables/waveMeanDirectionPeakFrequency/10,"{""nominalDepth"": {""value"": 25.0, ""attributes"": {""_FillValue"": -999.0, ""units"": ""m"", ""description"": ""Nominal bottom vertical location from NAVD88"", ""long_name"": ""Bottom Elevation (NAVD88)"", ""short_name"": ""Bottom Elevation""}}, ""gaugeDepth"": {""value"": 0.0, ""attributes"": {""_FillValue"": -999.0, ""units"": ""m"", ""long_name"": ""Sensor Depth Using Pressure, relative to mean water level"", ""short_name"": ""Gauge Depth"", ""_ChunkSizes"": 7.0}}}",1800,,,Datawell Waverider buoy (Mk III),"[-75.59216666666667, 36.25866666666667]",dated_product_coordinates_nominal_not_proven_measured; conflicting_nominal_metadata,True,13339.192317030245,16467.05410271075,,,not_evaluable
TDX-1_record_11,FRF:waverider-26m,waves,directionalPeakSpread,23.169464,deg,2021-10-13T23:00:00.000003+00:00,-15.668996572494507,1.0,retrieved,True,waves__waverider-26m__5f926ab212a7/variables/directionalPeakSpread/10,"{""nominalDepth"": {""value"": 25.0, ""attributes"": {""_FillValue"": -999.0, ""units"": ""m"", ""description"": ""Nominal bottom vertical location from NAVD88"", ""long_name"": ""Bottom Elevation (NAVD88)"", ""short_name"": ""Bottom Elevation""}}, ""gaugeDepth"": {""value"": 0.0, ""attributes"": {""_FillValue"": -999.0, ""units"": ""m"", ""long_name"": ""Sensor Depth Using Pressure, relative to mean water level"", ""short_name"": ""Gauge Depth"", ""_ChunkSizes"": 7.0}}}",1800,,,Datawell Waverider buoy (Mk III),"[-75.59216666666667, 36.25866666666667]",dated_product_coordinates_nominal_not_proven_measured; conflicting_nominal_metadata,True,13339.192317030245,16467.05410271075,,,not_evaluable
TDX-1_record_11,FRF:awac-11m,waves,waveHs,1.1006101,m,2021-10-13T23:00:00.500001+00:00,-15.168999195098877,1.0,retrieved,True,waves__awac-11m__ac63f1b339a0/variables/waveHs/6,"{""nominalDepth"": {""value"": 11.3, ""attributes"": {""_FillValue"": -999.0, ""units"": ""m"", ""description"": ""Nominal bottom vertical location from NAVD88"", ""long_name"": ""Bottom Elevation (NAVD88)"", ""short_name"": ""Bottom Elevation""}}}",,,,Nortek AWAC,"[-75.739155, 36.189244]",dated_product_coordinates_nominal_not_proven_measured; conflicting_nominal_metadata,True,0.0,1181.1393091121724,,,not_evaluable
TDX-1_record_11,FRF:awac-11m,waves,waveTp,8.316009,s,2021-10-13T23:00:00.500001+00:00,-15.168999195098877,1.0,retrieved,True,waves__awac-11m__ac63f1b339a0/variables/waveTp/6,"{""nominalDepth"": {""value"": 11.3, ""attributes"": {""_FillValue"": -999.0, ""units"": ""m"", ""description"": ""Nominal bottom vertical location from NAVD88"", ""long_name"": ""Bottom Elevation (NAVD88)"", ""short_name"": ""Bottom Elevation""}}}",,,,Nortek AWAC,"[-75.739155, 36.189244]",dated_product_coordinates_nominal_not_proven_measured; conflicting_nominal_metadata,True,0.0,1181.1393091121724,,,not_evaluable
TDX-1_record_11,FRF:awac-11m,waves,waveTm,6.6289864,s,2021-10-13T23:00:00.500001+00:00,-15.168999195098877,1.0,retrieved,True,waves__awac-11m__ac63f1b339a0/variables/waveTm/6,"{""nominalDepth"": {""value"": 11.3, ""attributes"": {""_FillValue"": -999.0, ""units"": ""m"", ""description"": ""Nominal bottom vertical location from NAVD88"", ""long_name"": ""Bottom Elevation (NAVD88)"", ""short_name"": ""Bottom Elevation""}}}",,,,Nortek AWAC,"[-75.739155, 36.189244]",dated_product_coordinates_nominal_not_proven_measured; conflicting_nominal_metadata,True,0.0,1181.1393091121724,,,not_evaluable
TDX-1_record_11,FRF:awac-11m,waves,waveTm1,5.3664713,s,2021-10-13T23:00:00.500001+00:00,-15.168999195098877,1.0,retrieved,True,waves__awac-11m__ac63f1b339a0/variables/waveTm1/6,"{""nominalDepth"": {""value"": 11.3, ""attributes"": {""_FillValue"": -999.0, ""units"": ""m"", ""description"": ""Nominal bottom vertical location from NAVD88"", ""long_name"": ""Bottom Elevation (NAVD88)"", ""short_name"": ""Bottom Elevation""}}}",,,,Nortek AWAC,"[-75.739155, 36.189244]",dated_product_coordinates_nominal_not_proven_measured; conflicting_nominal_metadata,True,0.0,1181.1393091121724,,,not_evaluable
TDX-1_record_11,FRF:awac-11m,waves,waveTm2,4.7933083,s,2021-10-13T23:00:00.500001+00:00,-15.168999195098877,1.0,retrieved,True,waves__awac-11m__ac63f1b339a0/variables/waveTm2/6,"{""nominalDepth"": {""value"": 11.3, ""attributes"": {""_FillValue"": -999.0, ""units"": ""m"", ""description"": ""Nominal bottom vertical location from NAVD88"", ""long_name"": ""Bottom Elevation (NAVD88)"", ""short_name"": ""Bottom Elevation""}}}",,,,Nortek AWAC,"[-75.739155, 36.189244]",dated_product_coordinates_nominal_not_proven_measured; conflicting_nominal_metadata,True,0.0,1181.1393091121724,,,not_evaluable
TDX-1_record_11,FRF:awac-11m,waves,wavePeakDirectionPeakFrequency,70.0,degree,2021-10-13T23:00:00.500001+00:00,-15.168999195098877,1.0,retrieved,True,waves__awac-11m__ac63f1b339a0/variables/wavePeakDirectionPeakFrequency/6,"{""nominalDepth"": {""value"": 11.3, ""attributes"": {""_FillValue"": -999.0, ""units"": ""m"", ""description"": ""Nominal bottom vertical location from NAVD88"", ""long_name"": ""Bottom Elevation (NAVD88)"", ""short_name"": ""Bottom Elevation""}}}",,,,Nortek AWAC,"[-75.739155, 36.189244]",dated_product_coordinates_nominal_not_proven_measured; conflicting_nominal_metadata,True,0.0,1181.1393091121724,,,not_evaluable
TDX-1_record_11,FRF:awac-11m,waves,waveMeanDirectionPeakFrequency,66.50954,degree,2021-10-13T23:00:00.500001+00:00,-15.168999195098877,1.0,retrieved,True,waves__awac-11m__ac63f1b339a0/variables/waveMeanDirectionPeakFrequency/6,"{""nominalDepth"": {""value"": 11.3, ""attributes"": {""_FillValue"": -999.0, ""units"": ""m"", ""description"": ""Nominal bottom vertical location from NAVD88"", ""long_name"": ""Bottom Elevation (NAVD88)"", ""short_name"": ""Bottom Elevation""}}}",,,,Nortek AWAC,"[-75.739155, 36.189244]",dated_product_coordinates_nominal_not_proven_measured; conflicting_nominal_metadata,True,0.0,1181.1393091121724,,,not_evaluable
TDX-1_record_11,FRF:awac-11m,waves,directionalPeakSpread,28.057314,deg,2021-10-13T23:00:00.500001+00:00,-15.168999195098877,1.0,retrieved,True,waves__awac-11m__ac63f1b339a0/variables/directionalPeakSpread/6,"{""nominalDepth"": {""value"": 11.3, ""attributes"": {""_FillValue"": -999.0, ""units"": ""m"", ""description"": ""Nominal bottom vertical location from NAVD88"", ""long_name"": ""Bottom Elevation (NAVD88)"", ""short_name"": ""Bottom Elevation""}}}",,,,Nortek AWAC,"[-75.739155, 36.189244]",dated_product_coordinates_nominal_not_proven_measured; conflicting_nominal_metadata,True,0.0,1181.1393091121724,,,not_evaluable
TDX-1_record_11,FRF:awac-11m,currents,currentSpeed,0.24355226755142212,m s-1,2021-10-13T23:45:00.000003+00:00,2684.3310034275055,1.0,retrieved,True,currents__awac-11m__1e8cc1746ef4/variables/currentSpeed/3,"{""depth"": {""value"": [-10.5, -10.25, -10.0, -9.75, -9.5, -9.25, -9.0, -8.75, -8.5, -8.25, -8.0, -7.75, -7.5, -7.25, -7.0, -6.75, -6.5, -6.25, -6.0, -5.75, -5.5, -5.25, -5.0, -4.75, -4.5, -4.25, -4.0, -3.75, -3.5, -3.25, -3.0, -2.75, -2.5, -2.25, -2.0, -1.75, -1.5, -1.25, -1.0, -0.75, -0.5, -0.25, 0.0, 0.25, 0.5, 0.75, 1.0], ""attributes"": {""_FillValue"": -999.0, ""units"": ""m"", ""short_name"": ""Cell Depths"", ""long_name"": ""Cell Depths (NAVD88)"", ""description"": ""Elevation of bin in NAVD88. Depth is to center of cell and is calculated by: depth = -xducerD + blank + (numBin * binSize)"", ""_ChunkSizes"": 47.0}}}",,,,Nortek AWAC,"[-75.739155, 36.189244]",dated_product_coordinates_nominal_not_proven_measured,False,0.0,1181.1393091121724,,,not_evaluable
TDX-1_record_11,FRF:awac-11m,currents,currentEast,,m s-1,2021-10-13T23:45:00.000003+00:00,2684.3310034275055,1.0,retrieved,True,currents__awac-11m__1e8cc1746ef4/variables/currentEast/3,"{""depth"": {""value"": [-10.5, -10.25, -10.0, -9.75, -9.5, -9.25, -9.0, -8.75, -8.5, -8.25, -8.0, -7.75, -7.5, -7.25, -7.0, -6.75, -6.5, -6.25, -6.0, -5.75, -5.5, -5.25, -5.0, -4.75, -4.5, -4.25, -4.0, -3.75, -3.5, -3.25, -3.0, -2.75, -2.5, -2.25, -2.0, -1.75, -1.5, -1.25, -1.0, -0.75, -0.5, -0.25, 0.0, 0.25, 0.5, 0.75, 1.0], ""attributes"": {""_FillValue"": -999.0, ""units"": ""m"", ""short_name"": ""Cell Depths"", ""long_name"": ""Cell Depths (NAVD88)"", ""description"": ""Elevation of bin in NAVD88. Depth is to center of cell and is calculated by: depth = -xducerD + blank + (numBin * binSize)"", ""_ChunkSizes"": 47.0}}}",,,,Nortek AWAC,"[-75.739155, 36.189244]",dated_product_coordinates_nominal_not_proven_measured,False,0.0,1181.1393091121724,,,not_evaluable
TDX-1_record_11,FRF:awac-11m,currents,currentNorth,,m s-1,2021-10-13T23:45:00.000003+00:00,2684.3310034275055,1.0,retrieved,True,currents__awac-11m__1e8cc1746ef4/variables/currentNorth/3,"{""depth"": {""value"": [-10.5, -10.25, -10.0, -9.75, -9.5, -9.25, -9.0, -8.75, -8.5, -8.25, -8.0, -7.75, -7.5, -7.25, -7.0, -6.75, -6.5, -6.25, -6.0, -5.75, -5.5, -5.25, -5.0, -4.75, -4.5, -4.25, -4.0, -3.75, -3.5, -3.25, -3.0, -2.75, -2.5, -2.25, -2.0, -1.75, -1.5, -1.25, -1.0, -0.75, -0.5, -0.25, 0.0, 0.25, 0.5, 0.75, 1.0], ""attributes"": {""_FillValue"": -999.0, ""units"": ""m"", ""short_name"": ""Cell Depths"", ""long_name"": ""Cell Depths (NAVD88)"", ""description"": ""Elevation of bin in NAVD88. Depth is to center of cell and is calculated by: depth = -xducerD + blank + (numBin * binSize)"", ""_ChunkSizes"": 47.0}}}",,,,Nortek AWAC,"[-75.739155, 36.189244]",dated_product_coordinates_nominal_not_proven_measured,False,0.0,1181.1393091121724,,,not_evaluable
TDX-1_record_11,FRF:awac-11m,currents,currentUp,,m s-1,2021-10-13T23:45:00.000003+00:00,2684.3310034275055,1.0,retrieved,True,currents__awac-11m__1e8cc1746ef4/variables/currentUp/3,"{""depth"": {""value"": [-10.5, -10.25, -10.0, -9.75, -9.5, -9.25, -9.0, -8.75, -8.5, -8.25, -8.0, -7.75, -7.5, -7.25, -7.0, -6.75, -6.5, -6.25, -6.0, -5.75, -5.5, -5.25, -5.0, -4.75, -4.5, -4.25, -4.0, -3.75, -3.5, -3.25, -3.0, -2.75, -2.5, -2.25, -2.0, -1.75, -1.5, -1.25, -1.0, -0.75, -0.5, -0.25, 0.0, 0.25, 0.5, 0.75, 1.0], ""attributes"": {""_FillValue"": -999.0, ""units"": ""m"", ""short_name"": ""Cell Depths"", ""long_name"": ""Cell Depths (NAVD88)"", ""description"": ""Elevation of bin in NAVD88. Depth is to center of cell and is calculated by: depth = -xducerD + blank + (numBin * binSize)"", ""_ChunkSizes"": 47.0}}}",,,,Nortek AWAC,"[-75.739155, 36.189244]",dated_product_coordinates_nominal_not_proven_measured,False,0.0,1181.1393091121724,,,not_evaluable
TDX-1_record_11,FRF:derived,wind,windSpeed,6.3533335,m s-1,2021-10-13T23:00:00.000003+00:00,-15.668996572494507,1.0,retrieved,True,wind__derived__67e3b4f6435d/variables/windSpeed/37,"{""gaugeElevation"": {""value"": 19.64, ""attributes"": {""_FillValue"": -999.99, ""units"": ""m"", ""long_name"": ""Anemometer_elevation"", ""description"": ""Anemometer elevation above NAVD88"", ""short_name"": ""gaugeElevation"", ""_ChunkSizes"": 4462.0}}}",600,,,1,"[-75.745116, 36.183683]",dated_product_gauge_id_and_historical_nominal_table,False,0.0,407.07241289368346,,,not_evaluable
TDX-1_record_11,FRF:derived,wind,windGust,7.301896,m s-1,2021-10-13T23:00:00.000003+00:00,-15.668996572494507,1.0,retrieved,True,wind__derived__67e3b4f6435d/variables/windGust/37,"{""gaugeElevation"": {""value"": 19.64, ""attributes"": {""_FillValue"": -999.99, ""units"": ""m"", ""long_name"": ""Anemometer_elevation"", ""description"": ""Anemometer elevation above NAVD88"", ""short_name"": ""gaugeElevation"", ""_ChunkSizes"": 4462.0}}}",600,,,1,"[-75.745116, 36.183683]",dated_product_gauge_id_and_historical_nominal_table,False,0.0,407.07241289368346,,,not_evaluable
TDX-1_record_11,FRF:derived,wind,windDirection,17.55954,degree,2021-10-13T23:00:00.000003+00:00,-15.668996572494507,1.0,retrieved,True,wind__derived__67e3b4f6435d/variables/windDirection/37,"{""gaugeElevation"": {""value"": 19.64, ""attributes"": {""_FillValue"": -999.99, ""units"": ""m"", ""long_name"": ""Anemometer_elevation"", ""description"": ""Anemometer elevation above NAVD88"", ""short_name"": ""gaugeElevation"", ""_ChunkSizes"": 4462.0}}}",600,,,1,"[-75.745116, 36.183683]",dated_product_gauge_id_and_historical_nominal_table,False,0.0,407.07241289368346,,,not_evaluable
TDX-1_record_11,FRF:eopNoaaTide,water_level,residualWaterLevel,0.31,m,2021-10-13T23:00:00.000003+00:00,-15.668996572494507,,qc_unknown,False,water_level__eopNoaaTide__daaa106786e8/variables/residualWaterLevel/62,{},,,,"Varies; NOAA Stilling well (float), NOAA next-gen gauge (Acoustic)","[-75.74528, 36.183639]",dated_product_coordinates_nominal_not_proven_measured,False,0.0,391.541274063765,,,not_evaluable
TDX-1_record_11,FRF:eopNoaaTide,water_level,predictedWaterLevel,-0.327,m,2021-10-13T23:00:00.000003+00:00,-15.668996572494507,,qc_unknown,False,water_level__eopNoaaTide__daaa106786e8/variables/predictedWaterLevel/62,{},,,,"Varies; NOAA Stilling well (float), NOAA next-gen gauge (Acoustic)","[-75.74528, 36.183639]",dated_product_coordinates_nominal_not_proven_measured,False,0.0,391.541274063765,,,not_evaluable
TDX-1_record_11,FRF:eopNoaaTide,water_level,waterLevel,-0.017,m,2021-10-13T23:00:00.000003+00:00,-15.668996572494507,,qc_unknown,False,water_level__eopNoaaTide__daaa106786e8/variables/waterLevel/62,{},,,,"Varies; NOAA Stilling well (float), NOAA next-gen gauge (Acoustic)","[-75.74528, 36.183639]",dated_product_coordinates_nominal_not_proven_measured,False,0.0,391.541274063765,,,not_evaluable
TDX-1_record_11,FRF:eopNoaaTide,water_level,gapGauge,2.0,,2021-10-13T23:00:00.000003+00:00,-15.668996572494507,,qc_unknown,False,water_level__eopNoaaTide__daaa106786e8/variables/gapGauge/62,{},,,,"Varies; NOAA Stilling well (float), NOAA next-gen gauge (Acoustic)","[-75.74528, 36.183639]",dated_product_coordinates_nominal_not_proven_measured,False,0.0,391.541274063765,,,not_evaluable
