acquisition_id,instrument_id,family,product,variable,role,sensor_time_utc,timestamp_original,timestamp_original_units,offset_seconds,interval_distance_seconds,observation_duration_seconds,interval_start_utc,interval_end_utc,units,value,tensor_pointer,status,within_tolerance,representative_eligible,qc_flag,valid_fraction,interpretation
COSMO_1942455,FRF:waverider-17m,waves,https://chldata.erdc.dren.mil/thredds/dodsC/frf/oceanography/waves/waverider-17m/2021/FRF-ocean_waves_waverider-17m_202106.nc,waveHs,nearest_context,2021-06-09T18:30:00.000003+00:00,1623263400.0000033,seconds since 1970-01-01 00:00:00,-1787090.3079967499,,1800,,,m,0.47502896,waves__waverider-17m/variables/waveHs/412,qc_unknown,False,False,,1.0,Significant wave height computed for spectral frquencies between 0.04 and 0.5 Hz
COSMO_1942455,FRF:waverider-17m,waves,https://chldata.erdc.dren.mil/thredds/dodsC/frf/oceanography/waves/waverider-17m/2021/FRF-ocean_waves_waverider-17m_202106.nc,waveTp,nearest_context,2021-06-09T18:30:00.000003+00:00,1623263400.0000033,seconds since 1970-01-01 00:00:00,-1787090.3079967499,,1800,,,s,8.213552,waves__waverider-17m/variables/waveTp/412,qc_unknown,False,False,,1.0,Period of a parobolic fit to the peak of the energy density spectrum using the peak and two surrounding points.  Computed for wave periods between 2 and 25 seconds
COSMO_1942455,FRF:waverider-17m,waves,https://chldata.erdc.dren.mil/thredds/dodsC/frf/oceanography/waves/waverider-17m/2021/FRF-ocean_waves_waverider-17m_202106.nc,waveTm,nearest_context,2021-06-09T18:30:00.000003+00:00,1623263400.0000033,seconds since 1970-01-01 00:00:00,-1787090.3079967499,,1800,,,s,7.0499377,waves__waverider-17m/variables/waveTm/412,qc_unknown,False,False,,1.0,Period for the mean of the energy density spectrum
COSMO_1942455,FRF:waverider-17m,waves,https://chldata.erdc.dren.mil/thredds/dodsC/frf/oceanography/waves/waverider-17m/2021/FRF-ocean_waves_waverider-17m_202106.nc,wavePeakDirectionPeakFrequency,nearest_context,2021-06-09T18:30:00.000003+00:00,1623263400.0000033,seconds since 1970-01-01 00:00:00,-1787090.3079967499,,1800,,,degree,120.0,waves__waverider-17m/variables/wavePeakDirectionPeakFrequency/412,qc_unknown,False,False,,1.0,Wave direction is from true north (MET convention)
COSMO_1942455,FRF:waverider-17m,waves,https://chldata.erdc.dren.mil/thredds/dodsC/frf/oceanography/waves/waverider-17m/2021/FRF-ocean_waves_waverider-17m_202106.nc,waveMeanDirection,nearest_context,2021-06-09T18:30:00.000003+00:00,1623263400.0000033,seconds since 1970-01-01 00:00:00,-1787090.3079967499,,1800,,,degree,124.82897,waves__waverider-17m/variables/waveMeanDirection/412,qc_unknown,False,False,,1.0,"Wave direction is from true north (MET convention), energy weighted over and computed from a1 & b1"
COSMO_1942455,FRF:waverider-17m,waves,https://chldata.erdc.dren.mil/thredds/dodsC/frf/oceanography/waves/waverider-17m/2021/FRF-ocean_waves_waverider-17m_202106.nc,directionalPeakSpread,nearest_context,2021-06-09T18:30:00.000003+00:00,1623263400.0000033,seconds since 1970-01-01 00:00:00,-1787090.3079967499,,1800,,,deg,23.318367,waves__waverider-17m/variables/directionalPeakSpread/412,qc_unknown,False,False,,1.0,Directional spread at peak frequency with cos(2*theta) circular moments
COSMO_1942455,FRF:awac-11m,waves,https://chldata.erdc.dren.mil/thredds/dodsC/frf/oceanography/waves/awac-11m/2021/FRF-ocean_waves_awac-11m_202106.nc,waveHs,nearest_context,2021-06-30T11:00:00.500001+00:00,1625050800.5000007,seconds since 1970-01-01 00:00:00,310.1920006275177,,,,,m,0.39770204,waves__awac-11m/variables/waveHs/424,qc_unknown,True,False,,1.0,Significant wave height computed for spectral frquencies between 0.04 and 0.5 Hz
COSMO_1942455,FRF:awac-11m,waves,https://chldata.erdc.dren.mil/thredds/dodsC/frf/oceanography/waves/awac-11m/2021/FRF-ocean_waves_awac-11m_202106.nc,waveTp,nearest_context,2021-06-30T11:00:00.500001+00:00,1625050800.5000007,seconds since 1970-01-01 00:00:00,310.1920006275177,,,,,s,6.6445184,waves__awac-11m/variables/waveTp/424,qc_unknown,True,False,,1.0,Period of a parobolic fit to the peak of the energy density spectrum using the peak and two surrounding points.  Computed for wave periods between 2 and 25 seconds
COSMO_1942455,FRF:awac-11m,waves,https://chldata.erdc.dren.mil/thredds/dodsC/frf/oceanography/waves/awac-11m/2021/FRF-ocean_waves_awac-11m_202106.nc,waveTm,nearest_context,2021-06-30T11:00:00.500001+00:00,1625050800.5000007,seconds since 1970-01-01 00:00:00,310.1920006275177,,,,,s,6.902499,waves__awac-11m/variables/waveTm/424,qc_unknown,True,False,,1.0,Period for the mean of the energy density spectrum
COSMO_1942455,FRF:awac-11m,waves,https://chldata.erdc.dren.mil/thredds/dodsC/frf/oceanography/waves/awac-11m/2021/FRF-ocean_waves_awac-11m_202106.nc,wavePeakDirectionPeakFrequency,nearest_context,2021-06-30T11:00:00.500001+00:00,1625050800.5000007,seconds since 1970-01-01 00:00:00,310.1920006275177,,,,,degree,85.0,waves__awac-11m/variables/wavePeakDirectionPeakFrequency/424,qc_unknown,True,False,,1.0,Wave direction is from true north (MET convention)
COSMO_1942455,FRF:awac-11m,waves,https://chldata.erdc.dren.mil/thredds/dodsC/frf/oceanography/waves/awac-11m/2021/FRF-ocean_waves_awac-11m_202106.nc,waveMeanDirection,nearest_context,2021-06-30T11:00:00.500001+00:00,1625050800.5000007,seconds since 1970-01-01 00:00:00,310.1920006275177,,,,,degree,93.75411,waves__awac-11m/variables/waveMeanDirection/424,qc_unknown,True,False,,1.0,"Wave direction is from true north (MET convention), energy weighted over and computed from a1 & b1"
COSMO_1942455,FRF:awac-11m,waves,https://chldata.erdc.dren.mil/thredds/dodsC/frf/oceanography/waves/awac-11m/2021/FRF-ocean_waves_awac-11m_202106.nc,directionalPeakSpread,nearest_context,2021-06-30T11:00:00.500001+00:00,1625050800.5000007,seconds since 1970-01-01 00:00:00,310.1920006275177,,,,,deg,34.494385,waves__awac-11m/variables/directionalPeakSpread/424,qc_unknown,True,False,,1.0,Directional spread at peak frequency with cos(2*theta) circular moments
COSMO_1942455,FRF:8m-array,waves,https://chldata.erdc.dren.mil/thredds/dodsC/frf/oceanography/waves/8m-array/2021/FRF-ocean_waves_8m-array_202106.nc,waveHs,nearest_context,2021-06-30T11:00:00.000003+00:00,1625050800.0000033,seconds since 1970-01-01 00:00:00,309.69200325012207,,,,,m,0.37088326,waves__8m-array/variables/waveHs/705,qc_unknown,True,False,,1.0,Significant wave height computed for spectral frquencies between 0.04 and 0.5 Hz
COSMO_1942455,FRF:8m-array,waves,https://chldata.erdc.dren.mil/thredds/dodsC/frf/oceanography/waves/8m-array/2021/FRF-ocean_waves_8m-array_202106.nc,waveTp,nearest_context,2021-06-30T11:00:00.000003+00:00,1625050800.0000033,seconds since 1970-01-01 00:00:00,309.69200325012207,,,,,s,7.6867642,waves__8m-array/variables/waveTp/705,qc_unknown,True,False,,1.0,Period of a parobolic fit to the peak of the energy density spectrum using the peak and two surrounding points.  Computed for wave periods between 2 and 25 seconds
COSMO_1942455,FRF:8m-array,waves,https://chldata.erdc.dren.mil/thredds/dodsC/frf/oceanography/waves/8m-array/2021/FRF-ocean_waves_8m-array_202106.nc,waveTm,nearest_context,2021-06-30T11:00:00.000003+00:00,1625050800.0000033,seconds since 1970-01-01 00:00:00,309.69200325012207,,,,,s,7.476793,waves__8m-array/variables/waveTm/705,qc_unknown,True,False,,1.0,Period for the mean of the energy density spectrum
COSMO_1942455,FRF:8m-array,waves,https://chldata.erdc.dren.mil/thredds/dodsC/frf/oceanography/waves/8m-array/2021/FRF-ocean_waves_8m-array_202106.nc,wavePeakDirectionPeakFrequency,nearest_context,2021-06-30T11:00:00.000003+00:00,1625050800.0000033,seconds since 1970-01-01 00:00:00,309.69200325012207,,,,,degree,90.0,waves__8m-array/variables/wavePeakDirectionPeakFrequency/705,qc_unknown,True,False,,1.0,Wave direction is from true north (MET convention)
COSMO_1942455,FRF:8m-array,waves,https://chldata.erdc.dren.mil/thredds/dodsC/frf/oceanography/waves/8m-array/2021/FRF-ocean_waves_8m-array_202106.nc,waveMeanDirection,nearest_context,2021-06-30T11:00:00.000003+00:00,1625050800.0000033,seconds since 1970-01-01 00:00:00,309.69200325012207,,,,,degree,89.74255,waves__8m-array/variables/waveMeanDirection/705,qc_unknown,True,False,,1.0,"Wave direction is from true north (MET convention), energy weighted over and computed from a1 & b1"
COSMO_1942455,FRF:8m-array,waves,https://chldata.erdc.dren.mil/thredds/dodsC/frf/oceanography/waves/8m-array/2021/FRF-ocean_waves_8m-array_202106.nc,directionalPeakSpread,nearest_context,2021-06-30T11:00:00.000003+00:00,1625050800.0000033,seconds since 1970-01-01 00:00:00,309.69200325012207,,,,,deg,18.379065,waves__8m-array/variables/directionalPeakSpread/705,qc_unknown,True,False,,1.0,Directional spread at peak frequency with cos(2*theta) circular moments
COSMO_1942455,FRF:waverider-26m,waves,https://chldata.erdc.dren.mil/thredds/dodsC/frf/oceanography/waves/waverider-26m/2021/FRF-ocean_waves_waverider-26m_202106.nc,waveHs,nearest_context,2021-06-30T11:00:00.000003+00:00,1625050800.0000033,seconds since 1970-01-01 00:00:00,309.69200325012207,,1800,,,m,0.5974102,waves__waverider-26m/variables/waveHs/1414,qc_unknown,True,False,,1.0,Significant wave height computed for spectral frquencies between 0.04 and 0.5 Hz
COSMO_1942455,FRF:waverider-26m,waves,https://chldata.erdc.dren.mil/thredds/dodsC/frf/oceanography/waves/waverider-26m/2021/FRF-ocean_waves_waverider-26m_202106.nc,waveTp,nearest_context,2021-06-30T11:00:00.000003+00:00,1625050800.0000033,seconds since 1970-01-01 00:00:00,309.69200325012207,,1800,,,s,6.896551,waves__waverider-26m/variables/waveTp/1414,qc_unknown,True,False,,1.0,Period of a parobolic fit to the peak of the energy density spectrum using the peak and two surrounding points.  Computed for wave periods between 2 and 25 seconds
COSMO_1942455,FRF:waverider-26m,waves,https://chldata.erdc.dren.mil/thredds/dodsC/frf/oceanography/waves/waverider-26m/2021/FRF-ocean_waves_waverider-26m_202106.nc,waveTm,nearest_context,2021-06-30T11:00:00.000003+00:00,1625050800.0000033,seconds since 1970-01-01 00:00:00,309.69200325012207,,1800,,,s,5.9389167,waves__waverider-26m/variables/waveTm/1414,qc_unknown,True,False,,1.0,Period for the mean of the energy density spectrum
COSMO_1942455,FRF:waverider-26m,waves,https://chldata.erdc.dren.mil/thredds/dodsC/frf/oceanography/waves/waverider-26m/2021/FRF-ocean_waves_waverider-26m_202106.nc,wavePeakDirectionPeakFrequency,nearest_context,2021-06-30T11:00:00.000003+00:00,1625050800.0000033,seconds since 1970-01-01 00:00:00,309.69200325012207,,1800,,,degree,120.0,waves__waverider-26m/variables/wavePeakDirectionPeakFrequency/1414,qc_unknown,True,False,,1.0,Wave direction is from true north (MET convention)
COSMO_1942455,FRF:waverider-26m,waves,https://chldata.erdc.dren.mil/thredds/dodsC/frf/oceanography/waves/waverider-26m/2021/FRF-ocean_waves_waverider-26m_202106.nc,waveMeanDirection,nearest_context,2021-06-30T11:00:00.000003+00:00,1625050800.0000033,seconds since 1970-01-01 00:00:00,309.69200325012207,,1800,,,degree,135.4636,waves__waverider-26m/variables/waveMeanDirection/1414,qc_unknown,True,False,,1.0,"Wave direction is from true north (MET convention), energy weighted over and computed from a1 & b1"
COSMO_1942455,FRF:waverider-26m,waves,https://chldata.erdc.dren.mil/thredds/dodsC/frf/oceanography/waves/waverider-26m/2021/FRF-ocean_waves_waverider-26m_202106.nc,directionalPeakSpread,nearest_context,2021-06-30T11:00:00.000003+00:00,1625050800.0000033,seconds since 1970-01-01 00:00:00,309.69200325012207,,1800,,,deg,26.537882,waves__waverider-26m/variables/directionalPeakSpread/1414,qc_unknown,True,False,,1.0,Directional spread at peak frequency with cos(2*theta) circular moments
COSMO_1942455,FRF:awac-11m,currents,https://chldata.erdc.dren.mil/thredds/dodsC/frf/oceanography/currents/awac-11m/2021/FRF-ocean_currents_awac-11m_202106.nc,cellSize,nearest_context,2021-06-30T11:45:00.000003+00:00,1625053500.0000033,seconds since 1970-01-01 00:00:00,3009.692003250122,,,,,m,,currents__awac-11m/variables/cellSize/7,missing,True,False,1.0,0.0,Bin Cell Size
COSMO_1942455,FRF:awac-11m,currents,https://chldata.erdc.dren.mil/thredds/dodsC/frf/oceanography/currents/awac-11m/2021/FRF-ocean_currents_awac-11m_202106.nc,blankDist,nearest_context,2021-06-30T11:45:00.000003+00:00,1625053500.0000033,seconds since 1970-01-01 00:00:00,3009.692003250122,,,,,m,0.4099999964237213,currents__awac-11m/variables/blankDist/7,retrieved,True,True,1.0,1.0,Blanking Distance from Gauge
COSMO_1942455,FRF:awac-11m,currents,https://chldata.erdc.dren.mil/thredds/dodsC/frf/oceanography/currents/awac-11m/2021/FRF-ocean_currents_awac-11m_202106.nc,blankDist,previous_qc,2021-06-30T09:45:00+00:00,1625046300.0,seconds since 1970-01-01 00:00:00,-4190.308000087738,,,,,m,0.4099999964237213,currents__awac-11m/variables/blankDist/6,outside_tolerance,False,False,1.0,1.0,Blanking Distance from Gauge
COSMO_1942455,FRF:awac-11m,currents,https://chldata.erdc.dren.mil/thredds/dodsC/frf/oceanography/currents/awac-11m/2021/FRF-ocean_currents_awac-11m_202106.nc,blankDist,next_qc,2021-06-30T11:45:00.000003+00:00,1625053500.0000033,seconds since 1970-01-01 00:00:00,3009.692003250122,,,,,m,0.4099999964237213,currents__awac-11m/variables/blankDist/7,retrieved,True,True,1.0,1.0,Blanking Distance from Gauge
COSMO_1942455,FRF:awac-11m,currents,https://chldata.erdc.dren.mil/thredds/dodsC/frf/oceanography/currents/awac-11m/2021/FRF-ocean_currents_awac-11m_202106.nc,blankDist,nearest_qc,2021-06-30T11:45:00.000003+00:00,1625053500.0000033,seconds since 1970-01-01 00:00:00,3009.692003250122,,,,,m,0.4099999964237213,currents__awac-11m/variables/blankDist/7,retrieved,True,True,1.0,1.0,Blanking Distance from Gauge
COSMO_1942455,FRF:awac-11m,currents,https://chldata.erdc.dren.mil/thredds/dodsC/frf/oceanography/currents/awac-11m/2021/FRF-ocean_currents_awac-11m_202106.nc,maxCell,nearest_context,2021-06-30T11:45:00.000003+00:00,1625053500.0000033,seconds since 1970-01-01 00:00:00,3009.692003250122,,,,,index,40.0,currents__awac-11m/variables/maxCell/7,retrieved,True,True,1.0,1.0,Index of Last Valid Bin
COSMO_1942455,FRF:awac-11m,currents,https://chldata.erdc.dren.mil/thredds/dodsC/frf/oceanography/currents/awac-11m/2021/FRF-ocean_currents_awac-11m_202106.nc,maxCell,previous_qc,2021-06-30T09:45:00+00:00,1625046300.0,seconds since 1970-01-01 00:00:00,-4190.308000087738,,,,,index,34.0,currents__awac-11m/variables/maxCell/6,outside_tolerance,False,False,1.0,1.0,Index of Last Valid Bin
COSMO_1942455,FRF:awac-11m,currents,https://chldata.erdc.dren.mil/thredds/dodsC/frf/oceanography/currents/awac-11m/2021/FRF-ocean_currents_awac-11m_202106.nc,maxCell,next_qc,2021-06-30T11:45:00.000003+00:00,1625053500.0000033,seconds since 1970-01-01 00:00:00,3009.692003250122,,,,,index,40.0,currents__awac-11m/variables/maxCell/7,retrieved,True,True,1.0,1.0,Index of Last Valid Bin
COSMO_1942455,FRF:awac-11m,currents,https://chldata.erdc.dren.mil/thredds/dodsC/frf/oceanography/currents/awac-11m/2021/FRF-ocean_currents_awac-11m_202106.nc,maxCell,nearest_qc,2021-06-30T11:45:00.000003+00:00,1625053500.0000033,seconds since 1970-01-01 00:00:00,3009.692003250122,,,,,index,40.0,currents__awac-11m/variables/maxCell/7,retrieved,True,True,1.0,1.0,Index of Last Valid Bin
COSMO_1942455,FRF:awac-11m,currents,https://chldata.erdc.dren.mil/thredds/dodsC/frf/oceanography/currents/awac-11m/2021/FRF-ocean_currents_awac-11m_202106.nc,aveTime,nearest_context,2021-06-30T11:45:00.000003+00:00,1625053500.0000033,seconds since 1970-01-01 00:00:00,3009.692003250122,,,,,index,900.0,currents__awac-11m/variables/aveTime/7,retrieved,True,True,1.0,1.0,Averaging Time in Seconds
COSMO_1942455,FRF:awac-11m,currents,https://chldata.erdc.dren.mil/thredds/dodsC/frf/oceanography/currents/awac-11m/2021/FRF-ocean_currents_awac-11m_202106.nc,aveTime,previous_qc,2021-06-30T09:45:00+00:00,1625046300.0,seconds since 1970-01-01 00:00:00,-4190.308000087738,,,,,index,900.0,currents__awac-11m/variables/aveTime/6,outside_tolerance,False,False,1.0,1.0,Averaging Time in Seconds
COSMO_1942455,FRF:awac-11m,currents,https://chldata.erdc.dren.mil/thredds/dodsC/frf/oceanography/currents/awac-11m/2021/FRF-ocean_currents_awac-11m_202106.nc,aveTime,next_qc,2021-06-30T11:45:00.000003+00:00,1625053500.0000033,seconds since 1970-01-01 00:00:00,3009.692003250122,,,,,index,900.0,currents__awac-11m/variables/aveTime/7,retrieved,True,True,1.0,1.0,Averaging Time in Seconds
COSMO_1942455,FRF:awac-11m,currents,https://chldata.erdc.dren.mil/thredds/dodsC/frf/oceanography/currents/awac-11m/2021/FRF-ocean_currents_awac-11m_202106.nc,aveTime,nearest_qc,2021-06-30T11:45:00.000003+00:00,1625053500.0000033,seconds since 1970-01-01 00:00:00,3009.692003250122,,,,,index,900.0,currents__awac-11m/variables/aveTime/7,retrieved,True,True,1.0,1.0,Averaging Time in Seconds
COSMO_1942455,FRF:awac-11m,currents,https://chldata.erdc.dren.mil/thredds/dodsC/frf/oceanography/currents/awac-11m/2021/FRF-ocean_currents_awac-11m_202106.nc,meanPressure,nearest_context,2021-06-30T11:45:00.000003+00:00,1625053500.0000033,seconds since 1970-01-01 00:00:00,3009.692003250122,,,,,dbar,10.704000473022461,currents__awac-11m/variables/meanPressure/7,retrieved,True,True,1.0,1.0,Mean Sea Water Pressure
COSMO_1942455,FRF:awac-11m,currents,https://chldata.erdc.dren.mil/thredds/dodsC/frf/oceanography/currents/awac-11m/2021/FRF-ocean_currents_awac-11m_202106.nc,meanPressure,previous_qc,2021-06-30T09:45:00+00:00,1625046300.0,seconds since 1970-01-01 00:00:00,-4190.308000087738,,,,,dbar,10.678000450134277,currents__awac-11m/variables/meanPressure/6,outside_tolerance,False,False,1.0,1.0,Mean Sea Water Pressure
COSMO_1942455,FRF:awac-11m,currents,https://chldata.erdc.dren.mil/thredds/dodsC/frf/oceanography/currents/awac-11m/2021/FRF-ocean_currents_awac-11m_202106.nc,meanPressure,next_qc,2021-06-30T11:45:00.000003+00:00,1625053500.0000033,seconds since 1970-01-01 00:00:00,3009.692003250122,,,,,dbar,10.704000473022461,currents__awac-11m/variables/meanPressure/7,retrieved,True,True,1.0,1.0,Mean Sea Water Pressure
COSMO_1942455,FRF:awac-11m,currents,https://chldata.erdc.dren.mil/thredds/dodsC/frf/oceanography/currents/awac-11m/2021/FRF-ocean_currents_awac-11m_202106.nc,meanPressure,nearest_qc,2021-06-30T11:45:00.000003+00:00,1625053500.0000033,seconds since 1970-01-01 00:00:00,3009.692003250122,,,,,dbar,10.704000473022461,currents__awac-11m/variables/meanPressure/7,retrieved,True,True,1.0,1.0,Mean Sea Water Pressure
COSMO_1942455,FRF:awac-11m,currents,https://chldata.erdc.dren.mil/thredds/dodsC/frf/oceanography/currents/awac-11m/2021/FRF-ocean_currents_awac-11m_202106.nc,aveE,nearest_context,2021-06-30T11:45:00.000003+00:00,1625053500.0000033,seconds since 1970-01-01 00:00:00,3009.692003250122,,,,,m s-1,0.03150507062673569,currents__awac-11m/variables/aveE/7,retrieved,True,True,1.0,1.0,Vertically Averaged Eastward Sea Water Current
COSMO_1942455,FRF:awac-11m,currents,https://chldata.erdc.dren.mil/thredds/dodsC/frf/oceanography/currents/awac-11m/2021/FRF-ocean_currents_awac-11m_202106.nc,aveE,previous_qc,2021-06-30T09:45:00+00:00,1625046300.0,seconds since 1970-01-01 00:00:00,-4190.308000087738,,,,,m s-1,-0.0019758178386837244,currents__awac-11m/variables/aveE/6,outside_tolerance,False,False,1.0,1.0,Vertically Averaged Eastward Sea Water Current
COSMO_1942455,FRF:awac-11m,currents,https://chldata.erdc.dren.mil/thredds/dodsC/frf/oceanography/currents/awac-11m/2021/FRF-ocean_currents_awac-11m_202106.nc,aveE,next_qc,2021-06-30T11:45:00.000003+00:00,1625053500.0000033,seconds since 1970-01-01 00:00:00,3009.692003250122,,,,,m s-1,0.03150507062673569,currents__awac-11m/variables/aveE/7,retrieved,True,True,1.0,1.0,Vertically Averaged Eastward Sea Water Current
COSMO_1942455,FRF:awac-11m,currents,https://chldata.erdc.dren.mil/thredds/dodsC/frf/oceanography/currents/awac-11m/2021/FRF-ocean_currents_awac-11m_202106.nc,aveE,nearest_qc,2021-06-30T11:45:00.000003+00:00,1625053500.0000033,seconds since 1970-01-01 00:00:00,3009.692003250122,,,,,m s-1,0.03150507062673569,currents__awac-11m/variables/aveE/7,retrieved,True,True,1.0,1.0,Vertically Averaged Eastward Sea Water Current
COSMO_1942455,FRF:awac-11m,currents,https://chldata.erdc.dren.mil/thredds/dodsC/frf/oceanography/currents/awac-11m/2021/FRF-ocean_currents_awac-11m_202106.nc,aveN,nearest_context,2021-06-30T11:45:00.000003+00:00,1625053500.0000033,seconds since 1970-01-01 00:00:00,3009.692003250122,,,,,m s-1,0.18550598621368408,currents__awac-11m/variables/aveN/7,retrieved,True,True,1.0,1.0,Vertically Averaged Northward Sea Water Current
COSMO_1942455,FRF:awac-11m,currents,https://chldata.erdc.dren.mil/thredds/dodsC/frf/oceanography/currents/awac-11m/2021/FRF-ocean_currents_awac-11m_202106.nc,aveN,previous_qc,2021-06-30T09:45:00+00:00,1625046300.0,seconds since 1970-01-01 00:00:00,-4190.308000087738,,,,,m s-1,0.13200470805168152,currents__awac-11m/variables/aveN/6,outside_tolerance,False,False,1.0,1.0,Vertically Averaged Northward Sea Water Current
COSMO_1942455,FRF:awac-11m,currents,https://chldata.erdc.dren.mil/thredds/dodsC/frf/oceanography/currents/awac-11m/2021/FRF-ocean_currents_awac-11m_202106.nc,aveN,next_qc,2021-06-30T11:45:00.000003+00:00,1625053500.0000033,seconds since 1970-01-01 00:00:00,3009.692003250122,,,,,m s-1,0.18550598621368408,currents__awac-11m/variables/aveN/7,retrieved,True,True,1.0,1.0,Vertically Averaged Northward Sea Water Current
COSMO_1942455,FRF:awac-11m,currents,https://chldata.erdc.dren.mil/thredds/dodsC/frf/oceanography/currents/awac-11m/2021/FRF-ocean_currents_awac-11m_202106.nc,aveN,nearest_qc,2021-06-30T11:45:00.000003+00:00,1625053500.0000033,seconds since 1970-01-01 00:00:00,3009.692003250122,,,,,m s-1,0.18550598621368408,currents__awac-11m/variables/aveN/7,retrieved,True,True,1.0,1.0,Vertically Averaged Northward Sea Water Current
COSMO_1942455,FRF:awac-11m,currents,https://chldata.erdc.dren.mil/thredds/dodsC/frf/oceanography/currents/awac-11m/2021/FRF-ocean_currents_awac-11m_202106.nc,currentSpeed,nearest_context,2021-06-30T11:45:00.000003+00:00,1625053500.0000033,seconds since 1970-01-01 00:00:00,3009.692003250122,,,,,m s-1,0.18816226720809937,currents__awac-11m/variables/currentSpeed/7,retrieved,True,True,1.0,1.0,Vertically Averaged Current Speed
COSMO_1942455,FRF:awac-11m,currents,https://chldata.erdc.dren.mil/thredds/dodsC/frf/oceanography/currents/awac-11m/2021/FRF-ocean_currents_awac-11m_202106.nc,currentSpeed,previous_qc,2021-06-30T09:45:00+00:00,1625046300.0,seconds since 1970-01-01 00:00:00,-4190.308000087738,,,,,m s-1,0.13201949000358582,currents__awac-11m/variables/currentSpeed/6,outside_tolerance,False,False,1.0,1.0,Vertically Averaged Current Speed
COSMO_1942455,FRF:awac-11m,currents,https://chldata.erdc.dren.mil/thredds/dodsC/frf/oceanography/currents/awac-11m/2021/FRF-ocean_currents_awac-11m_202106.nc,currentSpeed,next_qc,2021-06-30T11:45:00.000003+00:00,1625053500.0000033,seconds since 1970-01-01 00:00:00,3009.692003250122,,,,,m s-1,0.18816226720809937,currents__awac-11m/variables/currentSpeed/7,retrieved,True,True,1.0,1.0,Vertically Averaged Current Speed
COSMO_1942455,FRF:awac-11m,currents,https://chldata.erdc.dren.mil/thredds/dodsC/frf/oceanography/currents/awac-11m/2021/FRF-ocean_currents_awac-11m_202106.nc,currentSpeed,nearest_qc,2021-06-30T11:45:00.000003+00:00,1625053500.0000033,seconds since 1970-01-01 00:00:00,3009.692003250122,,,,,m s-1,0.18816226720809937,currents__awac-11m/variables/currentSpeed/7,retrieved,True,True,1.0,1.0,Vertically Averaged Current Speed
COSMO_1942455,FRF:awac-11m,currents,https://chldata.erdc.dren.mil/thredds/dodsC/frf/oceanography/currents/awac-11m/2021/FRF-ocean_currents_awac-11m_202106.nc,currentDirection,nearest_context,2021-06-30T11:45:00.000003+00:00,1625053500.0000033,seconds since 1970-01-01 00:00:00,3009.692003250122,,,,,degree,9.638754844665527,currents__awac-11m/variables/currentDirection/7,retrieved,True,True,1.0,1.0,Vertically Averaged Current Direction
COSMO_1942455,FRF:awac-11m,currents,https://chldata.erdc.dren.mil/thredds/dodsC/frf/oceanography/currents/awac-11m/2021/FRF-ocean_currents_awac-11m_202106.nc,currentDirection,previous_qc,2021-06-30T09:45:00+00:00,1625046300.0,seconds since 1970-01-01 00:00:00,-4190.308000087738,,,,,degree,359.1424865722656,currents__awac-11m/variables/currentDirection/6,outside_tolerance,False,False,1.0,1.0,Vertically Averaged Current Direction
COSMO_1942455,FRF:awac-11m,currents,https://chldata.erdc.dren.mil/thredds/dodsC/frf/oceanography/currents/awac-11m/2021/FRF-ocean_currents_awac-11m_202106.nc,currentDirection,next_qc,2021-06-30T11:45:00.000003+00:00,1625053500.0000033,seconds since 1970-01-01 00:00:00,3009.692003250122,,,,,degree,9.638754844665527,currents__awac-11m/variables/currentDirection/7,retrieved,True,True,1.0,1.0,Vertically Averaged Current Direction
COSMO_1942455,FRF:awac-11m,currents,https://chldata.erdc.dren.mil/thredds/dodsC/frf/oceanography/currents/awac-11m/2021/FRF-ocean_currents_awac-11m_202106.nc,currentDirection,nearest_qc,2021-06-30T11:45:00.000003+00:00,1625053500.0000033,seconds since 1970-01-01 00:00:00,3009.692003250122,,,,,degree,9.638754844665527,currents__awac-11m/variables/currentDirection/7,retrieved,True,True,1.0,1.0,Vertically Averaged Current Direction
COSMO_1942455,FRF:awac-11m,currents,https://chldata.erdc.dren.mil/thredds/dodsC/frf/oceanography/currents/awac-11m/2021/FRF-ocean_currents_awac-11m_202106.nc,currentEast,nearest_context,2021-06-30T11:45:00.000003+00:00,1625053500.0000033,seconds since 1970-01-01 00:00:00,3009.692003250122,,,,,m s-1,,currents__awac-11m/variables/currentEast/7,retrieved,True,True,1.0,1.0,Eastward current profile. Direction is towards true-E
COSMO_1942455,FRF:awac-11m,currents,https://chldata.erdc.dren.mil/thredds/dodsC/frf/oceanography/currents/awac-11m/2021/FRF-ocean_currents_awac-11m_202106.nc,currentEast,previous_qc,2021-06-30T09:45:00+00:00,1625046300.0,seconds since 1970-01-01 00:00:00,-4190.308000087738,,,,,m s-1,,currents__awac-11m/variables/currentEast/6,outside_tolerance,False,False,1.0,1.0,Eastward current profile. Direction is towards true-E
COSMO_1942455,FRF:awac-11m,currents,https://chldata.erdc.dren.mil/thredds/dodsC/frf/oceanography/currents/awac-11m/2021/FRF-ocean_currents_awac-11m_202106.nc,currentEast,next_qc,2021-06-30T11:45:00.000003+00:00,1625053500.0000033,seconds since 1970-01-01 00:00:00,3009.692003250122,,,,,m s-1,,currents__awac-11m/variables/currentEast/7,retrieved,True,True,1.0,1.0,Eastward current profile. Direction is towards true-E
COSMO_1942455,FRF:awac-11m,currents,https://chldata.erdc.dren.mil/thredds/dodsC/frf/oceanography/currents/awac-11m/2021/FRF-ocean_currents_awac-11m_202106.nc,currentEast,nearest_qc,2021-06-30T11:45:00.000003+00:00,1625053500.0000033,seconds since 1970-01-01 00:00:00,3009.692003250122,,,,,m s-1,,currents__awac-11m/variables/currentEast/7,retrieved,True,True,1.0,1.0,Eastward current profile. Direction is towards true-E
COSMO_1942455,FRF:awac-11m,currents,https://chldata.erdc.dren.mil/thredds/dodsC/frf/oceanography/currents/awac-11m/2021/FRF-ocean_currents_awac-11m_202106.nc,currentNorth,nearest_context,2021-06-30T11:45:00.000003+00:00,1625053500.0000033,seconds since 1970-01-01 00:00:00,3009.692003250122,,,,,m s-1,,currents__awac-11m/variables/currentNorth/7,retrieved,True,True,1.0,1.0,Northward current profile. Direction is towards true-N
COSMO_1942455,FRF:awac-11m,currents,https://chldata.erdc.dren.mil/thredds/dodsC/frf/oceanography/currents/awac-11m/2021/FRF-ocean_currents_awac-11m_202106.nc,currentNorth,previous_qc,2021-06-30T09:45:00+00:00,1625046300.0,seconds since 1970-01-01 00:00:00,-4190.308000087738,,,,,m s-1,,currents__awac-11m/variables/currentNorth/6,outside_tolerance,False,False,1.0,1.0,Northward current profile. Direction is towards true-N
COSMO_1942455,FRF:awac-11m,currents,https://chldata.erdc.dren.mil/thredds/dodsC/frf/oceanography/currents/awac-11m/2021/FRF-ocean_currents_awac-11m_202106.nc,currentNorth,next_qc,2021-06-30T11:45:00.000003+00:00,1625053500.0000033,seconds since 1970-01-01 00:00:00,3009.692003250122,,,,,m s-1,,currents__awac-11m/variables/currentNorth/7,retrieved,True,True,1.0,1.0,Northward current profile. Direction is towards true-N
COSMO_1942455,FRF:awac-11m,currents,https://chldata.erdc.dren.mil/thredds/dodsC/frf/oceanography/currents/awac-11m/2021/FRF-ocean_currents_awac-11m_202106.nc,currentNorth,nearest_qc,2021-06-30T11:45:00.000003+00:00,1625053500.0000033,seconds since 1970-01-01 00:00:00,3009.692003250122,,,,,m s-1,,currents__awac-11m/variables/currentNorth/7,retrieved,True,True,1.0,1.0,Northward current profile. Direction is towards true-N
COSMO_1942455,FRF:awac-11m,currents,https://chldata.erdc.dren.mil/thredds/dodsC/frf/oceanography/currents/awac-11m/2021/FRF-ocean_currents_awac-11m_202106.nc,currentUp,nearest_context,2021-06-30T11:45:00.000003+00:00,1625053500.0000033,seconds since 1970-01-01 00:00:00,3009.692003250122,,,,,m s-1,,currents__awac-11m/variables/currentUp/7,retrieved,True,True,1.0,1.0,Upward Current Profile
COSMO_1942455,FRF:awac-11m,currents,https://chldata.erdc.dren.mil/thredds/dodsC/frf/oceanography/currents/awac-11m/2021/FRF-ocean_currents_awac-11m_202106.nc,currentUp,previous_qc,2021-06-30T09:45:00+00:00,1625046300.0,seconds since 1970-01-01 00:00:00,-4190.308000087738,,,,,m s-1,,currents__awac-11m/variables/currentUp/6,outside_tolerance,False,False,1.0,1.0,Upward Current Profile
COSMO_1942455,FRF:awac-11m,currents,https://chldata.erdc.dren.mil/thredds/dodsC/frf/oceanography/currents/awac-11m/2021/FRF-ocean_currents_awac-11m_202106.nc,currentUp,next_qc,2021-06-30T11:45:00.000003+00:00,1625053500.0000033,seconds since 1970-01-01 00:00:00,3009.692003250122,,,,,m s-1,,currents__awac-11m/variables/currentUp/7,retrieved,True,True,1.0,1.0,Upward Current Profile
COSMO_1942455,FRF:awac-11m,currents,https://chldata.erdc.dren.mil/thredds/dodsC/frf/oceanography/currents/awac-11m/2021/FRF-ocean_currents_awac-11m_202106.nc,currentUp,nearest_qc,2021-06-30T11:45:00.000003+00:00,1625053500.0000033,seconds since 1970-01-01 00:00:00,3009.692003250122,,,,,m s-1,,currents__awac-11m/variables/currentUp/7,retrieved,True,True,1.0,1.0,Upward Current Profile
