phase,family,replicate,axis,separation_bins,ratio,noise_tau_s,score,valid_structure,denominator,E_early,E_mid1,E_mid2,E_late,pair_counts,truth_primary_s,ols_s,circular_s,r2,frozen_valid,relative_slope_error,B_slope_error_over_10pct,block15i_detects_B,block15i_m1_gain,block15i_amp_corr,A_slopes,control,decision,block15i_decision
calibration,A_band,0,radial,2.223,0.3,0.0,0.27347419429777386,True,0.021231498946201778,1.0646101845081306,1.8735021106180099,2.721507347213807,1.3994550383512954,61;135;195;105,,0.39972169414912045,0.40085627431076204,0.9993256107036927,True,,False,False,5.990059178584417e-05,0.09266664953820931,0.33534259;0.40000000;0.46297132,False,B,abstain
calibration,A_band,1,radial,2.223,0.3,5.0,1.5753991931386895,True,0.02125532512607873,0.28333101551893053,1.3703859071274676,2.5456516454679123,1.369245412659016,61;135;195;105,,0.39733191812935736,0.39654690853128405,0.9998407404061977,True,,False,False,0.0005888175560624376,-0.07357193554777626,0.33534259;0.40000000;0.46297132,False,abstain,abstain
calibration,A_band,2,radial,2.223,0.3,0.0,0.2619760078890806,True,0.02148476991441254,1.051065307619406,1.8278678956398964,2.6405581539133864,1.365854494952468,61;135;195;105,,0.4008526801342917,0.40243616814847843,0.999589267835555,True,,False,False,0.00013224751392504341,0.37675404619973835,0.33534259;0.40000000;0.46297132,False,B,abstain
calibration,A_band,3,radial,2.223,0.3,5.0,1.613260830231736,True,0.021437955898327785,0.2754019758430493,1.3358064686891276,2.4580119338125446,1.3822841499181995,61;135;195;105,,0.3981679338077152,0.3961809736980613,0.9985629139688105,True,,False,False,0.013635259926912169,0.17947981787147013,0.33534259;0.40000000;0.46297132,False,abstain,abstain
calibration,A_band,4,radial,2.223,0.7,0.0,0.2983010999786311,True,0.020951309845883108,1.0530463720131527,1.8636944012944487,2.7030752711368597,1.4190510451607135,61;135;195;105,,0.3996823608318468,0.399254500254369,0.9992374835178477,True,,False,False,0.0001536442717628983,0.018920057559661866,0.33534259;0.40000000;0.46297132,False,abstain,abstain
calibration,A_band,5,radial,2.223,0.7,5.0,1.5582841822738038,True,0.0210726376504976,0.27886095507262376,1.3390502659522898,2.445631980055016,1.3247744148109588,61;135;195;105,,0.4038136285412584,0.40212326714661584,0.9990672693609064,True,,False,False,0.004607727254349658,0.7102064831663545,0.33534259;0.40000000;0.46297132,False,abstain,abstain
calibration,A_band,6,radial,2.223,0.7,0.0,0.28560075593145995,True,0.021472782328724453,1.064710122703011,1.8408466729941362,2.6815095544285814,1.4166619045781657,61;135;195;105,,0.39898484878473217,0.39820918190516025,0.9991825712234315,True,,False,False,0.00034733905735884196,0.08690122772245035,0.33534259;0.40000000;0.46297132,False,abstain,abstain
calibration,A_band,7,radial,2.223,0.7,5.0,1.6633316641648748,True,0.020558290500982526,0.2726162998945785,1.3086518356565298,2.385793229396614,1.4385586816859746,61;135;195;105,,0.4024234761802187,0.40328843716499935,0.9998607166836443,True,,False,False,0.00035809199612812925,0.44530009655859626,0.33534259;0.40000000;0.46297132,False,abstain,abstain
calibration,B_static_observed,0,radial,2.223,0.3,0.0,0.20477939932974204,True,0.020401215426792366,1.076232076748998,1.7666392994112599,2.5528025986250977,1.3208104461163162,61;135;195;105,0.40000000000205155,0.39953637022371974,0.39858157781509684,0.9991636469942857,True,0.0011590744458235774,False,False,0.000232682565720288,-0.024446824335817092,0.33534259;0.40000000;0.46297132,False,B,abstain
calibration,B_static_observed,1,radial,2.223,0.3,5.0,1.521579832005627,True,0.021578682964789674,0.26497980649855246,1.211584534010816,2.253143201313028,1.2134629014807996,61;135;195;105,0.40000000000205155,0.4003006787038403,0.40008178602017164,0.9995523879216093,True,0.0007516967544679869,False,False,0.000785510664871425,-0.0913898210164453,0.33534259;0.40000000;0.46297132,False,abstain,abstain
calibration,B_static_observed,2,radial,2.223,0.3,0.0,0.19287817905203958,True,0.01980662990515538,1.103052314571084,1.7569981613112642,2.5218246910180744,1.337710201643404,61;135;195;105,0.40000000000205155,0.3966209366518314,0.3949487039627952,0.9990600125040515,True,0.008447658375507039,False,False,0.0006633186393241175,0.3471314206034675,0.33534259;0.40000000;0.46297132,False,B,abstain
calibration,B_static_observed,3,radial,2.223,0.3,5.0,1.614760048350458,True,0.019919482672503645,0.27374383796513435,1.2357484397758611,2.3793685191209026,1.37602311839515,61;135;195;105,0.40000000000205155,0.3941357665709078,0.3942569147625493,0.9994887163368263,True,0.01466058357778413,False,False,0.0005180708692087421,0.253579570522286,0.33534259;0.40000000;0.46297132,False,abstain,abstain
calibration,B_static_observed,4,radial,2.223,0.7,0.0,0.1988001494219201,True,0.02167895033234817,0.9344299876569242,1.5139528919804013,2.1531854572189495,1.1399467775461483,61;135;195;105,0.40000000000205155,0.3991634131835925,0.39707844476945664,0.9989646447812668,True,0.0020914670461369004,False,False,0.0015952578282876217,0.2254687292911974,0.33534259;0.40000000;0.46297132,False,B,abstain
calibration,B_static_observed,5,radial,2.223,0.7,5.0,1.5614251050278782,True,0.023384991926900446,0.23994544029032241,1.0998033629261763,2.0365127505484653,1.1434858857974397,61;135;195;105,0.40000000000205155,0.40695320776666327,0.4068732640322717,0.9994946123062018,True,0.017383019411440156,False,False,0.00038198072784945136,0.3554217993566216,0.33534259;0.40000000;0.46297132,False,abstain,abstain
calibration,B_static_observed,6,radial,2.223,0.7,0.0,0.21314624428172596,True,0.02262887423703572,0.9351543971198473,1.5255649564374274,2.19783506934169,1.157314935855217,61;135;195;105,0.40000000000205155,0.400945713879517,0.3984854109677094,0.9990717263320402,True,0.0023642846936514947,False,False,0.0016615585044599257,0.37850491217005344,0.33534259;0.40000000;0.46297132,False,B,abstain
calibration,B_static_observed,7,radial,2.223,0.7,5.0,1.5621120226760024,True,0.022964001275505228,0.23860851894979204,1.0694187495577268,1.9997407058264836,1.137896015350121,61;135;195;105,0.40000000000205155,0.399392905112405,0.40176727508120635,0.9993692397115227,True,0.001517737224108599,False,False,0.0032784850625856565,0.08250230265671657,0.33534259;0.40000000;0.46297132,False,abstain,abstain
calibration,B_slow_OU,0,radial,2.223,0.3,0.0,0.2298329365783628,True,0.019151130510573044,1.1237882247038522,1.8447070617944723,2.663990816373453,1.4141635960259078,61;135;195;105,0.40000000000205155,0.40152672407586004,0.4021899081091152,0.9992778035578413,True,0.0038168101845016595,False,False,0.00015538760225797255,0.10409781876011773,0.33534259;0.40000000;0.46297132,False,B,abstain
calibration,B_slow_OU,1,radial,2.223,0.3,5.0,1.501866362006077,True,0.019332949371379506,0.30271911930709045,1.2836312770481981,2.330450965992141,1.3592274129508886,61;135;195;105,0.40000000000205155,0.40203216108877765,0.3986988757250052,0.9984440497826742,True,0.005080402716789201,False,False,0.010259491276482624,0.6910405660449861,0.33534259;0.40000000;0.46297132,False,abstain,abstain
calibration,B_slow_OU,2,radial,2.223,0.3,0.0,0.22411733084152669,True,0.02117783250453451,1.0503754297131103,1.690239615403264,2.423843175496343,1.3142484524646236,61;135;195;105,0.40000000000205155,0.4005471659497254,0.3999596153748782,0.9992385611888791,True,0.0013679148691775952,False,False,7.540217844270725e-05,0.07026833537778032,0.33534259;0.40000000;0.46297132,False,B,abstain
calibration,B_slow_OU,3,radial,2.223,0.3,5.0,1.6425985622050625,True,0.019697365993537594,0.2936510964310685,1.2923570240758886,2.429312170522279,1.5177600535462432,61;135;195;105,0.40000000000205155,0.40160408034655887,0.4038918034917858,0.998791178025878,True,0.0040102008612477305,False,False,0.0006099100069880681,0.19420164752109034,0.33534259;0.40000000;0.46297132,False,abstain,abstain
calibration,B_slow_OU,4,radial,2.223,0.7,0.0,0.3698576303300536,True,0.022578796550480357,1.0528487191960443,1.8114011268430839,2.4191421935811097,1.5240285438971823,61;135;195;105,0.40000000000205155,0.40041940424074585,0.4004010765088158,0.9994275778051269,True,0.001048510596730369,False,False,0.00024116888060199404,-0.18311754471651845,0.33534259;0.40000000;0.46297132,False,abstain,abstain
calibration,B_slow_OU,5,radial,2.223,0.7,5.0,1.6475539889723287,True,0.021619136079857798,0.3101899712945859,1.2232249938231834,2.291399905510151,1.6112070690317069,61;135;195;105,0.40000000000205155,0.39363208214477924,0.3932464629981595,0.9996602446494981,True,0.015919794643099124,False,False,7.939215929908539e-05,0.015302018127085464,0.33534259;0.40000000;0.46297132,False,abstain,abstain
calibration,B_slow_OU,6,radial,2.223,0.7,0.0,0.3177469016704373,True,0.02254074260097648,1.0038427660074327,1.7306796208487027,2.5980220201319537,1.3793085227404445,61;135;195;105,0.40000000000205155,0.39850570499192717,0.398455114258159,0.999318340383036,True,0.0037357375252917904,False,False,0.00010375142603791243,0.28680515365153614,0.33534259;0.40000000;0.46297132,False,abstain,abstain
calibration,B_slow_OU,7,radial,2.223,0.7,5.0,1.5532536062200661,True,0.022830888426380116,0.3067387708731133,1.2616583894415638,2.3386738228848745,1.4499003115129012,61;135;195;105,0.40000000000205155,0.39309180620116324,0.3949543778056385,0.9990242589973325,True,0.01727048450213219,False,False,0.00824518704556132,0.050387137369523695,0.33534259;0.40000000;0.46297132,False,abstain,abstain
evaluation,A_band,0,radial,3.0,1.0,0.0,0.3101879842359249,True,0.021450199117593265,1.008696410365418,1.8273329571489303,2.671703342612808,1.3755405740680342,61;135;195;105,,0.39920965252700386,0.3989544673784801,0.9994605223107927,True,,False,False,0.00010618519690919204,0.22974483655448744,0.33534259;0.40000000;0.46297132,False,abstain,abstain
evaluation,A_band,1,radial,3.0,1.0,5.0,1.5002595674270456,True,0.020298770882118324,0.29114337551430114,1.4021201812803883,2.5929518925079953,1.305152815138207,61;135;195;105,,0.3997954062940974,0.39948405053182817,0.9996579959527145,True,,False,False,0.0004967975205572017,0.21431022291294527,0.33534259;0.40000000;0.46297132,False,abstain,abstain
evaluation,A_band,2,radial,3.0,1.0,0.0,0.28941414092925943,True,0.021719448294703708,1.0593541923365273,1.8316966127214394,2.6354719075478172,1.4149208750948288,61;135;195;105,,0.4011133558244797,0.4026956290368851,0.9991403686235447,True,,False,False,4.218648178766493e-05,0.3198187389297801,0.33534259;0.40000000;0.46297132,False,abstain,abstain
evaluation,A_band,3,radial,3.0,1.0,5.0,1.5986917757701082,True,0.02100770251988422,0.28596557382445426,1.3710282853953124,2.4684249750984755,1.4145450063716691,61;135;195;105,,0.40259075104855907,0.4030936451597707,0.9990656912118965,True,,False,False,0.0032676887779898856,-0.16769572667444974,0.33534259;0.40000000;0.46297132,False,abstain,abstain
evaluation,A_band,4,radial,3.0,1.0,0.0,0.30245769612898,True,0.021474164331823718,1.063363569493457,1.8693772497792462,2.7171514456959387,1.4389227726812872,61;135;195;105,,0.4005066081565357,0.4013349508530219,0.9993174996448412,True,,False,False,2.4976710117585732e-05,0.19064002495588045,0.33534259;0.40000000;0.46297132,False,abstain,abstain
evaluation,A_band,5,radial,3.0,1.0,5.0,1.5455747946858656,True,0.022133121186951005,0.27781644520741905,1.3687449485334355,2.596879652252758,1.3031444379193184,61;135;195;105,,0.3927531451964783,0.39268499222105846,0.9998429570611321,True,,False,False,7.613309237619603e-05,0.2923690409039974,0.33534259;0.40000000;0.46297132,False,abstain,abstain
evaluation,A_band,6,radial,3.0,1.0,0.0,0.3031332486539875,True,0.02088247680329868,1.0402083097591663,1.8556494711798501,2.7530088065230855,1.408540750271151,61;135;195;105,,0.39752397453504057,0.3979106795425634,0.9993504298254597,True,,False,False,0.00017110166017531014,0.1739278642827951,0.33534259;0.40000000;0.46297132,False,abstain,abstain
evaluation,A_band,7,radial,3.0,1.0,5.0,1.5825804277039919,True,0.021750731437685383,0.26830808790036,1.303745447443382,2.4635441840024357,1.3059895779436652,61;135;195;105,,0.395677482989921,0.39698210236905956,0.9990483603373813,True,,False,False,0.0043083212306700425,0.14078654929610998,0.33534259;0.40000000;0.46297132,False,abstain,abstain
evaluation,A_band,0,tangential,1.452,1.0,0.0,0.23149391231493494,True,0.01920899697503542,1.1311285241721918,1.861873735866521,2.656255642717142,1.4257667520611512,61;135;195;105,,0.3980598528161253,0.39828122841389796,0.9990227952201668,True,,False,False,0.00018458206952720602,0.22291040402509596,0.33534259;0.40000000;0.46297132,False,B,abstain
evaluation,A_band,1,tangential,1.452,1.0,5.0,1.5534259776941275,True,0.018922014081441663,0.2996750877290644,1.363710591755903,2.398957053391349,1.4167557087842015,61;135;195;105,,0.40001325245112856,0.396165444170229,0.9990021136016015,True,,False,False,0.008388982318480065,-0.5315483165451719,0.33534259;0.40000000;0.46297132,False,abstain,abstain
evaluation,A_band,2,tangential,1.452,1.0,0.0,0.27253400434614206,True,0.019239287460611855,1.1680328642989997,1.8985040580704624,2.6905322987632547,1.5339636793805542,61;135;195;105,,0.40087455596307736,0.4013987347082505,0.9989292593938517,True,,False,False,8.411018985232666e-05,0.1549928922217458,0.33534259;0.40000000;0.46297132,False,B,abstain
evaluation,A_band,3,tangential,1.452,1.0,5.0,1.652908632553337,True,0.020520842890035335,0.2697383005448419,1.2526965874475364,2.3439291426643614,1.4086130746373229,61;135;195;105,,0.3995522338124235,0.3997292801072271,0.9995432977364368,True,,False,False,0.0004277332328901373,-0.32573956098339346,0.33534259;0.40000000;0.46297132,False,abstain,abstain
evaluation,A_band,4,tangential,1.452,1.0,0.0,0.28344741613429,True,0.019015337617660576,1.113042027473052,1.8930377231608562,2.648722372002855,1.4777848568765832,61;135;195;105,,0.3991371052970291,0.40053096528122156,0.9988942027299259,True,,False,False,0.0002548955029112454,-0.03207303304939561,0.33534259;0.40000000;0.46297132,False,abstain,abstain
evaluation,A_band,5,tangential,1.452,1.0,5.0,1.6003220729413303,True,0.018615994230011375,0.29818345083353526,1.3390846258686775,2.4391178191593106,1.4773880504942065,61;135;195;105,,0.40098881704617684,0.4008485176284738,0.9991732682331451,True,,False,False,0.003259586629746347,0.34156880702979797,0.33534259;0.40000000;0.46297132,False,abstain,abstain
evaluation,A_band,6,tangential,1.452,1.0,0.0,0.25540149651633254,True,0.019323132892851973,1.1341670462075502,1.8278361181171192,2.5724891752606567,1.4641867926888752,61;135;195;105,,0.39685208254360055,0.39590610214419775,0.9990750615174261,True,,False,False,0.0005003826821903257,0.11660456631235958,0.33534259;0.40000000;0.46297132,False,B,abstain
evaluation,A_band,7,tangential,1.452,1.0,5.0,1.646487199395864,True,0.019161035201475538,0.2940173701454762,1.3634921704360252,2.477469828717111,1.5255740540828846,61;135;195;105,,0.4031587053724697,0.4035498692260221,0.9996968304408873,True,,False,False,0.0004613175980322515,-0.3932733491485537,0.33534259;0.40000000;0.46297132,False,abstain,abstain
evaluation,B_static_observed,0,radial,3.0,1.0,0.0,0.17790720122275178,True,0.028026422120932315,0.7898231125879187,1.2559968365658873,1.8000515494326874,0.9436130840129973,61;135;195;105,0.40000000000205155,-0.0021339592816017666,-0.0028024018774088218,0.043925154010987844,False,1.0053348982039771,True,False,0.0017477474060630938,0.12592549260857164,0.33534259;0.40000000;0.46297132,False,B,abstain
evaluation,B_static_observed,1,radial,3.0,1.0,5.0,1.4834941047912433,True,0.025946395922760414,0.2067612498283408,0.9011573467542121,1.6566510829030123,0.9114701541582356,61;135;195;105,0.40000000000205155,0.4023813991828767,0.4014274937410017,0.9983167137990889,True,0.005953497952032313,False,False,0.011312678649364138,0.8624933171714947,0.33534259;0.40000000;0.46297132,False,abstain,abstain
evaluation,B_static_observed,2,radial,3.0,1.0,0.0,0.2285927125321477,True,0.027476897992434836,0.7846755959666699,1.2807225751326796,1.8464902340265097,0.9862038635112638,61;135;195;105,0.40000000000205155,0.4006745333417691,0.40380020370985065,0.9990170622635118,True,0.0016863333492852625,False,False,0.0048191253694559455,-0.3665636199879481,0.33534259;0.40000000;0.46297132,False,B,abstain
evaluation,B_static_observed,3,radial,3.0,1.0,5.0,1.53644244959282,True,0.027099990970854,0.19855998939785516,0.915933011872459,1.7534762480412394,0.9229118421588064,61;135;195;105,0.40000000000205155,0.3924855022056334,0.39678130886075325,0.9981277927371318,True,0.018786244490949053,False,False,0.013530571514534295,0.4565344131022208,0.33534259;0.40000000;0.46297132,False,abstain,abstain
evaluation,B_static_observed,4,radial,3.0,1.0,0.0,0.2026611612521722,True,0.027698053746049514,0.8033199129812248,1.2649360582432274,1.8162327845561692,0.9837917053569321,61;135;195;105,0.40000000000205155,-0.0005783623414302669,-0.0008480680951755189,0.0028256278350614616,False,1.0014459058535683,True,False,0.0011823806965005623,-0.4313613767683861,0.33534259;0.40000000;0.46297132,False,B,abstain
evaluation,B_static_observed,5,radial,3.0,1.0,5.0,1.486192270747973,True,0.02565949346860127,0.2159526229951717,0.9628219573626059,1.8167619715779004,0.9545607780262285,61;135;195;105,0.40000000000205155,0.3968995288189125,0.3970369961362666,0.9996767407362752,True,0.007751177957807878,False,False,0.0010942161370479653,-0.17027936959405726,0.33534259;0.40000000;0.46297132,False,abstain,abstain
evaluation,B_static_observed,6,radial,3.0,1.0,0.0,0.22749356275869378,True,0.027726078248250137,0.8107986240952353,1.3000717827870154,1.88107794560889,1.0179166121668217,61;135;195;105,0.40000000000205155,0.39920203622328904,0.3999565089218796,0.9989026380074488,True,0.001994909446896047,False,False,0.0014034202201623769,0.1273295717504453,0.33534259;0.40000000;0.46297132,False,B,abstain
evaluation,B_static_observed,7,radial,3.0,1.0,5.0,1.6285881664290531,True,0.02814409028886014,0.19528635152948243,0.9025597041704939,1.7675762065953289,0.9953108667207903,61;135;195;105,0.40000000000205155,0.39137924294972204,0.3946744620169251,0.9987736123039053,True,0.021551892630713235,False,False,0.009906619946567607,-0.25928434663826533,0.33534259;0.40000000;0.46297132,False,abstain,abstain
evaluation,B_static_observed,0,tangential,1.452,1.0,0.0,0.20737213616440323,True,0.027990087208090465,0.7868906815484777,1.2541198200712895,1.8095177252754904,0.9682220676138801,61;135;195;105,0.40000000000205155,0.40064678208040144,0.39568792277712844,0.99702409323085,True,0.0016169551958664433,False,False,0.015068604054767731,0.21978026367825051,0.33534259;0.40000000;0.46297132,False,B,abstain
evaluation,B_static_observed,1,tangential,1.452,1.0,5.0,1.5416622909468412,True,0.029835373944961704,0.18524777204629841,0.8358864171769901,1.5740879104448782,0.8655425435675814,61;135;195;105,0.40000000000205155,0.3975332378649001,0.38718251663245945,0.9929602245953886,True,0.006166905342847041,False,False,0.03940801945192096,0.28150774543435086,0.33534259;0.40000000;0.46297132,False,abstain,abstain
evaluation,B_static_observed,2,tangential,1.452,1.0,0.0,0.207794081658059,True,0.028059071821390412,0.7863401864283939,1.2213394790096674,1.7683394120132094,0.9679530534651468,61;135;195;105,0.40000000000205155,0.39766560194759726,0.39228680184012693,0.9958240019291242,True,0.0058359951361057925,False,False,0.021012017783670345,0.4252982383767771,0.33534259;0.40000000;0.46297132,False,B,abstain
evaluation,B_static_observed,3,tangential,1.452,1.0,5.0,1.5512487223080484,True,0.028100331926879232,0.19807046537644682,0.8904926374485539,1.6525004758864033,0.9343691310696985,61;135;195;105,0.40000000000205155,0.4007495068279069,0.3951047864459528,0.9953871690780938,True,0.0018737670646287383,False,False,0.024664364302177555,0.7899070515931812,0.33534259;0.40000000;0.46297132,False,abstain,abstain
evaluation,B_static_observed,4,tangential,1.452,1.0,0.0,0.21076727374580986,True,0.02910616933305161,0.7466658666861377,1.1985576086384175,1.7321612540758244,0.9218523396650149,61;135;195;105,0.40000000000205155,0.3995561250050844,0.3940043456950296,0.9970811234376316,True,0.0011096874924121354,False,False,0.013316005656939356,0.4092247107221887,0.33534259;0.40000000;0.46297132,False,B,abstain
evaluation,B_static_observed,5,tangential,1.452,1.0,5.0,1.5241631021002127,True,0.027407158384187585,0.19963760577730913,0.8699614874269278,1.6114618001579986,0.9165960419962608,61;135;195;105,0.40000000000205155,0.40043287278553225,0.3974662850150088,0.9976931681528421,True,0.001082181958696194,False,False,0.01102265165558547,0.010868466594052944,0.33534259;0.40000000;0.46297132,False,abstain,abstain
evaluation,B_static_observed,6,tangential,1.452,1.0,0.0,0.2245592592994116,True,0.029385424400196744,0.7533397047013947,1.2127784289251462,1.7380172239100846,0.9430087112824622,61;135;195;105,0.40000000000205155,0.39866138086543496,0.3940724871459057,0.996652287300716,True,0.0033465478415243164,False,False,0.017505730659004848,0.23539733414969996,0.33534259;0.40000000;0.46297132,False,B,abstain
evaluation,B_static_observed,7,tangential,1.452,1.0,5.0,1.5345725286860636,True,0.03053483377738243,0.1803718321819307,0.811494260132596,1.5561689721695224,0.836806602306316,61;135;195;105,0.40000000000205155,0.3932451808597268,0.38710836107359703,0.9975782795485049,True,0.016887047855725215,False,False,0.014188835990005089,-0.0678290671196985,0.33534259;0.40000000;0.46297132,False,abstain,abstain
evaluation,B_slow_OU,0,radial,3.0,1.0,0.0,0.4058657004937719,True,0.03177698366962467,0.795388216928823,1.3189337328193294,1.8668375286285457,1.1935603608304755,61;135;195;105,0.40000000000205155,-0.04176803491692858,-0.035087253012179645,0.21001410931479314,False,1.104420087291786,True,False,0.001891596638892934,0.7138279029971265,0.33534259;0.40000000;0.46297132,False,abstain,abstain
evaluation,B_slow_OU,1,radial,3.0,1.0,5.0,1.5641100256850327,True,0.021935296205065943,0.3635783941577612,1.3875902822282609,2.4961157758683865,1.7373304052998986,61;135;195;105,0.40000000000205155,0.39382974543312416,0.39388962281345513,0.9997258800782812,True,0.015425636422239363,False,False,0.00015347307041824187,-0.42018670656399987,0.33534259;0.40000000;0.46297132,False,abstain,abstain
evaluation,B_slow_OU,2,radial,3.0,1.0,0.0,0.3738811391534842,True,0.02667431869984488,0.9377743111112765,1.5809437917605054,2.4912759424983384,1.3629277915652416,61;135;195;105,0.40000000000205155,0.17528305415146497,0.056343712496350604,0.4985909240560559,False,0.5617923646235851,True,False,0.000708940192593599,0.736291423430504,0.33534259;0.40000000;0.46297132,False,abstain,abstain
evaluation,B_slow_OU,3,radial,3.0,1.0,5.0,1.6623524885864227,True,0.02539702983737061,0.32919204877643043,1.274597207928103,2.3637893980239713,1.735401024872424,61;135;195;105,0.40000000000205155,0.3931373991928977,0.39272126263960366,0.999763855508721,True,0.017156502022796637,False,False,5.849474655661435e-05,0.5181757396115287,0.33534259;0.40000000;0.46297132,False,abstain,abstain
evaluation,B_slow_OU,4,radial,3.0,1.0,0.0,0.5824432681242614,True,0.02906724997075953,0.878264294380807,1.7089233258803198,2.8843312285891267,1.572451011954637,61;135;195;105,0.40000000000205155,-0.25983351824782863,-0.1272908913756586,0.7797058540146076,False,1.64958379561624,True,False,0.0010133033696674287,0.8654888956602109,0.33534259;0.40000000;0.46297132,False,abstain,abstain
evaluation,B_slow_OU,5,radial,3.0,1.0,5.0,1.5240645309310474,True,0.03007538821383636,0.30649217382720184,1.1780130729017877,1.9330499665594658,1.4070586658925355,61;135;195;105,0.40000000000205155,-0.12729511361274778,-0.10553522545575188,0.4350186815627858,False,1.3182377840302373,True,False,0.00015914363235569606,0.5419551558595939,0.33534259;0.40000000;0.46297132,False,abstain,abstain
evaluation,B_slow_OU,6,radial,3.0,1.0,0.0,0.5955112178236758,True,0.02826941638256584,0.9927511237615931,1.7565419023826263,2.316226571789867,1.8008088783444813,61;135;195;105,0.40000000000205155,-0.19669350816731754,0.0626852024029396,0.4001804276154498,False,1.4917337704157718,True,False,0.002244571803443618,0.7823274046489671,0.33534259;0.40000000;0.46297132,False,abstain,abstain
evaluation,B_slow_OU,7,radial,3.0,1.0,5.0,1.6414900670746084,True,0.025988060460850025,0.36627588259600813,1.4970766706496161,2.895931148499818,1.8910299261714363,61;135;195;105,0.40000000000205155,-0.3853934595607357,-0.40834982216418025,0.8993642067468312,False,1.9634836488968974,True,False,0.0010924693312587275,0.8006621102938056,0.33534259;0.40000000;0.46297132,False,abstain,abstain
evaluation,B_slow_OU,0,tangential,1.452,1.0,0.0,0.5641175396566115,True,0.02300065078072637,1.0891252568221588,1.8789991677746556,2.6920657347121115,1.914568741541593,61;135;195;105,0.40000000000205155,0.4079402825454281,0.4090645438985789,0.9965086343967374,True,0.019850706358339517,False,False,0.0007736800062242422,-0.29536326072359553,0.33534259;0.40000000;0.46297132,False,abstain,abstain
evaluation,B_slow_OU,1,tangential,1.452,1.0,5.0,1.5935089314665747,True,0.02523565283900482,0.3583329920604313,1.2359238013522655,2.0757818048983734,1.7633516629013255,61;135;195;105,0.40000000000205155,0.42023334763228826,0.41840569766288815,0.9968303030246096,True,0.050583369075332334,False,False,0.006034116620673657,-0.3114626901233991,0.33534259;0.40000000;0.46297132,False,abstain,abstain
evaluation,B_slow_OU,2,tangential,1.452,1.0,0.0,0.4463209552277813,True,0.02549842303064035,0.9997710236748791,1.6743427962822848,2.304035025112768,1.562195107961987,61;135;195;105,0.40000000000205155,0.4026555281682418,0.39936635514527236,0.99703626641873,True,0.006638820415441566,False,False,0.008487554076840986,0.3330308273980494,0.33534259;0.40000000;0.46297132,False,abstain,abstain
evaluation,B_slow_OU,3,tangential,1.452,1.0,5.0,1.2078192604062798,True,0.02434416180798629,0.38931427247692585,1.2753837298092554,2.1558470976717947,1.3027154547320436,61;135;195;105,0.40000000000205155,0.3960359591666028,0.39150440900601513,0.997890533256182,True,0.009910102088571092,False,False,0.0072724500812595405,-0.3027492662031165,0.33534259;0.40000000;0.46297132,False,abstain,abstain
evaluation,B_slow_OU,4,tangential,1.452,1.0,0.0,0.5878791191057778,True,0.03150448711578499,0.8159943937531853,1.5009327892475302,2.3954937899247666,1.4689257108347296,61;135;195;105,0.40000000000205155,0.39482018159138516,0.399324460241638,0.9937613089422791,True,0.012949546026599564,False,False,0.01588022547925083,0.36694903016533853,0.33534259;0.40000000;0.46297132,False,abstain,abstain
evaluation,B_slow_OU,5,tangential,1.452,1.0,5.0,1.452501592115075,True,0.028509723190172337,0.3157041005479446,1.1292736075869587,1.9801624518353462,1.3492537979343577,61;135;195;105,0.40000000000205155,0.3952131368098697,0.3922052843684825,0.9955620044621432,True,0.011967157980393262,False,False,0.01698438390414625,0.26016001013217094,0.33534259;0.40000000;0.46297132,False,abstain,abstain
evaluation,B_slow_OU,6,tangential,1.452,1.0,0.0,0.3762996038121296,True,0.021873414080956572,1.1366353104920255,1.947513029159257,2.7527884945009413,1.6559452933182484,61;135;195;105,0.40000000000205155,0.3964035907975631,0.39587777960899867,0.9971335246206416,True,0.008991023011175008,False,False,0.004982472197361809,0.5154530173762022,0.33534259;0.40000000;0.46297132,False,abstain,abstain
evaluation,B_slow_OU,7,tangential,1.452,1.0,5.0,2.2637428681317338,True,0.03917170433003178,0.2071430961436842,0.904132722604812,1.9806808783393655,1.992514540567084,61;135;195;105,0.40000000000205155,0.37838271888459524,0.37319722876845396,0.996394537724912,True,0.054043202793363596,False,False,0.0028738671029390206,0.5183916033780338,0.33534259;0.40000000;0.46297132,False,abstain,abstain
control,plane,99,radial,2.223,0.7,5.0,1.616815833606016,True,0.018987801672797993,0.28989644159412276,1.3008183408889171,2.4562451999701915,1.460215920995789,61;135;195;105,0.40000000000205155,0.40347632592845867,0.40367614960923665,0.9998449850087584,True,0.008690814815973226,False,False,0.000741400810980064,0.5788753713656378,0.33534259;0.40000000;0.46297132,True,abstain,abstain
control,null_contaminant,99,radial,2.223,0.7,5.0,1.548316989542602,True,0.01791429577812719,0.30142884609212567,1.367562298715691,2.5412355940408964,1.4177848647002393,61;135;195;105,0.40000000000205155,0.3967183308994196,0.39665551959294587,0.9993412203893289,True,0.008204172756537786,False,False,0.005403895549982662,0.21627962856421704,0.33534259;0.40000000;0.46297132,True,abstain,abstain
control,constant_observed_offset,99,radial,2.223,0.7,5.0,1.611991670382469,True,0.022518303712335055,0.2409836966901889,1.0548940953481076,2.035576027283102,1.2079994859981231,61;135;195;105,0.40000000000205155,0.4002410470985501,0.3997165692766618,0.9992144389046489,True,0.0006026177412432233,False,False,0.0041650381869784425,0.5341802747401293,0.33534259;0.40000000;0.46297132,True,abstain,abstain
control,B_slow_OU,99,radial,2.223,0.7,5.0,1.507294260611046,True,0.02406342507848224,0.3056611085448861,1.2517877811371259,2.2841903403776045,1.3799068286894611,61;135;195;105,0.40000000000205155,0.40657574314205613,0.4063636586420691,0.9997666106287031,True,0.01643935784992715,False,False,2.7431873884431468e-05,0.0881867580574123,0.33534259;0.40000000;0.46297132,True,abstain,abstain
