row,col,offset_row,offset_col,distance_bins,window_overlap_to_peak,amplitude_correlation_to_peak,residual_correlation_to_peak,peak_relative_phase_resultant,signed_slope_rad_s,slope_difference_to_peak,endpoint_msc,min_adjacent_msc
127,59,-6,-6,8.48528137423857,0.0026507485593162527,0.11712029307232809,0.141617706510559,0.16234042521775097,0.7142145916079322,0.3021489424048132,0.25712304141046166,0.06874578278033773
127,60,-6,-5,7.810249675906654,0.002973954376657605,0.3400047883166118,0.3395498734311015,0.3425284292139719,0.4116379892182249,-0.00042765998489407986,0.3916973653836118,0.08120431481523745
127,61,-6,-4,7.211102550927978,0.0032572610490744468,0.3653393998319208,-0.3367557920138919,0.24538657540400055,0.6192246476491949,0.20715899844607594,0.06984809046806649,0.054344754125104415
127,62,-6,-3,6.708203932499369,0.003489927979623903,0.5965482059191013,-0.2189050801209384,0.35351547955405094,0.519331245122073,0.10726559591895396,0.05331314212440818,0.5001903260945827
127,63,-6,-2,6.324555320336759,0.0036629670460073074,0.7546788542178197,-0.30204650720243564,0.561420514589466,0.4952590841343447,0.08319343493122572,0.008523180517731141,0.36056315935041716
127,64,-6,-1,6.082762530298219,0.0037696031495978144,0.24708763904161213,-0.3057423729662186,0.7944752099119317,0.7813670445154879,0.3693013953123689,0.025236662436993886,0.3104648772199847
127,65,-6,0,6.0,0.05079140553482756,0.7885400714273831,0.05947713687316426,0.8019147893934753,0.48201947617138524,0.06995382696826624,0.03965616512126895,0.3420364522415067
127,66,-6,1,6.082762530298219,0.003769603149597811,0.7126019258972388,0.13578338482905097,0.5937327760543605,0.46638266232350845,0.054317013120389446,0.06967795490398457,0.011677920308825918
127,67,-6,2,6.324555320336759,0.0036629670460073074,0.4142302793007556,-0.15169488522732644,0.4441889762395307,0.6670281598716202,0.25496251066850123,0.04174155551004461,0.03549523401106815
127,68,-6,3,6.708203932499369,0.0034899279796239044,0.3591558407925833,-0.1698215035308458,0.19711025232561744,0.31387900972216265,-0.09818663948095635,0.13252395488914848,0.022986958216445297
127,69,-6,4,7.211102550927978,0.0032572610490744554,0.044877020935321914,0.5205692624149,0.4610787097265635,-0.03983834619331659,-0.4519039953964356,0.1566638304689293,0.005984671923782467
127,70,-6,5,7.810249675906654,0.0029739543766576127,0.5765930279553085,-0.819338258730681,0.16169657753719957,0.32945319513423543,-0.08261245406888357,0.13471648451063847,0.006054835006398263
127,71,-6,6,8.48528137423857,0.0026507485593162557,0.31866104600824813,0.49109160158796783,0.1222249952749607,-0.40775829532812774,-0.8198239445312467,0.12962524015771634,0.01215475541066527
128,59,-5,-6,7.810249675906654,0.002939036283821575,0.6399294169990017,0.30372029007103535,0.21879698745436885,0.737107911266455,0.32504226206333603,0.18732879338435068,0.0035165127527986995
128,60,-5,-5,7.0710678118654755,0.0032973930283607534,0.22627443412924336,0.44955334319591034,0.4142556678130204,-0.3980416382107327,-0.8101072874138517,0.35835552356639316,0.015507182316642287
128,61,-5,-4,6.4031242374328485,0.003611511312705547,0.098059703488037,-0.032641833161439114,0.09213728514966958,0.6526421557064997,0.24057650650338075,0.02052044933079935,0.12816491910957756
128,62,-5,-3,5.830951894845301,0.0038694824237439428,0.29761955371492915,-0.40959071003168496,0.6285084240061009,0.5067022134408049,0.0946365642376859,0.003960169012644179,0.3453482663029209
128,63,-5,-2,5.385164807134504,0.004061340717067173,0.558452518923675,0.31721606936160607,0.840808869485546,0.46110541307067193,0.04903976386755293,0.011214062389724914,0.5711115080104653
128,64,-5,-1,5.0990195135927845,0.004179574253973709,0.22548717468891358,0.38721130040654744,0.3134670379960533,0.18248033259903346,-0.22958531660408554,0.035595847585971896,0.6074506628713242
128,65,-5,0,5.0,0.05631533147438922,0.7055983691571126,0.16411391426038557,0.5295811389131531,0.35701378123639604,-0.055051867966722956,0.0711222898014495,0.6233052607310182
128,66,-5,1,5.0990195135927845,0.004179574253973705,0.27745021535123215,0.5162201840757992,0.3183543023135045,0.29454250342038973,-0.11752314578272927,0.20504498120546447,0.14677674540212762
128,67,-5,2,5.385164807134504,0.004061340717067172,-0.02165002238928419,-0.2710431276931067,0.3597769093435464,0.0434989939478126,-0.3685666552553064,0.34092758811404333,0.1501408104669268
128,68,-5,3,5.830951894845301,0.0038694824237439415,0.24689363839664968,-0.0025790669907037925,0.23658144860207234,0.8008717294069608,0.38880608020384183,0.22626300079848324,0.00442026399570851
128,69,-5,4,6.4031242374328485,0.0036115113127055494,0.34185904000237777,0.28155190216687465,0.3478518990892136,-0.08148847191473918,-0.4935541211178582,0.09541114846512617,0.0012687217671297705
128,70,-5,5,7.0710678118654755,0.0032973930283607556,0.3741380938851413,-0.5252730593957649,0.19167071769025398,0.07192775462639782,-0.34013789457672117,0.05941362447961778,0.007072109672418132
128,71,-5,6,7.810249675906654,0.0029390362838215838,0.31238909795722275,0.6719816337685881,0.1635609737338005,-0.9886017506041788,-1.4006673998072978,0.38063824271658747,0.004630749956332967
129,59,-4,-6,7.211102550927978,0.003190267509182363,0.5510013539246096,0.50074110895841,0.14611574407615585,0.7205258078164958,0.3084601586133768,0.08958397496167,0.05191836308723
129,60,-4,-5,6.4031242374328485,0.0035792568813425123,0.41177666022036746,0.17814120188832008,0.3458746432221331,0.6081769970083545,0.19611134780523548,0.08997613612134076,0.06394777763009597
129,61,-4,-4,5.656854249492381,0.0039202262535485135,0.3897649978814187,0.2168305266949343,0.4750640678895809,0.5631546490519852,0.1510889998488662,0.06004100841843758,0.33512324821349615
129,62,-4,-3,5.0,0.004200248946151448,0.5837595052170418,0.16632245237427787,0.59497408122889,0.5540466577464761,0.1419810085433571,0.13285181937720209,0.3243827384774562
129,63,-4,-2,4.47213595499958,0.004408507443307671,0.8719876835594464,0.23197591319666913,0.6739659613128255,0.5365979172092461,0.1245322680061271,0.1712627449038,0.6567529899548735
129,64,-4,-1,4.123105625617661,0.004536847679651458,0.5282301689344489,-0.39092852270585104,0.7772057581476712,0.47611770906740647,0.06405205986428747,0.005661114724713155,0.7178431921917884
129,65,-4,0,4.0,0.06112921206878332,0.1775303666564671,0.20960490203181872,0.5785095131869974,0.024574204857066972,-0.38749144434605204,0.0272153932703604,0.755992392377359
129,66,-4,1,4.123105625617661,0.004536847679651456,0.3247980583989746,0.04499855639184367,0.5250375531573648,-0.1906886887986095,-0.6027543380017285,0.2518720121034659,0.15710382122065158
129,67,-4,2,4.47213595499958,0.00440850744330767,0.5237224378754137,0.28433959807650483,0.48314734360623907,0.5399333368097116,0.12786768760659256,0.2021901600381755,0.07588115292243598
129,68,-4,3,5.0,0.004200248946151448,0.3831980184186751,0.18995243661115158,0.10399557452965877,0.7794042072839851,0.3673385580808661,0.01770165590109253,0.04341383061009518
129,69,-4,4,5.656854249492381,0.003920226253548512,0.4936614572643028,-0.346981218630142,0.3460198921018972,0.3510516426653945,-0.061014006537724486,0.14603955718516373,0.018213259264145455
129,70,-4,5,6.4031242374328485,0.00357925688134251,0.2668882968537285,-0.12477863881914006,0.155370983525504,0.1954090627726563,-0.2166565864304627,0.05265218862136278,0.0007876100759341749
129,71,-4,6,7.211102550927978,0.003190267509182357,0.398469428625557,0.46419497790831477,0.29370577714534096,-0.26159762963238636,-0.6736632788355054,0.4084995597637803,0.004559410816928483
130,59,-3,-6,6.708203932499369,0.0033956594328459623,0.6849338736193193,-0.1996353668185707,0.22044941399925458,-0.1298627813935756,-0.5419284305966946,0.06708703013134008,0.05934042294481427
130,60,-3,-5,5.830951894845301,0.0038096922457842674,0.7761364875070591,0.05969313231300602,0.3492101191363651,0.6028550475208171,0.1907893983176981,0.05332610601054447,0.28677348974053635
130,61,-3,-4,5.0,0.004172613493519892,0.5165887648306442,-0.40068733319547706,0.6980235316569471,0.21193097647557135,-0.20013467272754765,0.07407551632422293,0.45846487600553204
130,62,-3,-3,4.242640687119285,0.004470664266632576,0.6158929375042264,0.5956797035466525,0.6117982058325939,0.5524983139188817,0.1404326647157627,0.24363999128774746,0.32987910547666827
130,63,-3,-2,3.605551275463989,0.004692330609126877,0.726370557857299,0.45312233208357605,0.8213211950284843,0.4977617592818526,0.08569611007873362,0.28885907505595804,0.6710253770316612
130,64,-3,-1,3.1622776601683795,0.00482893349051539,0.822047986367799,-0.21856348561191527,0.8761832869274767,0.47813250526138756,0.06606685605826856,0.07285825124459265,0.6845431308843692
130,65,-3,0,3.0,0.0650647586719162,0.4931073205018697,0.2768849957988883,0.4989417756370689,0.23904423355147125,-0.17302141565164775,0.07829875567153917,0.8142479397816272
130,66,-3,1,3.1622776601683795,0.004828933490515387,0.5779100430090757,-0.1989713422421251,0.30168180842586434,0.6155527744402445,0.20348712523712548,0.2547837816915831,0.36058122108881696
130,67,-3,2,3.605551275463989,0.004692330609126876,0.532622429458026,-0.1398344821526385,0.5648098884657009,0.5065425443155146,0.0944768951123956,0.19693005017998536,0.0053518023419972865
130,68,-3,3,4.242640687119285,0.0044706642666325755,0.16285755997504733,-0.34265644714771926,0.43360919574827556,-0.21112599023686435,-0.6231916394399833,0.17845075360855914,0.02089143288801152
130,69,-3,4,5.0,0.004172613493519887,0.2971104031510832,0.10648252526049723,0.15322080297552634,-0.24436231709455156,-0.6564279662976705,0.1786847486778535,0.010179818172248922
130,70,-3,5,5.830951894845301,0.00380969224578427,0.2531178751072842,0.2696028973075731,0.4405290548421297,-0.06542814598240071,-0.4774937951855197,0.021932714585147797,0.011504566000041128
130,71,-3,6,6.708203932499369,0.0033956594328459623,0.19724847147323554,0.273236380631036,0.37630877864958895,0.380702968856251,-0.03136268034686801,0.22300473881685193,0.01943789430719821
131,59,-2,-6,6.324555320336759,0.003547906010933788,0.09107301911863723,-0.5275953992513944,0.14605781129437587,0.4135195394064036,0.0014538902032846246,0.18308792314001365,0.2947746195412146
131,60,-2,-5,5.385164807134504,0.003980502251751875,0.7184138874691618,0.27848950365766734,0.35469053895445196,0.6052730066227132,0.19320735741959422,0.18922399334892578,0.6029913172998892
131,61,-2,-4,4.47213595499958,0.004359695307416362,0.474727819989525,-0.3428774272998991,0.49441043499841686,0.5602988411886477,0.1482331919855287,0.10537653482503379,0.6061584319088335
131,62,-2,-3,3.605551275463989,0.004671109378939928,0.6272831886672809,-0.4607937902946489,0.8009801262412142,0.4535201238954655,0.04145447469234648,0.17351998176414357,0.38866593561224316
131,63,-2,-2,2.8284271247461903,0.0049027142746930034,0.6853361802851023,-0.03393911057942719,0.6358500958534153,0.5352056812677406,0.1231400320646216,0.19559921078159562,0.39040869614382623
131,64,-2,-1,2.23606797749979,0.005045441834265422,0.912270753793483,0.3995049020494854,0.9398407346247217,0.45451002929624285,0.042444380093123846,0.1285519216523667,0.633205968245614
131,65,-2,0,2.0,0.06798197904039323,0.435334772136999,-0.283973335947127,0.7008800219177461,0.034644009389683164,-0.37742163981343585,0.1589889233409849,0.7996770332979456
131,66,-2,1,2.23606797749979,0.005045441834265418,-0.0017603796957635395,0.30969125965083993,0.7987760281363726,0.3303850677433232,-0.08168058145979579,0.3464255031689448,0.6737079581329631
131,67,-2,2,2.8284271247461903,0.004902714274693003,0.7758048265656105,-0.21465632145632096,0.48900363538438857,0.19704693032915443,-0.21501871887396456,0.3362625583879453,0.349160513232221
131,68,-2,3,3.605551275463989,0.0046711093789399295,0.5890329410447465,-0.3214551211663889,0.269323696997065,0.02831784479040015,-0.38374780441271883,0.04837858211751876,0.009123550903588499
131,69,-2,4,4.47213595499958,0.004359695307416361,0.24938212989571723,0.3694482113653319,0.2481958307498675,0.2825766053298905,-0.12948904387322852,0.05034393855391861,0.011231584499874646
131,70,-2,5,5.385164807134504,0.003980502251751876,0.24128773807575576,0.573851122727542,0.24532601404033164,-0.698107290328417,-1.110172939531536,0.006908737186140236,0.010806292128866355
131,71,-2,6,6.324555320336759,0.00354790601093379,0.2835520569403884,0.47294983520142286,0.5133404412874543,0.6915277193909246,0.2794620701878056,0.2807793366299169,0.0009427700492343344
132,59,-1,-6,6.082762530298219,0.003641523740600388,0.5747812306084161,-0.536530527080696,0.3533403475435867,0.40752983213629945,-0.0045358170668195474,0.03391423301530323,0.5456375477556669
132,60,-1,-5,5.0990195135927845,0.004085534792803804,0.2780928656816748,0.34519021429560415,0.3019518727069628,0.3165861096741673,-0.09547953952895172,0.0551638333002516,0.6066665290677579
132,61,-1,-4,4.123105625617661,0.004474733523045706,0.052370710834446756,0.4007807325947655,0.3371312901416016,0.15725729739843675,-0.25480835180468225,0.0423598639361896,0.5483561253153513
132,62,-1,-3,3.1622776601683795,0.004794364801640826,0.5326077172582533,-0.01177019557240164,0.8581674257222733,0.4135559538361225,0.0014903046330034808,0.008998164207534161,0.23193297587845232
132,63,-1,-2,2.23606797749979,0.005032080999230325,0.4222065511849943,-0.23334628864478948,0.6629705915789874,0.35364562013840833,-0.058420029064710666,0.06637037353830984,0.40671777878445425
132,64,-1,-1,1.4142135623730951,0.00517857467606934,0.06750690483098089,0.19233455262432284,0.554620896141508,0.5611495777437356,0.14908392854061664,0.3208925107650919,0.7029576263115406
132,65,-1,0,1.0,0.06977580292309772,0.6936151697620879,0.3204578865148304,0.9778194666609608,0.40427595424960533,-0.007789694953513671,0.47622860873450074,0.8046099568825487
132,66,-1,1,1.4142135623730951,0.005178574676069339,0.1587706006871442,-0.5189703634836813,0.8461559451944906,0.4174795022291986,0.005413853026079607,0.5937637169060443,0.8244708000976991
132,67,-1,2,2.23606797749979,0.005032080999230324,0.6843459780145855,-0.31047085092814825,0.7046186300170424,0.34155604301577747,-0.07050960618734153,0.4486416858343322,0.5727383193159555
132,68,-1,3,3.1622776601683795,0.004794364801640829,0.3778734942976622,0.6329479990032033,0.10118488551956425,-0.03997007393300556,-0.45203572313612456,0.05369840823628325,0.02174490004149594
132,69,-1,4,4.123105625617661,0.004474733523045702,0.45147281176587356,0.4597774253523378,0.10456806203269516,-0.215538689811391,-0.62760433901451,0.10874808409374329,0.022416553013435873
132,70,-1,5,5.0990195135927845,0.004085534792803808,0.3486369545277979,0.23198714582831947,0.16906538682997965,0.3001404430129647,-0.11192520619015428,0.11351982515549972,0.010613506296563317
132,71,-1,6,6.082762530298219,0.0036415237406003885,0.0921964067815338,-0.10218028916474016,0.19247305682172797,0.044630039237551045,-0.36743560996556796,0.31855107467323396,0.006451405318135055
133,59,0,-6,6.0,0.05218891919615502,0.3810771750940129,-0.5478296271187328,0.19939595191010742,0.23372430552092274,-0.17834134368219626,0.04113641831847202,0.47044307124299956
133,60,0,-5,5.0,0.05855231500964039,0.38628039576558093,0.3291615343708154,0.8366969448138846,0.46055555630393,0.048489907100811025,0.030659178137780758,0.5578289428482102
133,61,0,-4,4.0,0.06413016168337694,0.20969913370366838,0.03510636085474041,0.11934361641804508,0.7064547541057915,0.2943891049026725,0.016845973056512996,0.5139847732832821
133,62,0,-3,3.0,0.06871099436755831,0.4240079795172718,-0.4584882078768645,0.8258694550672944,0.39204127014742884,-0.020024379055690156,0.21200699231895212,0.47673283399373645
133,63,0,-2,2.0,0.0721178515821072,0.48719933000122456,-0.1468144382948372,0.8004460591148559,0.399388995379436,-0.012676653823682993,0.23079951816332356,0.6155319582327402
133,64,0,-1,1.0,0.07421734267646932,0.7363644078475869,0.47416278617307167,0.8641003722022043,0.339595312742826,-0.072470336460293,0.3094901700364652,0.6827139445519111
133,65,0,0,0.0,1.0,1.0,1.0,1.0,0.412065649203119,0.0,0.4168818419203573,0.8059056790439103
133,66,0,1,1.0,0.07421734267646932,0.8834572639530756,0.133499787357095,0.9532280317547048,0.40049393807264905,-0.011571711130469953,0.5048733461544547,0.759831627033277
133,67,0,2,2.0,0.0721178515821072,0.5981852724343767,-0.29456159725669245,0.5577013401127004,0.5193278255323103,0.10726217632919127,0.6543921914374962,0.5479825645144677
133,68,0,3,3.0,0.06871099436755831,0.4330815274316548,0.40314266466220244,0.19801580085472648,0.30385932425352996,-0.10820632494958904,0.07197703671425308,0.03009590252898782
133,69,0,4,4.0,0.06413016168337694,0.6355843183088111,0.4819819141162867,0.4690094026670322,0.3041706556668975,-0.1078949935362215,0.060286226161098286,0.01599318816918325
133,70,0,5,5.0,0.05855231500964039,0.3991090321834159,-0.3235773965192774,0.31075285878518627,-0.15078075805240582,-0.5628464072555248,0.08498243638186462,0.03870006636066819
133,71,0,6,6.0,0.05218891919615502,0.5017546100674214,0.53598156174615,0.49906040911250704,0.04731368721154641,-0.36475196199157256,0.4275420453972665,0.011373047724372412
134,59,1,-6,6.082762530298219,0.0036415237406003885,0.008429237429415903,-0.41442328010883006,0.17467951539575088,0.7237227659935334,0.31165711679041436,0.2956465199429224,0.3070062246877429
134,60,1,-5,5.0990195135927845,0.004085534792803808,0.717499417272749,0.04657996346648337,0.7210615234143943,0.5083208838044989,0.09625523460137991,0.23676831577988525,0.31083921579282664
134,61,1,-4,4.123105625617661,0.004474733523045702,0.0153481509615645,0.4181000132146301,0.446093600778314,-0.41652561742018696,-0.828591266623306,0.11698648842815847,0.5269067756346144
134,62,1,-3,3.1622776601683795,0.004794364801640829,0.5521957290817279,-0.536670420153708,0.8987071082583464,0.43389656218957107,0.021830912986452067,0.19904260548427485,0.5161989684203621
134,63,1,-2,2.23606797749979,0.005032080999230324,0.31646347315493034,0.3230706652785549,0.8811233350188035,0.4463676835236589,0.03430203432053991,0.37114096891823534,0.5004724181457775
134,64,1,-1,1.4142135623730951,0.005178574676069339,0.593972821484761,0.07680206007600066,0.8282049965818018,0.47260733600047444,0.06054168679735544,0.20830047220746792,0.5191075996144523
134,65,1,0,1.0,0.06977580292309772,0.7027585656634185,-0.12553717470539358,0.7852854078605643,0.23082601156492044,-0.18123963763819856,0.2908996707849578,0.6816697038523
134,66,1,1,1.4142135623730951,0.00517857467606934,0.8618887713676866,0.2917271861887177,0.9405814028359969,0.3698932696979306,-0.04217237950518837,0.35395177181659754,0.7184919894449662
134,67,1,2,2.23606797749979,0.005032080999230325,0.5361876832099972,-0.37828853389807354,0.773323252401119,0.3413441696602474,-0.07072147954287161,0.578628000189024,0.5096538660767835
134,68,1,3,3.1622776601683795,0.004794364801640826,0.3498816641705766,0.7072697469000886,0.5680900196968856,-0.048104322681111186,-0.4601699718842302,0.3445826324949184,0.08437824334758097
134,69,1,4,4.123105625617661,0.004474733523045706,0.647292706739543,0.5095813027586837,0.7619704319288532,0.3818587312711964,-0.030206917931922594,0.15470733264858752,0.03850996717460945
134,70,1,5,5.0990195135927845,0.004085534792803804,0.1085407602714815,0.10980433280639612,0.2669176351664895,0.48570298772943615,0.07363733852631715,0.09048659384447424,0.023677203116083227
134,71,1,6,6.082762530298219,0.003641523740600388,0.21635862908638837,-0.13648933333225471,0.40987946373229467,0.38377296953025103,-0.02829267967286797,0.4164379673045561,0.015421166068529085
135,59,2,-6,6.324555320336759,0.00354790601093379,0.3825285591334124,-0.28390003246712003,0.47360454027404564,0.4859110125731074,0.07384536336998843,0.3623889709579281,0.05873143657568578
135,60,2,-5,5.385164807134504,0.003980502251751876,0.2528445256266855,0.334083687586193,0.3984750209581414,0.267747134632699,-0.14431851457042,0.24323243474904438,0.14906444705070784
135,61,2,-4,4.47213595499958,0.004359695307416361,0.44693367210661356,-0.31478093370791593,0.3368390599547874,0.516495974156451,0.10443032495333199,0.06849579016838835,0.5788122071251517
135,62,2,-3,3.605551275463989,0.0046711093789399295,-0.0028278223146281775,0.07808853753742329,0.48683315107174097,0.17878231392052454,-0.23328333528259446,0.07762196752869369,0.4536243267504572
135,63,2,-2,2.8284271247461903,0.004902714274693003,0.17205848827994621,-0.06154193899150275,0.5977696012170179,0.27345182916746,-0.13861382003565897,0.13332117897445714,0.4728564060734258
135,64,2,-1,2.23606797749979,0.005045441834265418,0.23394667677583703,0.2520854141887224,0.5617868169507434,-0.27710384469038424,-0.6891694938935032,0.06567729645164368,0.5538991760365454
135,65,2,0,2.0,0.06798197904039323,0.924149791626616,0.16467858811109268,0.7425336557368537,0.300172274379769,-0.11189337482334999,0.082321223293857,0.7785772529630955
135,66,2,1,2.23606797749979,0.005045441834265422,0.8140936728108508,-0.006647354845289516,0.9205038741714017,0.361971843166562,-0.050093806036557,0.13225939753093013,0.5007309800749767
135,67,2,2,2.8284271247461903,0.0049027142746930034,0.46648414695622376,-0.46528156890478106,0.46610880835021695,0.16801161408281304,-0.24405403512030596,0.49593928298219103,0.3744202307602738
135,68,2,3,3.605551275463989,0.004671109378939928,0.6735464858001392,-0.18542733476641735,0.5416257468084972,0.2638611635065821,-0.14820448569653688,0.211267356503233,0.1269647299121361
135,69,2,4,4.47213595499958,0.004359695307416362,0.2406018131560003,-0.43788762871415704,0.4697504728718228,0.8117642424984637,0.3996985932953447,0.05233441629462325,0.08703338524324565
135,70,2,5,5.385164807134504,0.003980502251751875,0.3470976206232923,0.6754125763996007,0.6485430963281146,0.01432836157315259,-0.3977372876299664,0.06315467431115235,0.05384433692697491
135,71,2,6,6.324555320336759,0.003547906010933788,0.3053084842149538,0.24724557423480864,0.4056852497088498,-0.323784734951139,-0.7358503841542581,0.22712439548115687,0.030822243200042104
136,59,3,-6,6.708203932499369,0.0033956594328459623,0.31659044679872045,-0.2310659320155817,0.4503862019790007,0.4791666903087807,0.06710104110566167,0.17694050188607202,0.009066404178946627
136,60,3,-5,5.830951894845301,0.00380969224578427,0.5533311890474923,0.42617665930767046,0.28269731022081274,0.5557442925935004,0.14367864339038144,0.1565006055807917,0.002249610324484091
136,61,3,-4,5.0,0.004172613493519887,0.5317058390991259,0.27485264602745096,0.42852897767750675,0.10535276352818349,-0.3067128856749355,0.07787357181125384,0.30760485386197944
136,62,3,-3,4.242640687119285,0.0044706642666325755,0.20568267119026276,0.020814840376818026,0.8426460269505509,0.3783479439813501,-0.03371770522176892,0.06953880384281239,0.22481270451267255
136,63,3,-2,3.605551275463989,0.004692330609126876,0.3631907703796228,0.2548793506501064,0.5413667504898645,0.26415895201029094,-0.14790669719282806,0.06726217244471407,0.19777583914263666
136,64,3,-1,3.1622776601683795,0.004828933490515387,0.08852049506793366,-0.24859792483235857,0.3949931523587088,0.2708096144271343,-0.1412560347759847,0.008435501453478282,0.6056783688391565
136,65,3,0,3.0,0.0650647586719162,0.9322168721498195,0.5612901869633388,0.7555201204835533,0.30343418799616184,-0.10863146120695716,0.20126512182645062,0.7117393772573705
136,66,3,1,3.1622776601683795,0.00482893349051539,0.8600994975345937,-0.33877562214108337,0.9077979974307292,0.3639199662024609,-0.04814568300065808,0.27108832229149854,0.6629178626362432
136,67,3,2,3.605551275463989,0.004692330609126877,-0.04900620764293997,-0.11091913347317216,0.23345249296935222,0.2711104127580375,-0.1409552364450815,0.33390059175761155,0.5439255633641027
136,68,3,3,4.242640687119285,0.004470664266632576,0.7439900205411223,0.25311898056520815,0.49356732436278195,0.2548241330339825,-0.1572415161691365,0.19690819347645117,0.19796029053982617
136,69,3,4,5.0,0.004172613493519892,0.5932749185015097,-0.056483472550772476,0.5374745151457682,0.3752832385434352,-0.036782410659683795,0.07392981085010006,0.06238858816142703
136,70,3,5,5.830951894845301,0.0038096922457842674,0.09182241831823332,-0.4462037978570465,0.173340244897753,0.540880513353904,0.12881486415078497,0.08334989092398298,0.02420221684185671
136,71,3,6,6.708203932499369,0.0033956594328459623,0.3139907499778059,-0.09749520821868864,0.11678428950769389,0.1720857376214606,-0.2399799115816584,0.1129278867832395,0.00697574942114763
137,59,4,-6,7.211102550927978,0.003190267509182357,0.2041744807536877,0.2865506542679227,0.31111931234307777,0.5685779324224122,0.15651228321929317,0.10407554820164909,0.0025860058666119855
137,60,4,-5,6.4031242374328485,0.00357925688134251,0.6281918316302465,-0.3338335545757386,0.6702535366849164,0.20324737079163094,-0.20881827841148806,0.08848260743873382,0.0031142140342121866
137,61,4,-4,5.656854249492381,0.003920226253548512,0.3433801218095194,-0.5083829596911675,0.4166714036722695,0.17502421536699542,-0.23704143383612358,0.04534090848842233,0.031940849993053126
137,62,4,-3,5.0,0.004200248946151448,0.17610739782229873,-0.5492056302017537,0.57958475741687,0.26914096236768587,-0.14292468683543313,0.04360394442369466,0.2985569943176066
137,63,4,-2,4.47213595499958,0.00440850744330767,0.4293271800426653,0.2039204455332887,0.8354401421873755,0.4251361867968467,0.013070537593727727,0.06365894250273031,0.3295481754910131
137,64,4,-1,4.123105625617661,0.004536847679651456,0.3854993048436877,-0.18801062425534565,0.7552338613769054,0.4387651193267973,0.026699470123678293,0.01761336628447827,0.5508191615647144
137,65,4,0,4.0,0.06112921206878332,0.6046005319387847,-0.13676767292817366,0.7798376860817051,0.36531382857171124,-0.04675182063140776,0.1980023885321668,0.6906533873418311
137,66,4,1,4.123105625617661,0.004536847679651458,0.6796669565984396,0.24598518322279583,0.8238995844760899,0.3254275211184758,-0.08663812808464322,0.29298693698458006,0.5879171776532961
137,67,4,2,4.47213595499958,0.004408507443307671,0.2541103118858041,-0.14650986893575982,0.8317531205147745,0.4311888676128146,0.019123218409695608,0.35120025377982983,0.5581087953667562
137,68,4,3,5.0,0.004200248946151448,0.6120607863099841,0.6662120493569039,0.5950048047341037,0.34410415830531127,-0.06796149089780773,0.0920887432487735,0.164631280000359
137,69,4,4,5.656854249492381,0.0039202262535485135,0.20052527372681903,-0.27511910066871254,0.11049898169775964,0.613566087255331,0.20150043805221202,0.08140374468261818,0.027578342425742332
137,70,4,5,6.4031242374328485,0.0035792568813425123,0.397824627433282,-0.32254698247909636,0.47086724432251853,0.6795002614727791,0.2674346122696601,0.007542144727263229,0.016246315788220896
137,71,4,6,7.211102550927978,0.003190267509182363,0.07148262563208306,0.04912170781542935,0.5870318050452128,-0.047514910395500716,-0.4595805595986197,0.05099773909950763,0.013740684425827064
138,59,5,-6,7.810249675906654,0.0029390362838215838,0.29018678547365223,-0.6527997610603626,0.20014265035502485,0.04905586843456039,-0.3630097807685586,0.16743991756013848,0.004531890938596017
138,60,5,-5,7.0710678118654755,0.0032973930283607556,0.6177150178376404,-0.4183211080015937,0.36708162752960816,-0.07751924466127653,-0.4895848938643955,0.24575671331762156,0.023256230590993375
138,61,5,-4,6.4031242374328485,0.0036115113127055494,0.09462003255081575,-0.20369506235696117,0.17899441096987045,-0.3745592212343579,-0.786624870437477,0.10486082459907707,0.04167557797223345
138,62,5,-3,5.830951894845301,0.0038694824237439415,0.5340759540440229,-0.04814226179342623,0.46198695656191985,0.23353246181184137,-0.17853318739127763,0.015875112263129168,0.06957046069650505
138,63,5,-2,5.385164807134504,0.004061340717067172,0.6856215337798501,-0.6120864595735963,0.313173888274901,-0.04856944834342719,-0.4606350975465462,0.15141636040095294,0.1770142148675974
138,64,5,-1,5.0990195135927845,0.004179574253973705,0.6404502728605238,0.5379908762344466,0.637711104571768,0.33762014085055636,-0.07444550835256264,0.2520644636359443,0.11974285188674777
138,65,5,0,5.0,0.05631533147438922,0.8577024876039658,-0.3956714155011573,0.5010351836642286,0.1802297523566514,-0.2318358968464676,0.16892890036132127,0.3268994648114194
138,66,5,1,5.0990195135927845,0.004179574253973709,0.468752939475823,0.1825536523272716,0.35798720401685646,0.21507732095915896,-0.19698832824396004,0.27279971571469364,0.4759103675997546
138,67,5,2,5.385164807134504,0.004061340717067173,-0.013903189347123058,0.13797746651393328,0.6572371305461301,0.38224721425604835,-0.02981843494707065,0.3523127201410124,0.2532522922644567
138,68,5,3,5.830951894845301,0.0038694824237439428,0.40313334696736375,0.3348140153189778,0.43270470060533484,0.6456428456277741,0.23357719642465508,0.34850450282347906,0.05007348973528232
138,69,5,4,6.4031242374328485,0.003611511312705547,0.0874696835420711,0.6444380565677547,0.3027153393045965,-0.19041736144976718,-0.6024830106528862,0.0305655627099416,0.016613475783662176
138,70,5,5,7.0710678118654755,0.0032973930283607534,0.5597847264907267,0.36983946248058197,0.28953518777620224,0.10756505396910893,-0.3045005952340101,0.038216598247012436,0.01361126354762827
138,71,5,6,7.810249675906654,0.002939036283821575,0.02032533816963531,-0.06686212080761492,0.12791963401665754,0.551446722393335,0.13938107319021603,0.08470663257470362,0.01709899096772203
139,59,6,-6,8.48528137423857,0.0026507485593162557,0.3762753712674223,0.42032225564754344,0.3980017853443745,-0.42788928302399254,-0.8399549322271116,0.021156260406461444,0.0303142642313546
139,60,6,-5,7.810249675906654,0.0029739543766576127,0.712516312764902,-0.2323516859837171,0.6309679509038084,-0.15471666155772074,-0.5667823107608397,0.2538340954492612,0.1025416012050512
139,61,6,-4,7.211102550927978,0.0032572610490744554,0.295124833178305,-0.4395974273184332,0.36245176749457964,0.2880395105697732,-0.12402613863334577,0.12328929212243123,0.01352214595975139
139,62,6,-3,6.708203932499369,0.0034899279796239044,0.5151865010867623,-0.19972162107741545,0.29621614867593765,-0.04435505643234185,-0.45642070563546083,0.07046960126172958,0.09609863835137811
139,63,6,-2,6.324555320336759,0.0036629670460073074,0.4060862558649935,0.1790919012420467,0.2691453006529765,0.045381153660546715,-0.36668449554257226,0.09897753631744827,0.1397060432025658
139,64,6,-1,6.082762530298219,0.003769603149597811,0.6263109307621104,-0.14438127772004783,0.4634605810582164,0.22613549394227767,-0.18593015526084133,0.03478208761549998,0.1219543169262522
139,65,6,0,6.0,0.05079140553482756,0.2019140830137066,-0.572377259822871,0.3785497251379961,0.27001497293471194,-0.14205067626840706,0.22995476302791462,0.17448595886253032
139,66,6,1,6.082762530298219,0.0037696031495978144,0.3264282979643758,0.4186814414538598,0.31819569681499554,0.08510803389568891,-0.32695761530743006,0.3734229252411876,0.30954497282932547
139,67,6,2,6.324555320336759,0.0036629670460073074,0.4445708407155027,0.22588493769136805,0.38030044415243514,-0.4081738896024531,-0.8202395388055721,0.15895565751974755,0.15842182481412626
139,68,6,3,6.708203932499369,0.003489927979623903,0.3364957750663039,0.19545704343373915,0.24123699254262687,-0.21516346073455825,-0.6272291099376772,0.17126637441499173,0.02547701351735389
139,69,6,4,7.211102550927978,0.0032572610490744468,0.4951317001102445,-0.23524055786076026,0.22665249055545558,0.047355722144352526,-0.3647099270587665,0.1321281549305456,0.0004960966308150659
139,70,6,5,7.810249675906654,0.002973954376657605,0.3615689565704138,0.2935684714434959,0.09842467666155712,-0.24681440960848522,-0.6588800588116042,0.14708410246551643,0.017270493229162333
139,71,6,6,8.48528137423857,0.0026507485593162527,-0.05938071290306891,0.4568879395218246,0.13315327920972891,-0.5305117468968631,-0.9425773960999821,0.10481614940272582,0.007664738705789831
