row,col,offset_row,offset_col,kx_rad_m,ky_rad_m,k_rad_m,wavelength_m,distance_bins,distance_rad_m,mean_power,relative_power,mean_amplitude,relative_amplitude,look_power_cv,peak_relative_phase_resultant,amplitude_correlation_to_peak,residual_correlation_to_peak,window_overlap_to_peak,signed_slope_rad_s,intercept_rad,slope_difference_to_peak,phase_rmse_rad,r2,max_adjacent_step_rad,endpoint_msc,min_adjacent_msc,fixed_peak
127,59,-6,-6,-0.074176493209759,-0.05799863360473464,0.09415940550424942,66.72923722841502,8.48528137423857,0.06363356578517622,174814.294392693,0.10150444912554152,345.77283315109156,0.2789014672365892,1.0750140639146528,0.16234042521775097,0.11712029307232809,0.141617706510559,0.0026507485593162527,0.7142145916079322,-1.9778387521617597,0.3021489424048132,0.5955260487884727,0.9838274516655838,2.8238601140466666,0.25712304141046166,0.06874578278033773,False
127,60,-6,-5,-0.074176493209759,-0.04833219467061221,0.08853334505470455,70.96970416397596,7.810249675906654,0.05496717416966283,40473.84262529409,0.023500796167421754,181.92924271248972,0.1467447059485528,0.9231082801690136,0.3425284292139719,0.3400047883166118,0.3395498734311015,0.002973954376657605,0.4116379892182249,3.969658804816806,-0.00042765998489407986,1.9630143247524752,0.6503263923036597,3.0155144176380926,0.3916973653836118,0.08120431481523745,False
127,61,-6,-4,-0.074176493209759,-0.03866575573648976,0.08364922481153854,75.11349114514312,7.211102550927978,0.046695073200435026,322367.4672445364,0.18717995740753587,508.8466499975909,0.41043732669633315,0.7675594915240378,0.24538657540400055,0.3653393998319208,-0.3367557920138919,0.0032572610490744468,0.6192246476491949,-0.7238038968887031,0.20715899844607594,0.32193399181493276,0.9936498206430359,1.0500110839479706,0.06984809046806649,0.054344754125104415,False
127,62,-6,-3,-0.074176493209759,-0.02899931680236732,0.07964365963403168,78.89121790800765,6.708203932499369,0.039068524025411534,238033.60234661555,0.13821220835228984,417.1231933369856,0.3364528947514554,1.0144807961383426,0.35351547955405094,0.5965482059191013,-0.2189050801209384,0.003489927979623903,0.519331245122073,-6.147010673431232,0.10726559591895396,1.0890845978503607,0.9058135213246262,2.9991598243829527,0.05331314212440818,0.5001903260945827,False
127,63,-6,-2,-0.074176493209759,-0.01933287786824488,0.07665449961721683,81.96759927408571,6.324555320336759,0.03254457498859936,109736.11055566938,0.0637173492581298,298.55507961952327,0.24081547702284803,0.8563010975857286,0.561420514589466,0.7546788542178197,-0.30204650720243564,0.0036629670460073074,0.4952590841343447,0.1506846640398809,0.08319343493122572,0.883650336810063,0.9300005491849991,2.9843964425692375,0.008523180517731141,0.36056315935041716,False
127,64,-6,-1,-0.074176493209759,-0.00966643893412244,0.07480369099559554,83.99565881781878,6.082762530298219,0.027907512181977318,70766.47717303332,0.04108995953081626,244.3003790734607,0.19705346296037668,0.8347576147825863,0.7944752099119317,0.24708763904161213,-0.3057423729662186,0.0037696031495978144,0.7813670445154879,-2.6322568253161442,0.3693013953123689,1.6397801999982113,0.9056903231284,2.825676773800679,0.025236662436993886,0.3104648772199847,False
127,65,-6,0,-0.074176493209759,0.0,0.074176493209759,84.70588235294119,6.0,0.02617993877991494,172748.26647338475,0.10030482739806258,358.5197644483959,0.2891831825731689,1.0574532883958812,0.8019147893934753,0.7885400714273831,0.05947713687316426,0.05079140553482756,0.48201947617138524,1.0650870019018939,0.06995382696826624,0.45615801884059215,0.9792643883964952,1.8502843550421866,0.03965616512126895,0.3420364522415067,False
127,66,-6,1,-0.074176493209759,0.00966643893412244,0.07480369099559554,83.99565881781878,6.082762530298219,0.027907512181977318,119432.05996568903,0.0693472206998916,302.311654055702,0.24384554191396654,0.9396679720912249,0.5937327760543605,0.7126019258972388,0.13578338482905097,0.003769603149597811,0.46638266232350845,0.2642596742674268,0.054317013120389446,0.97883018284328,0.9056767880069754,2.8371423728945357,0.06967795490398457,0.011677920308825918,False
127,67,-6,2,-0.074176493209759,0.01933287786824488,0.07665449961721683,81.96759927408571,6.324555320336759,0.03254457498859936,52104.41613926216,0.03025399081692513,199.04547592554025,0.1605507141105574,1.1304663727790782,0.4441889762395307,0.4142302793007556,-0.15169488522732644,0.0036629670460073074,0.6670281598716202,-1.010927840360548,0.25496251066850123,0.941815853488116,0.954985159901661,2.5955601287839216,0.04174155551004461,0.03549523401106815,False
127,68,-6,3,-0.074176493209759,0.02899931680236732,0.07964365963403168,78.89121790800765,6.708203932499369,0.039068524025411534,58938.98732482722,0.034222427068721015,210.69539051178927,0.16994757227802948,1.2314173802643693,0.19711025232561744,0.3591558407925833,-0.1698215035308458,0.0034899279796239044,0.31387900972216265,-1.5885201814242405,-0.09818663948095635,1.5138835837887656,0.6451543555772457,2.981733201844122,0.13252395488914848,0.022986958216445297,False
127,69,-6,4,-0.074176493209759,0.03866575573648976,0.08364922481153854,75.11349114514312,7.211102550927978,0.046695073200435026,39113.574134730006,0.022710967713877907,174.90450529263538,0.14107853039770193,0.8669366316998826,0.4610787097265635,0.044877020935321914,0.5205692624149,0.0032572610490744554,-0.03983834619331659,-1.502703885475299,-0.4519039953964356,1.9653470332670377,0.01708150688287957,2.750274401422541,0.1566638304689293,0.005984671923782467,False
127,70,-6,5,-0.074176493209759,0.04833219467061221,0.08853334505470455,70.96970416397596,7.810249675906654,0.05496717416966283,30432.354408882926,0.017670290525143822,148.7024905608855,0.11994390195786005,1.1230647963200096,0.16169657753719957,0.5765930279553085,-0.819338258730681,0.0029739543766576127,0.32945319513423543,-3.0680215686392973,-0.08261245406888357,2.2247538011099945,0.48118991055019333,2.983902013765728,0.13471648451063847,0.006054835006398263,False
127,71,-6,6,-0.074176493209759,0.05799863360473464,0.09415940550424942,66.72923722841502,8.48528137423857,0.06363356578517622,30514.54784701552,0.017718015453407652,151.81422802762063,0.12245383929798723,1.1651631557595283,0.1222249952749607,0.31866104600824813,0.49109160158796783,0.0026507485593162557,-0.40775829532812774,4.2275554010002665,-0.8198239445312467,2.073759161006359,0.6205236053251864,3.1320449556164722,0.12962524015771634,0.01215475541066527,False
128,59,-5,-6,-0.06981317007977318,-0.05799863360473464,0.09076188746717198,69.22713357467556,7.810249675906654,0.06196616995129671,164536.7140394477,0.09553685857052532,361.12525677742246,0.29128478097468835,0.8221375785187213,0.21879698745436885,0.6399294169990017,0.30372029007103535,0.002939036283821575,0.737107911266455,-2.6591983729948723,0.32504226206333603,0.5422654998726305,0.9873655825486296,2.6918004883181625,0.18732879338435068,0.0035165127527986995,False
128,60,-5,-5,-0.06981317007977318,-0.04833219467061221,0.08491101081877009,73.99729724794008,7.0710678118654755,0.05302797148764684,39350.5101432003,0.02284854261358123,166.13116489173493,0.13400192611945905,1.2809596720554444,0.4142556678130204,0.22627443412924336,0.44955334319591034,0.0032973930283607534,-0.3980416382107327,-1.8381573602390562,-0.8101072874138517,1.6538544645276707,0.7101358805704261,3.0500739244638027,0.35835552356639316,0.015507182316642287,False
128,61,-5,-4,-0.06981317007977318,-0.03866575573648976,0.07980550972997559,78.73122204768741,6.4031242374328485,0.04439600640925514,297603.8610512284,0.17280117783607174,480.36284997386224,0.38746220298087297,0.8577888273338131,0.09213728514966958,0.098059703488037,-0.032641833161439114,0.003611511312705547,0.6526421557064997,-2.056812675139259,0.24057650650338075,0.5234658693634462,0.9850174459944715,2.1173171242236504,0.02052044933079935,0.12816491910957756,False
128,62,-5,-3,-0.06981317007977318,-0.02899931680236732,0.0755965547600643,83.11470446135768,5.830951894845301,0.03628946256726318,146951.49254528465,0.08532614767461898,334.2708587848014,0.2696239381211824,0.9249608831647083,0.6285084240061009,0.29761955371492915,-0.40959071003168496,0.0038694824237439428,0.5067022134408049,0.5292150860932381,0.0946365642376859,0.5989201671318777,0.9680233090451347,1.899969297835848,0.003960169012644179,0.3453482663029209,False
128,63,-5,-2,-0.06981317007977318,-0.01933287786824488,0.07244058864514982,86.73570196893023,5.385164807134504,0.02915004091052369,113993.77472073301,0.06618952613095197,316.0818819560266,0.2549526515459849,0.7335916800047182,0.840808869485546,0.558452518923675,0.31721606936160607,0.004061340717067173,0.46110541307067193,1.001139030199596,0.04903976386755293,0.5118503327617651,0.9716907071181813,1.5500356913897795,0.011214062389724914,0.5711115080104653,False
128,64,-5,-1,-0.06981317007977318,-0.00966643893412244,0.07047920798543678,89.14948800897267,5.0990195135927845,0.023862203588182092,147914.244397482,0.08588516143685952,351.8734276411345,0.2838222261602521,0.7649948022692994,0.3134670379960533,0.22548717468891358,0.38721130040654744,0.004179574253973709,0.18248033259903346,-0.28200257656390715,-0.22958531660408554,1.4343025805480591,0.40638629523333303,3.0322439156142935,0.035595847585971896,0.6074506628713242,False
128,65,-5,0,-0.06981317007977318,0.0,0.06981317007977318,90.0,5.0,0.02181661564992912,282276.7299665754,0.1639016081365375,470.4730492778706,0.3794850582767827,0.9873966332047658,0.5295811389131531,0.7055983691571126,0.16411391426038557,0.05631533147438922,0.35701378123639604,1.2012433656962571,-0.055051867966722956,1.198161096365087,0.7897004720651212,1.6609505036601149,0.0711222898014495,0.6233052607310182,False
128,66,-5,1,-0.06981317007977318,0.00966643893412244,0.07047920798543678,89.14948800897267,5.0990195135927845,0.023862203588182092,54958.98496558149,0.03191147218715911,196.61241854310487,0.15858820228553058,1.4610208346098215,0.3183543023135045,0.27745021535123215,0.5162201840757992,0.004179574253973705,0.29454250342038973,0.8271282615040461,-0.11752314578272927,1.4290180134751993,0.6424513520613215,2.637440537348276,0.20504498120546447,0.14677674540212762,False
128,67,-5,2,-0.06981317007977318,0.01933287786824488,0.07244058864514982,86.73570196893023,5.385164807134504,0.02915004091052369,34190.48828042529,0.01985241933615535,162.08640212066612,0.13073940760059644,0.9390420525640629,0.3597769093435464,-0.02165002238928419,-0.2710431276931067,0.004061340717067172,0.0434989939478126,-3.094805475731142,-0.3685666552553064,3.266345146873645,0.007445148438159355,2.9977249471599228,0.34092758811404333,0.1501408104669268,False
128,68,-5,3,-0.06981317007977318,0.02899931680236732,0.0755965547600643,83.11470446135768,5.830951894845301,0.03628946256726318,63639.68746155767,0.03695184905072071,214.5086550437501,0.17302336358075568,1.2286910713920594,0.23658144860207234,0.24689363839664968,-0.0025790669907037925,0.0038694824237439415,0.8008717294069608,3.773797780548838,0.38880608020384183,0.7135558656558674,0.9815766048775364,2.338248520905122,0.22626300079848324,0.00442026399570851,False
128,69,-5,4,-0.06981317007977318,0.03866575573648976,0.07980550972997559,78.73122204768741,6.4031242374328485,0.04439600640925514,30717.503275858522,0.017835859815468057,146.0042107257284,0.11776746085870816,1.4395008210229137,0.3478518990892136,0.34185904000237777,0.28155190216687465,0.0036115113127055494,-0.08148847191473918,4.730492918978896,-0.4935541211178582,2.052264293931292,0.06251370831157643,3.094538037662075,0.09541114846512617,0.0012687217671297705,False
128,70,-5,5,-0.06981317007977318,0.04833219467061221,0.08491101081877009,73.99729724794008,7.0710678118654755,0.05302797148764684,28961.97732671475,0.016816528444355192,134.8292632705732,0.10875371269020277,1.4285605352373694,0.19167071769025398,0.3741380938851413,-0.5252730593957649,0.0032973930283607556,0.07192775462639782,2.0092075953050483,-0.34013789457672117,2.3729766643861514,0.03740537974003133,3.0636897819184226,0.05941362447961778,0.007072109672418132,False
128,71,-5,6,-0.06981317007977318,0.05799863360473464,0.09076188746717198,69.22713357467556,7.810249675906654,0.06196616995129671,25304.970498442046,0.014693118200120151,135.22754098851996,0.10907496476455082,1.1607822701937265,0.1635609737338005,0.31238909795722275,0.6719816337685881,0.0029390362838215838,-0.9886017506041788,4.154810044969153,-1.4006673998072978,1.8943441997099637,0.9201205275528573,2.894981709912848,0.38063824271658747,0.004630749956332967,False
129,59,-4,-6,-0.06544984694978737,-0.05799863360473464,0.08745012273157107,71.84878775374483,7.211102550927978,0.060567804317169724,113485.07200029778,0.0658941521766319,283.82547506522525,0.2289345311296426,1.0838722475327938,0.14611574407615585,0.5510013539246096,0.50074110895841,0.003190267509182363,0.7205258078164958,-3.0135517113665156,0.3084601586133768,0.5478432562434585,0.9865155595126985,2.876598695165171,0.08958397496167,0.05191836308723,False
129,60,-4,-5,-0.06544984694978737,-0.04833219467061221,0.0813614374714984,77.2255936281932,6.4031242374328485,0.051386948357191466,352011.17927347426,0.20439232937051935,512.3708961762809,0.4132799948758488,0.8867624995471954,0.3458746432221331,0.41177666022036746,0.17814120188832008,0.0035792568813425123,0.6081769970083545,-0.952944948435813,0.19611134780523548,0.3586929830895252,0.9918427450427771,1.3404645089524398,0.08997613612134076,0.06394777763009597,False
129,61,-4,-4,-0.06544984694978737,-0.03866575573648976,0.07601791323381932,82.65400929717029,5.656854249492381,0.042422377190117475,180061.92173651166,0.10455143978840979,374.67914465112506,0.30221739005298465,0.9093278933934991,0.4750640678895809,0.3897649978814187,0.2168305266949343,0.0039202262535485135,0.5631546490519852,-0.7041242965134922,0.1510889998488662,0.7035404149157375,0.9644122204237743,2.770029941583262,0.06004100841843758,0.33512324821349615,False
129,62,-4,-3,-0.06544984694978737,-0.02899931680236732,0.07158661076454628,87.77039784500279,5.0,0.033846385254422254,393577.58881175285,0.2285275153229444,574.5864529713969,0.46346326091490436,0.6832879647552642,0.59497408122889,0.5837595052170418,0.16632245237427787,0.004200248946151448,0.5540466577464761,-0.14584421098750422,0.1419810085433571,0.24867848777587556,0.9952593764673866,1.153399453204849,0.13285181937720209,0.3243827384774562,False
129,63,-4,-2,-0.06544984694978737,-0.01933287786824488,0.06824545869447331,92.06744928345562,4.47213595499958,0.026045682683607685,507143.00295890856,0.29446831749113855,641.7002039960033,0.5175974260022311,0.8567035462607901,0.6739659613128255,0.8719876835594464,0.23197591319666913,0.004408507443307671,0.5365979172092461,-0.16290739008450483,0.1245322680061271,0.24647091383412553,0.9950365022237585,0.9269891820368169,0.1712627449038,0.6567529899548735,False
129,64,-4,-1,-0.06544984694978737,-0.00966643893412244,0.06615982547904513,94.96979869104501,4.123105625617661,0.019951377432493898,725438.37416133,0.4212196880099762,758.0959057876718,0.6114825693603375,0.8385735288809674,0.7772057581476712,0.5282301689344489,-0.39092852270585104,0.004536847679651458,0.47611770906740647,0.8042659843744193,0.06405205986428747,0.45257076403401253,0.979083949371015,0.830446114163733,0.005661114724713155,0.7178431921917884,False
129,65,-4,0,-0.06544984694978737,0.0,0.06544984694978737,95.99999999999999,4.0,0.017453292519943295,157795.1720191906,0.09162243892080423,355.9003664466389,0.2870703678117865,0.8901952885275798,0.5785095131869974,0.1775303666564671,0.20960490203181872,0.06112921206878332,0.024574204857066972,3.4210615748036677,-0.38749144434605204,2.244412852602665,0.005044772191916125,2.4254820527859393,0.0272153932703604,0.755992392377359,False
129,66,-4,1,-0.06544984694978737,0.00966643893412244,0.06615982547904513,94.96979869104501,4.123105625617661,0.019951377432493898,60461.16464379061,0.035106266521149856,216.0192161338669,0.17424178696163473,0.890451772474333,0.5250375531573648,0.3247980583989746,0.04499855639184367,0.004536847679651456,-0.1906886887986095,-3.759760251849077,-0.6027543380017285,1.893609471329641,0.30015977840737174,3.114530281281317,0.2518720121034659,0.15710382122065158,False
129,67,-4,2,-0.06544984694978737,0.01933287786824488,0.06824545869447331,92.06744928345562,4.47213595499958,0.026045682683607685,34686.76830735863,0.020140580158019946,157.6339349923812,0.1271480334501619,1.1604960408239238,0.48314734360623907,0.5237224378754137,0.28433959807650483,0.00440850744330767,0.5399333368097116,0.3049840059236306,0.12786768760659256,1.4640543745889911,0.8519049034373688,2.954994705968631,0.2021901600381755,0.07588115292243598,False
129,68,-4,3,-0.06544984694978737,0.02899931680236732,0.07158661076454628,87.77039784500279,5.0,0.033846385254422254,24306.99722264365,0.01411365341462397,131.92164896297055,0.10640842173961464,1.2544688521643632,0.10399557452965877,0.3831980184186751,0.18995243661115158,0.004200248946151448,0.7794042072839851,-2.6472969339731236,0.3673385580808661,1.1430944304161188,0.9516038992496523,2.9971630395531115,0.01770165590109253,0.04341383061009518,False
129,69,-4,4,-0.06544984694978737,0.03866575573648976,0.07601791323381932,82.65400929717029,5.656854249492381,0.042422377190117475,32025.272385799035,0.018595204945390454,156.48265426660953,0.12621940675415244,1.0105857523872175,0.3460198921018972,0.4936614572643028,-0.346981218630142,0.003920226253548512,0.3510516426653945,2.481494817526741,-0.061014006537724486,2.3203345317313455,0.4918987058906058,3.0140674485256875,0.14603955718516373,0.018213259264145455,False
129,70,-4,5,-0.06544984694978737,0.04833219467061221,0.0813614374714984,77.2255936281932,6.4031242374328485,0.051386948357191466,26414.593589411244,0.015337411511357044,134.76409114320455,0.10870114464493329,1.205155470881166,0.155370983525504,0.2668882968537285,-0.12477863881914006,0.00357925688134251,0.1954090627726563,0.6451064573651739,-0.2166565864304627,1.8484687874354164,0.32095707597633694,3.1078243423726937,0.05265218862136278,0.0007876100759341749,False
129,71,-4,6,-0.06544984694978737,0.05799863360473464,0.08745012273157107,71.84878775374483,7.211102550927978,0.060567804317169724,28385.256065179776,0.016481660096463718,137.24664416684996,0.110703579811622,1.236666188437295,0.29370577714534096,0.398469428625557,0.46419497790831477,0.003190267509182357,-0.26159762963238636,6.053368708915627,-0.6736632788355054,3.607369265940474,0.1819495759881513,3.0686992134282147,0.4084995597637803,0.004559410816928483,False
130,59,-3,-6,-0.061086523819801536,-0.05799863360473464,0.08423422637149007,74.59183253455028,6.708203932499369,0.05945745368451527,57500.45401833329,0.03338715480833935,189.11212421247487,0.1525384410175454,1.3523831598296792,0.22044941399925458,0.6849338736193193,-0.1996353668185707,0.0033956594328459623,-0.1298627813935756,-6.92990707438029,-0.5419284305966946,2.6078845997885804,0.09492127915467719,3.123440644584708,0.06708703013134008,0.05934042294481427,False
130,60,-3,-5,-0.061086523819801536,-0.04833219467061221,0.07789457255845965,80.66268420003298,5.830951894845301,0.050073429484188296,892029.1492832458,0.51794921986486,848.7604075648475,0.6846128449273579,0.732376388452003,0.3492101191363651,0.7761364875070591,0.05969313231300602,0.0038096922457842674,0.6028550475208171,-0.8863688905326468,0.1907893983176981,0.15540696297746906,0.9984312680179827,0.941616898579435,0.05332610601054447,0.28677348974053635,False
130,61,-3,-4,-0.061086523819801536,-0.03866575573648976,0.07229525613109805,86.91006358405933,5.0,0.04082141552303049,406604.73131865537,0.23609161600725515,546.0189845772758,0.44042065002570907,0.8197637885389241,0.6980235316569471,0.5165887648306442,-0.40068733319547706,0.004172613493519892,0.21193097647557135,-1.1297848359621132,-0.20013467272754765,1.7276946991620556,0.38890754290721086,3.079976319310843,0.07407551632422293,0.45846487600553204,False
130,62,-3,-3,-0.061086523819801536,-0.02899931680236732,0.06762043897662336,92.91843416384367,4.242640687119285,0.03181678289258811,126218.1188404849,0.07328748868662918,303.4878171463116,0.24479423880461326,1.1507733741455548,0.6117982058325939,0.6158929375042264,0.5956797035466525,0.004470664266632576,0.5524983139188817,-0.044874403688242914,0.1404326647157627,0.9605333063560078,0.9333037541541997,3.1022355038354084,0.24363999128774746,0.32987910547666827,False
130,63,-3,-2,-0.061086523819801536,-0.01933287786824488,0.06407279890137196,98.06322518938761,3.605551275463989,0.023347536600217513,263779.4690746917,0.15316132923838033,481.35614969739345,0.3882634016978858,0.6631584727074273,0.8213211950284843,0.726370557857299,0.45312233208357605,0.004692330609126877,0.4977617592818526,0.471090925723332,0.08569611007873362,0.34451484528463255,0.988800543337814,2.1412129851060873,0.28885907505595804,0.6710253770316612,False
130,64,-3,-1,-0.061086523819801536,-0.00966643893412244,0.061846612146942204,101.59303944169619,3.1622776601683795,0.01627228749429968,964824.522654422,0.5602172409016923,933.4145300324009,0.7528951294222466,0.5900804431088714,0.8761832869274767,0.822047986367799,-0.21856348561191527,0.00482893349051539,0.47813250526138756,0.8465725611448605,0.06606685605826856,0.140109867803952,0.9979738318028207,0.716990712082093,0.07285825124459265,0.6845431308843692,False
130,65,-3,0,-0.061086523819801536,0.0,0.061086523819801536,102.85714285714285,3.0,0.01308996938995747,107163.32754992506,0.06222348445362473,305.5320218065799,0.24644310078687193,0.7104457501379614,0.4989417756370689,0.4931073205018697,0.2768849957988883,0.0650647586719162,0.23904423355147125,1.5620455376059454,-0.17302141565164775,1.4727133407843704,0.5270316792054965,2.952738953252687,0.07829875567153917,0.8142479397816272,False
130,66,-3,1,-0.061086523819801536,0.00966643893412244,0.061846612146942204,101.59303944169619,3.1622776601683795,0.01627228749429968,73024.85245544744,0.04240126613624318,230.97978151584908,0.1863090265932124,1.2117914713542566,0.30168180842586434,0.5779100430090757,-0.1989713422421251,0.004828933490515387,0.6155527744402445,-0.4355503873778357,0.20348712523712548,0.7754094266641587,0.9638381121236045,3.1036677105918415,0.2547837816915831,0.36058122108881696,False
130,67,-3,2,-0.061086523819801536,0.01933287786824488,0.06407279890137196,98.06322518938761,3.605551275463989,0.023347536600217513,105636.03515463482,0.06133667497516572,265.94265508782235,0.21451019164474713,1.2021412437576866,0.5648098884657009,0.532622429458026,-0.1398344821526385,0.004692330609126876,0.5065425443155146,0.5505356742481933,0.0944768951123956,0.7972699494845403,0.9446683364447187,2.6985090478442313,0.19693005017998536,0.0053518023419972865,False
130,68,-3,3,-0.061086523819801536,0.02899931680236732,0.06762043897662336,92.91843416384367,4.242640687119285,0.03181678289258811,41450.53180324846,0.024067902520592377,176.94503155121012,0.14272442536945237,0.9931349218784167,0.43360919574827556,0.16285755997504733,-0.34265644714771926,0.0044706642666325755,-0.21112599023686435,-2.501014615449253,-0.6231916394399833,2.538484972538293,0.22634306595517317,2.9904050460060376,0.17845075360855914,0.02089143288801152,False
130,69,-3,4,-0.061086523819801536,0.03866575573648976,0.07229525613109805,86.91006358405933,5.0,0.04082141552303049,37482.48535792633,0.02176388973985137,166.45258316373818,0.13426118312019392,1.0993923471180493,0.15322080297552634,0.2971104031510832,0.10648252526049723,0.004172613493519887,-0.24436231709455156,2.4410712286213867,-0.6564279662976705,1.702288871371379,0.46568020617706596,2.9960824282983554,0.1786847486778535,0.010179818172248922,False
130,70,-3,5,-0.061086523819801536,0.04833219467061221,0.07789457255845965,80.66268420003298,5.830951894845301,0.050073429484188296,26179.374452880544,0.015200833498899429,141.20529059834558,0.11389663661702051,1.078365341637327,0.4405290548421297,0.2531178751072842,0.2696028973075731,0.00380969224578427,-0.06542814598240071,1.132752276871694,-0.4774937951855197,1.347814594521995,0.09063419930226957,2.942860659514202,0.021932714585147797,0.011504566000041128,False
130,71,-3,6,-0.061086523819801536,0.05799863360473464,0.08423422637149007,74.59183253455028,6.708203932499369,0.05945745368451527,33104.52724580122,0.01922186519883918,148.43569493876717,0.11972870376029492,1.3087865678172006,0.37630877864958895,0.19724847147323554,0.273236380631036,0.0033956594328459623,0.380702968856251,5.3598544578193845,-0.03136268034686801,2.617025670152074,0.4723058978370803,3.118589139571101,0.22300473881685193,0.01943789430719821,False
131,59,-2,-6,-0.05672320068981571,-0.05799863360473464,0.08112560013037416,77.45009339939668,6.324555320336759,0.05865147785830236,150993.42121344307,0.08767305954639382,319.4442064142474,0.2576647131506439,1.0735853381695444,0.14605781129437587,0.09107301911863723,-0.5275953992513944,0.003547906010933788,0.4135195394064036,-3.1550128034689324,0.0014538902032846246,1.7302592045219398,0.7072396299886858,1.8972894000006029,0.18308792314001365,0.2947746195412146,False
131,60,-2,-5,-0.05672320068981571,-0.04833219467061221,0.0745219601069045,84.31320510311491,5.385164807134504,0.0491136986656944,592854.4111792304,0.34423592548568155,706.3152558267104,0.5697161323705761,0.7070193993633389,0.35469053895445196,0.7184138874691618,0.27848950365766734,0.003980502251751875,0.6052730066227132,-0.801106008204064,0.19320735741959422,0.17507861962713955,0.998025665389903,0.9426596834037633,0.18922399334892578,0.6029913172998892,False
131,61,-2,-4,-0.05672320068981571,-0.03866575573648976,0.0686481038570695,91.52744146089816,4.47213595499958,0.03963830245634351,120010.8535195966,0.06968329230691266,317.69754123843023,0.2562558474631143,0.8276742344520971,0.49441043499841686,0.474727819989525,-0.3428774272998991,0.004359695307416362,0.5602988411886477,-0.20292819165459264,0.1482331919855287,0.41418021739794664,0.9872450241138022,1.4723185430999128,0.10537653482503379,0.6061584319088335,False
131,62,-2,-3,-0.05672320068981571,-0.02899931680236732,0.0637062153286567,98.62750870955047,3.605551275463989,0.030283902158584862,156651.5763269686,0.09095841970450044,328.63107064509546,0.2650748670656776,1.2271337688644877,0.8009801262412142,0.6272831886672809,-0.4607937902946489,0.004671109378939928,0.4535201238954655,0.7262921099499726,0.04145447469234648,0.48818183460462383,0.9733346240466832,2.362191027434459,0.17351998176414357,0.38866593561224316,False
131,63,-2,-2,-0.05672320068981571,-0.01933287786824488,0.059927303152783225,104.84678896964137,2.8284271247461903,0.021211188595058737,169297.61977019123,0.09830123842410987,371.88123300186027,0.299960585615612,0.8582394668799812,0.6358500958534153,0.6853361802851023,-0.03393911057942719,0.0049027142746930034,0.5352056812677406,0.2824550073767247,0.1231400320646216,0.4562649339032241,0.9831069160596303,1.6038571074207848,0.19559921078159562,0.39040869614382623,False
131,64,-2,-1,-0.05672320068981571,-0.00966643893412244,0.05754095531153639,109.19501202511091,2.23606797749979,0.013022841341803842,961829.0945003649,0.5584779707480187,928.5159866303502,0.7489439487302775,0.6566465791235725,0.9398407346247217,0.912270753793483,0.3995049020494854,0.005045441834265422,0.45451002929624285,1.0635510635597907,0.042444380093123846,0.1960584415780031,0.995619808352974,0.8312001377528474,0.1285519216523667,0.633205968245614,False
131,65,-2,0,-0.05672320068981571,0.0,0.05672320068981571,110.76923076923076,2.0,0.008726646259971648,208539.89635993505,0.12108693613556987,385.76110623837326,0.3111561355246177,1.066916616175324,0.7008800219177461,0.435334772136999,-0.283973335947127,0.06798197904039323,0.034644009389683164,1.1588585783184244,-0.37742163981343585,1.589425542609903,0.01969792180692942,2.855821245077767,0.1589889233409849,0.7996770332979456,False
131,66,-2,1,-0.05672320068981571,0.00966643893412244,0.05754095531153639,109.19501202511091,2.23606797749979,0.013022841341803842,164626.68310013498,0.0955890983486003,349.7463789434007,0.2821065419138197,1.0702365803148475,0.7987760281363726,-0.0017603796957635395,0.30969125965083993,0.005045441834265418,0.3303850677433232,2.9912215762225376,-0.08168058145979579,0.39567251997938646,0.9672008156022981,1.5789808660020912,0.3464255031689448,0.6737079581329631,False
131,67,-2,2,-0.05672320068981571,0.01933287786824488,0.059927303152783225,104.84678896964137,2.8284271247461903,0.021211188595058737,107395.83097820837,0.06235848561293887,274.81529197200786,0.22166688878230248,0.9536150106225978,0.48900363538438857,0.7758048265656105,-0.21465632145632096,0.004902714274693003,0.19704693032915443,-1.4817444436107827,-0.21501871887396456,1.040660960403583,0.6026022739966177,2.680375046810667,0.3362625583879453,0.349160513232221,False
131,68,-2,3,-0.05672320068981571,0.02899931680236732,0.0637062153286567,98.62750870955047,3.605551275463989,0.030283902158584862,46410.874502396095,0.026948083771788322,183.51700671074832,0.1480254014407468,1.1069608812048148,0.269323696997065,0.5890329410447465,-0.3214551211663889,0.0046711093789399295,0.02831784479040015,-0.9301973457254851,-0.38374780441271883,2.173779000789636,0.007126366607425938,2.955970429636046,0.04837858211751876,0.009123550903588499,False
131,69,-2,4,-0.05672320068981571,0.03866575573648976,0.0686481038570695,91.52744146089816,4.47213595499958,0.03963830245634351,32013.452320992692,0.01858834172421644,155.99214642400037,0.1258237615678374,1.0519273306872747,0.2481958307498675,0.24938212989571723,0.3694482113653319,0.004359695307416361,0.2825766053298905,-0.0014455563592017384,-0.12948904387322852,1.706991738765285,0.5368287285140665,3.1246498094770754,0.05034393855391861,0.011231584499874646,False
131,70,-2,5,-0.05672320068981571,0.04833219467061221,0.0745219601069045,84.31320510311491,5.385164807134504,0.0491136986656944,28211.581376706086,0.016380817349926233,148.354816117001,0.11966346664535624,1.0148795814247498,0.24532601404033164,0.24128773807575576,0.573851122727542,0.003980502251751876,-0.698107290328417,5.083986111627217,-1.110172939531536,2.538869247641353,0.761778703328146,2.985203979402391,0.006908737186140236,0.010806292128866355,False
131,71,-2,6,-0.05672320068981571,0.05799863360473464,0.08112560013037416,77.45009339939668,6.324555320336759,0.05865147785830236,34304.370309809085,0.01991854397829665,148.39505227524853,0.11969592125860312,1.5349627989085946,0.5133404412874543,0.2835520569403884,0.47294983520142286,0.00354790601093379,0.6915277193909246,2.4337697729039176,0.2794620701878056,1.8511938266748718,0.8551146766879316,2.7808978186976625,0.2807793366299169,0.0009427700492343344,False
132,59,-1,-6,-0.05235987755982988,-0.05799863360473464,0.07813704805082305,80.41237113402062,6.082762530298219,0.058162531657012004,240391.0482817169,0.13958103949860434,420.78161931372705,0.33940379278294935,0.8803552086300348,0.3533403475435867,0.5747812306084161,-0.536530527080696,0.003641523740600388,0.40752983213629945,-3.819138816979315,-0.0045358170668195474,1.436307901880072,0.7729816729721073,2.6834964551404115,0.03391423301530323,0.5456375477556669,False
132,60,-1,-5,-0.05235987755982988,-0.04833219467061221,0.0712569843577339,88.17641335529854,5.0990195135927845,0.04852875055484762,193086.82864894075,0.11211424239360014,406.3881053104074,0.3277939385973775,0.75515513481544,0.3019518727069628,0.2780928656816748,0.34519021429560415,0.004085534792803804,0.3165861096741673,1.287320164140361,-0.09547953952895172,1.347933552240094,0.6999780109166849,2.4665613577145242,0.0551638333002516,0.6066665290677579,False
132,61,-1,-4,-0.05235987755982988,-0.03866575573648976,0.06508914997719872,96.53199203524149,4.123105625617661,0.03891117134462236,114644.77447935227,0.06656752366318508,301.3142319526022,0.24304101807247905,0.9937022509119783,0.3371312901416016,0.052370710834446756,0.4007807325947655,0.004474733523045706,0.15725729739843675,0.6425013428119688,-0.25480835180468225,1.194464595664712,0.4229972262102788,2.774947619276569,0.0423598639361896,0.5483561253153513,False
132,62,-1,-3,-0.05235987755982988,-0.02899931680236732,0.05985413229748169,104.97496273024989,3.1622776601683795,0.02932573892915118,160557.49899415276,0.09322636083618438,354.8954392989065,0.2862597903774224,0.9129351567477763,0.8581674257222733,0.5326077172582533,-0.01177019557240164,0.004794364801640826,0.4135559538361225,0.8734154840392092,0.0014903046330034808,0.519990580852088,0.96396703383083,1.2044140392977654,0.008998164207534161,0.23193297587845232,False
132,63,-1,-2,-0.05235987755982988,-0.01933287786824488,0.055815024363954635,112.57157689672657,2.23606797749979,0.019819151228171756,135372.39622010925,0.07860284282165131,325.9271168255661,0.2628938493126803,0.8617336500298264,0.6629705915789874,0.4222065511849943,-0.23334628864478948,0.005032080999230325,0.35364562013840833,-3.0436273908954723,-0.058420029064710666,0.8459880994138984,0.880822136825807,1.7721326599020852,0.06637037353830984,0.40671777878445425,False
132,64,-1,-1,-0.05235987755982988,-0.00966643893412244,0.053244688183399995,118.0058616464672,1.4142135623730951,0.010605594297529369,236986.82852136198,0.13760440793836762,454.16384588257415,0.3663300029332054,0.6641393232221571,0.554620896141508,0.06750690483098089,0.19233455262432284,0.00517857467606934,0.5611495777437356,-0.5565077680763189,0.14908392854061664,0.35655045485261494,0.9905447235503132,1.4996474653739593,0.3208925107650919,0.7029576263115406,False
132,65,-1,0,-0.05235987755982988,0.0,0.05235987755982988,120.0,1.0,0.004363323129985824,1391760.3451202656,0.8081139339147256,1101.2245174250372,0.8882511991118184,0.6702917030131725,0.9778194666609608,0.6936151697620879,0.3204578865148304,0.06977580292309772,0.40427595424960533,1.5520101561630977,-0.007789694953513671,0.14378940557153316,0.9970179401100566,0.502890839418331,0.47622860873450074,0.8046099568825487,False
132,66,-1,1,-0.05235987755982988,0.00966643893412244,0.053244688183399995,118.0058616464672,1.4142135623730951,0.010605594297529369,180126.7565843762,0.10458908559729226,399.8363443764572,0.3225092673847504,0.7121841054635212,0.8461559451944906,0.1587706006871442,-0.5189703634836813,0.005178574676069339,0.4174795022291986,2.5121363305072233,0.005413853026079607,0.44968308737261947,0.9733003775989657,1.1013444309738218,0.5937637169060443,0.8244708000976991,False
132,67,-1,2,-0.05235987755982988,0.01933287786824488,0.055815024363954635,112.57157689672657,2.23606797749979,0.019819151228171756,98337.49805985294,0.05709884082206152,259.8996258720278,0.20963586505442705,1.2851919836265218,0.7046186300170424,0.6843459780145855,-0.31047085092814825,0.005032080999230324,0.34155604301577747,-3.9316435938659535,-0.07050960618734153,0.6863003141162938,0.9128588087832097,2.1809986269868844,0.4486416858343322,0.5727383193159555,False
132,68,-1,3,-0.05235987755982988,0.02899931680236732,0.05985413229748169,104.97496273024989,3.1622776601683795,0.02932573892915118,32113.63938733064,0.018646514501296636,152.34310055949,0.12288042956471026,1.1699660540958263,0.10118488551956425,0.3778734942976622,0.6329479990032033,0.004794364801640829,-0.03997007393300556,0.24864259888927015,-0.45203572313612456,1.568076269265834,0.026745248506128028,2.9277100550123576,0.05369840823628325,0.02174490004149594,False
132,69,-1,4,-0.05235987755982988,0.03866575573648976,0.06508914997719872,96.53199203524149,4.123105625617661,0.03891117134462236,35254.92243442359,0.020470474071366554,158.12324286773023,0.12754271073906745,1.356743314641473,0.10456806203269516,0.45147281176587356,0.4597774253523378,0.004474733523045702,-0.215538689811391,4.955854187191969,-0.62760433901451,2.361577727895279,0.260527061211807,3.0746972739339995,0.10874808409374329,0.022416553013435873,False
132,70,-1,5,-0.05235987755982988,0.04833219467061221,0.0712569843577339,88.17641335529854,5.0990195135927845,0.04852875055484762,26962.317092684527,0.015655442554905336,140.1606299733713,0.11305401003350779,1.1566392087231911,0.16906538682997965,0.3486369545277979,0.23198714582831947,0.004085534792803808,0.3001404430129647,-1.0794129161187906,-0.11192520619015428,1.6748361643036727,0.5759619389836543,3.0413237097138697,0.11351982515549972,0.010613506296563317,False
132,71,-1,6,-0.05235987755982988,0.05799863360473464,0.07813704805082305,80.41237113402062,6.082762530298219,0.058162531657012004,26211.412088157307,0.015219435882253435,139.81216470906404,0.11277293684273512,1.1568833868491823,0.19247305682172797,0.0921964067815338,-0.10218028916474016,0.0036415237406003885,0.044630039237551045,5.015108891986421,-0.36743560996556796,2.6810196567814253,0.011584535879808788,3.0917288201679196,0.31855107467323396,0.006451405318135055,False
133,59,0,-6,-0.04799655442984407,-0.05799863360473464,0.07528287147255502,83.46102087073248,6.0,0.057998633604734645,72461.23177124893,0.042074004528351916,234.48423937824478,0.18913573345385196,0.9080929810680435,0.19939595191010742,0.3810771750940129,-0.5478296271187328,0.05218891919615502,0.23372430552092274,-7.103333943786783,-0.17834134368219626,2.7845849575837813,0.2295656947250455,3.0784123806164834,0.04113641831847202,0.47044307124299956,False
133,60,0,-5,-0.04799655442984407,-0.04833219467061221,0.06811512518387483,92.2436138848502,5.0,0.0483321946706122,185526.87511504645,0.10772461898472228,382.8534134622788,0.30881078128109446,0.9042021239526947,0.8366969448138846,0.38628039576558093,0.3291615343708154,0.05855231500964039,0.46055555630393,0.8633976484235113,0.048489907100811025,0.557273885265453,0.9665412912231823,1.2715197422615425,0.030659178137780758,0.5578289428482102,False
133,61,0,-4,-0.04799655442984407,-0.03866575573648976,0.061633675079544585,101.94403139307352,4.0,0.03866575573648976,64487.51052873451,0.037444130380967056,229.81973131142624,0.18537332640782433,0.9006015255339038,0.11934361641804508,0.20969913370366838,0.03510636085474041,0.06413016168337694,0.7064547541057915,-2.106025639907619,0.2943891049026725,0.912430435261341,0.9620557060847955,2.946592817307595,0.016845973056512996,0.5139847732832821,False
133,62,0,-3,-0.04799655442984407,-0.02899931680236732,0.056076997174786807,112.04568047029123,3.0,0.028999316802367323,226707.2478005445,0.13163565588675202,430.5683225990165,0.34729777878758045,0.9142419185289986,0.8258694550672944,0.4240079795172718,-0.4584882078768645,0.06871099436755831,0.39204127014742884,1.819494446099596,-0.020024379055690156,0.47782187813282456,0.966069346630643,1.3762619854007536,0.21200699231895212,0.47673283399373645,False
133,63,0,-2,-0.04799655442984407,-0.01933287786824488,0.051743882767004035,121.4285625891654,2.0,0.01933287786824488,105999.17340569978,0.06154752814514712,274.60429165853583,0.22149669525819465,1.2746925085745762,0.8004460591148559,0.48719933000122456,-0.1468144382948372,0.0721178515821072,0.399388995379436,1.1823095315982695,-0.012676653823682993,0.6625382038105062,0.9389101404898319,2.46430980562184,0.23079951816332356,0.6155319582327402,False
133,64,0,-1,-0.04799655442984407,-0.00966643893412244,0.04896028266670958,128.33229231848006,1.0,0.00966643893412244,414557.4798578016,0.2407093125308967,591.0171549568684,0.4767163174078438,0.821301551381877,0.8641003722022043,0.7363644078475869,0.47416278617307167,0.07421734267646932,0.339595312742826,2.43407542400469,-0.072470336460293,0.27775118673968907,0.9844299953090423,1.030434874338382,0.3094901700364652,0.6827139445519111,False
133,65,0,0,-0.04799655442984407,0.0,0.04799655442984407,130.9090909090909,0.0,0.0,1722232.827218059,1.0,1239.766992182139,1.0,0.6472114135554556,1.0,1.0,1.0,1.0,0.412065649203119,1.342591199756228,0.0,0.20009464962460943,0.994455797996389,0.7123142979044251,0.4168818419203573,0.8059056790439103,True
133,66,0,1,-0.04799655442984407,0.00966643893412244,0.04896028266670958,128.33229231848006,1.0,0.00966643893412244,636959.8696814368,0.3698453888550742,758.4681108641518,0.6117827911591328,0.6713717170705967,0.9532280317547048,0.8834572639530756,0.133499787357095,0.07421734267646932,0.40049393807264905,1.7896245878380324,-0.011571711130469953,0.25120690091436904,0.9907835124237433,1.0945808639741077,0.5048733461544547,0.759831627033277,False
133,67,0,2,-0.04799655442984407,0.01933287786824488,0.051743882767004035,121.4285625891654,2.0,0.01933287786824488,94372.20465460888,0.05479642657087736,281.7843989332408,0.2272881926282506,0.8133816194282832,0.5577013401127004,0.5981852724343767,-0.29456159725669245,0.0721178515821072,0.5193278255323103,1.5119408044466818,0.10726217632919127,0.6409703206692816,0.9652350836996609,1.89657843751106,0.6543921914374962,0.5479825645144677,False
133,68,0,3,-0.04799655442984407,0.02899931680236732,0.056076997174786807,112.04568047029123,3.0,0.028999316802367323,41621.80032892559,0.024167348148947852,177.79338105247092,0.14340870677604764,1.1008374155786635,0.19801580085472648,0.4330815274316548,0.40314266466220244,0.06871099436755831,0.30385932425352996,-2.902774912875145,-0.10820632494958904,1.4764892445790554,0.6417444140690203,3.1164173956452146,0.07197703671425308,0.03009590252898782,False
133,69,0,4,-0.04799655442984407,0.03866575573648976,0.061633675079544585,101.94403139307352,4.0,0.03866575573648976,72351.47346860306,0.04201027429344333,235.81455071183734,0.1902087668076849,1.0657854846468158,0.4690094026670322,0.6355843183088111,0.4819819141162867,0.06413016168337694,0.3041706556668975,3.1708908647122733,-0.1078949935362215,1.1071271801734048,0.7614760135719297,2.282400487516981,0.060286226161098286,0.01599318816918325,False
133,70,0,5,-0.04799655442984407,0.04833219467061221,0.06811512518387483,92.2436138848502,5.0,0.0483321946706122,39133.958198558576,0.022722803549025408,171.2337932538918,0.13811772238951106,1.1125177541181943,0.31075285878518627,0.3991090321834159,-0.3235773965192774,0.05855231500964039,-0.15078075805240582,1.6728422081116934,-0.5628464072555248,3.047755792171773,0.09380730077316368,3.0787479006232994,0.08498243638186462,0.03870006636066819,False
133,71,0,6,-0.04799655442984407,0.05799863360473464,0.07528287147255502,83.46102087073248,6.0,0.057998633604734645,25936.40046465626,0.015059752697056417,138.82742126787087,0.11197863965027649,1.1097261239709495,0.49906040911250704,0.5017546100674214,0.53598156174615,0.05218891919615502,0.04731368721154641,1.5984734011078507,-0.36475196199157256,1.5832379307700033,0.03639686579278156,2.9627175814226163,0.4275420453972665,0.011373047724372412,False
134,59,1,-6,-0.043633231299858244,-0.05799863360473464,0.07257892513452636,86.57038245652699,6.082762530298219,0.058162531657012004,57769.72631636899,0.033543505502496455,197.5339944755742,0.159331548364496,1.1541766865660517,0.17467951539575088,0.008429237429415903,-0.41442328010883006,0.0036415237406003885,0.7237227659935334,-2.2474652922269254,0.31165711679041436,1.4891040991897608,0.9090107467563006,2.8656090229980116,0.2956465199429224,0.3070062246877429,False
134,60,1,-5,-0.043633231299858244,-0.04833219467061221,0.06511420670901923,96.49484536082473,5.0990195135927845,0.04852875055484762,262806.544840586,0.15259640896817664,457.1343530673271,0.36872602347858585,0.8711924448594679,0.7210615234143943,0.717499417272749,0.04657996346648337,0.004085534792803808,0.5083208838044989,0.4664083233349343,0.09625523460137991,0.47640478515598583,0.9796546684871508,1.1865643116506794,0.23676831577988525,0.31083921579282664,False
134,61,1,-4,-0.043633231299858244,-0.03866575573648976,0.058300081821047386,107.77318163061724,4.123105625617661,0.03891117134462236,62985.857957817025,0.03657220845079277,222.27118308182824,0.17928464339142006,0.9378765159164203,0.446093600778314,0.0153481509615645,0.4181000132146301,0.004474733523045702,-0.41652561742018696,4.0272193176017375,-0.828591266623306,1.5386109162154304,0.7560757715818941,2.9979501644013182,0.11698648842815847,0.5269067756346144,False
134,62,1,-3,-0.043633231299858244,-0.02899931680236732,0.05239102259615661,119.92866326759804,3.1622776601683795,0.02932573892915118,376847.79765325726,0.21881350285372478,581.98736443488,0.46943285964607934,0.5843518170489974,0.8987071082583464,0.5521957290817279,-0.536670420153708,0.004794364801640829,0.43389656218957107,0.9851096244025568,0.021830912986452067,0.29282538337669367,0.9893460979066504,0.8439783278250783,0.19904260548427485,0.5161989684203621,False
134,63,1,-2,-0.043633231299858244,-0.01933287786824488,0.04772440717636419,131.65559676750416,2.23606797749979,0.019819151228171756,150628.91853773204,0.08746141413472215,331.4176246037596,0.2673225103536792,1.1779114615565804,0.8811233350188035,0.31646347315493034,0.3230706652785549,0.005032080999230324,0.4463676835236589,0.0555419696243149,0.03430203432053991,0.4734419176947226,0.9740902888303652,1.5594612304150812,0.37114096891823534,0.5004724181457775,False
134,64,1,-1,-0.043633231299858244,-0.00966643893412244,0.04469115030220242,140.59126392345163,1.4142135623730951,0.010605594297529369,408575.70091636246,0.23723604292013126,583.2253246347561,0.47043140228165736,0.7282092397163089,0.8282049965818018,0.593972821484761,0.07680206007600066,0.005178574676069339,0.47260733600047444,0.30143642848492647,0.06054168679735544,0.4456789053253893,0.9794068951440362,1.166454174400755,0.20830047220746792,0.5191075996144523,False
134,65,1,0,-0.043633231299858244,0.0,0.043633231299858244,143.99999999999997,1.0,0.004363323129985824,610194.5656940027,0.3543043403020348,721.2986814719674,0.5818018111632373,0.6663767959007996,0.7852854078605643,0.7027585656634185,-0.12553717470539358,0.06977580292309772,0.23082601156492044,2.8158417585468887,-0.18123963763819856,1.088388185463007,0.6554495373363179,1.1818754936035585,0.2908996707849578,0.6816697038523,False
134,66,1,1,-0.043633231299858244,0.00966643893412244,0.04469115030220242,140.59126392345163,1.4142135623730951,0.010605594297529369,961836.4468985589,0.558482239856166,929.1253569376088,0.7494354687587194,0.6708097110819716,0.9405814028359969,0.8618887713676866,0.2917271861887177,0.00517857467606934,0.3698932696979306,1.9143616530713317,-0.04217237950518837,0.15915270777097562,0.9956419338452301,0.6838183728945767,0.35395177181659754,0.7184919894449662,False
134,67,1,2,-0.043633231299858244,0.01933287786824488,0.04772440717636419,131.65559676750416,2.23606797749979,0.019819151228171756,144755.69134500908,0.08405117418347814,351.51649421587865,0.2835343225239183,0.7320437084968479,0.773323252401119,0.5361876832099972,-0.37828853389807354,0.005032080999230325,0.3413441696602474,2.7804227152648346,-0.07072147954287161,1.0562933937278973,0.8153866237468909,2.7117117430121613,0.578628000189024,0.5096538660767835,False
134,68,1,3,-0.043633231299858244,0.02899931680236732,0.05239102259615661,119.92866326759804,3.1622776601683795,0.02932573892915118,81570.26154497001,0.04736308602172641,234.23840540181837,0.18893744298638782,1.1426279423159564,0.5680900196968856,0.3498816641705766,0.7072697469000886,0.004794364801640826,-0.048104322681111186,-1.1525253275483682,-0.4601699718842302,1.902150290142415,0.026337323692447567,2.935190660537988,0.3445826324949184,0.08437824334758097,False
134,69,1,4,-0.043633231299858244,0.03866575573648976,0.058300081821047386,107.77318163061724,4.123105625617661,0.03891117134462236,61093.45986052188,0.035473403418518505,217.3146576758406,0.17528669423061563,1.1475317386439001,0.7619704319288532,0.647292706739543,0.5095813027586837,0.004474733523045706,0.3818587312711964,2.1270646513531872,-0.030206917931922594,0.7881961541657723,0.9084842183783345,2.6109499802771508,0.15470733264858752,0.03850996717460945,False
134,70,1,5,-0.043633231299858244,0.04833219467061221,0.06511420670901923,96.49484536082473,5.0990195135927845,0.04852875055484762,42222.46565089422,0.024516119414061233,186.27945981362882,0.15025360490180062,0.7389767937893998,0.2669176351664895,0.1085407602714815,0.10980433280639612,0.004085534792803804,0.48570298772943615,-3.074336571668743,0.07363733852631715,2.4010439318621577,0.633795729290423,2.8260317399009987,0.09048659384447424,0.023677203116083227,False
134,71,1,6,-0.043633231299858244,0.05799863360473464,0.07257892513452636,86.57038245652699,6.082762530298219,0.058162531657012004,51440.19072215247,0.029868313917372227,188.86966083534386,0.15234286928619592,1.171252986647996,0.40987946373229467,0.21635862908638837,-0.13648933333225471,0.003641523740600388,0.38377296953025103,0.4204605597600075,-0.02829267967286797,1.3162805898568433,0.7823868384478313,2.973997079444664,0.4164379673045561,0.015421166068529085,False
135,59,2,-6,-0.039269908169872414,-0.05799863360473464,0.07004260980065254,89.70518553009501,6.324555320336759,0.05865147785830236,64666.67407723408,0.03754816018789448,203.8516941045063,0.1644274249838696,1.2268701942840483,0.47360454027404564,0.3825285591334124,-0.28390003246712003,0.00354790601093379,0.4859110125731074,-0.4480073097984194,0.07384536336998843,1.1311093014790432,0.8864318736573574,2.527799386752741,0.3623889709579281,0.05873143657568578,False
135,60,2,-5,-0.039269908169872414,-0.04833219467061221,0.06227460742026534,100.89482001511452,5.385164807134504,0.0491136986656944,87069.91084312451,0.050556411111829444,245.25551934626125,0.19782388214303243,1.226979880084892,0.3984750209581414,0.2528445256266855,0.334083687586193,0.003980502251751876,0.267747134632699,-1.6582772226553382,-0.14431851457042,0.8300295687285734,0.8148476200199516,1.9189885485467124,0.24323243474904438,0.14906444705070784,False
135,61,2,-4,-0.039269908169872414,-0.03866575573648976,0.05511049223463807,114.0106911117458,4.47213595499958,0.03963830245634351,86876.94171076092,0.05044436520879361,244.66072073953598,0.19734411569459814,1.2505191117183636,0.3368390599547874,0.44693367210661356,-0.31478093370791593,0.004359695307416361,0.516495974156451,0.9209042280478696,0.10443032495333199,1.0426799354729028,0.9121115989828508,2.1163482305265737,0.06849579016838835,0.5788122071251517,False
135,62,2,-3,-0.039269908169872414,-0.02899931680236732,0.048816862482899036,128.70932271365535,3.605551275463989,0.030283902158584862,77353.18963905654,0.04491447870263045,251.27998540696552,0.2026832356334012,0.8650735588038301,0.48683315107174097,-0.0028278223146281775,0.07808853753742329,0.0046711093789399295,0.17878231392052454,4.374861186986199,-0.23328333528259446,0.9673903786897862,0.5909254019055261,2.219532720544734,0.07762196752869369,0.4536243267504572,False
135,63,2,-2,-0.039269908169872414,-0.01933287786824488,0.04377083337496197,143.5473081664862,2.8284271247461903,0.021211188595058737,93313.13326307818,0.05418148567856988,272.13385219974083,0.21950403093145152,0.9630871223813902,0.5977696012170179,0.17205848827994621,-0.06154193899150275,0.004902714274693003,0.27345182916746,2.8777428411101282,-0.13861382003565897,0.6041082982014686,0.8965441503300785,2.0554740221618086,0.13332117897445714,0.4728564060734258,False
135,64,2,-1,-0.039269908169872414,-0.00966643893412244,0.04044212815044888,155.36238062956255,2.23606797749979,0.013022841341803842,181183.73356712668,0.10520281038876415,363.069048165738,0.29285264929234234,1.1602053554113796,0.5617868169507434,0.23394667677583703,0.2520854141887224,0.005045441834265418,-0.27710384469038424,-3.917220275101428,-0.6891694938935032,1.3702084996195714,0.6336730436490906,2.263877346006886,0.06567729645164368,0.5538991760365454,False
135,65,2,0,-0.039269908169872414,0.0,0.039269908169872414,160.0,2.0,0.008726646259971648,1000476.7070119698,0.5809183817660998,906.45438499153,0.7311489906632063,0.8018030440956061,0.7425336557368537,0.924149791626616,0.16467858811109268,0.06798197904039323,0.300172274379769,2.8915659342161795,-0.11189337482334999,0.18439092058670845,0.9911570772067928,0.6177461688176871,0.082321223293857,0.7785772529630955,False
135,66,2,1,-0.039269908169872414,0.00966643893412244,0.04044212815044888,155.36238062956255,2.23606797749979,0.013022841341803842,985478.2275870679,0.572209640887476,939.4885624685326,0.757794463308722,0.6390720828167344,0.9205038741714017,0.8140936728108508,-0.006647354845289516,0.005045441834265422,0.361971843166562,2.0194152107525083,-0.050093806036557,0.13473295126118937,0.9967349248866398,0.6319797833518453,0.13225939753093013,0.5007309800749767,False
135,67,2,2,-0.039269908169872414,0.01933287786824488,0.04377083337496197,143.5473081664862,2.8284271247461903,0.021211188595058737,104021.30246247585,0.06039909402406559,284.89889224275225,0.2298003528399284,0.9892239793459596,0.46610880835021695,0.46648414695622376,-0.46528156890478106,0.0049027142746930034,0.16801161408281304,-2.350913521958544,-0.24405403512030596,1.1611820644705775,0.4696217728865173,2.131988738067541,0.49593928298219103,0.3744202307602738,False
135,68,2,3,-0.039269908169872414,0.02899931680236732,0.048816862482899036,128.70932271365535,3.605551275463989,0.030283902158584862,87774.27389770416,0.0509653935928552,242.10459511358263,0.19528233663282923,1.3595489596697568,0.5416257468084972,0.6735464858001392,-0.18542733476641735,0.004671109378939928,0.2638611635065821,2.9250367561772426,-0.14820448569653688,1.3523135831222195,0.6168880682565845,2.372921018169951,0.211267356503233,0.1269647299121361,False
135,69,2,4,-0.039269908169872414,0.03866575573648976,0.05511049223463807,114.0106911117458,4.47213595499958,0.03963830245634351,52601.834177343684,0.030542812415387522,192.87077121475082,0.15557017764707148,1.2971907386641652,0.4697504728718228,0.2406018131560003,-0.43788762871415704,0.004359695307416362,0.8117642424984637,1.9579651884644242,0.3996985932953447,1.5253960746652047,0.9229456804293819,2.8483986827463634,0.05233441629462325,0.08703338524324565,False
135,70,2,5,-0.039269908169872414,0.04833219467061221,0.06227460742026534,100.89482001511452,5.385164807134504,0.0491136986656944,54487.41136989804,0.031637656946716164,200.38560782443395,0.16163166876360469,1.1995906380591628,0.6485430963281146,0.3470976206232923,0.6754125763996007,0.003980502251751875,0.01432836157315259,3.3971196337199356,-0.3977372876299664,1.9462651771644823,0.0022870686864258083,2.693717921731444,0.06315467431115235,0.05384433692697491,False
135,71,2,6,-0.039269908169872414,0.05799863360473464,0.07004260980065254,89.70518553009501,6.324555320336759,0.05865147785830236,31788.024015763112,0.018457448675572308,157.73434718833,0.12722902624685836,1.0748226125579263,0.4056852497088498,0.3053084842149538,0.24724557423480864,0.003547906010933788,-0.323784734951139,0.40052941864320823,-0.7358503841542581,2.7493072773824996,0.3697260765160332,3.0802893597064966,0.22712439548115687,0.030822243200042104,False
136,59,3,-6,-0.03490658503988659,-0.05799863360473464,0.06769277050884451,92.81914833665505,6.708203932499369,0.05945745368451527,68383.47808702027,0.03970629116243291,204.31468947990444,0.16480087852660608,1.4664503695821594,0.4503862019790007,0.31659044679872045,-0.2310659320155817,0.0033956594328459623,0.4791666903087807,-0.09191825980743484,0.06710104110566167,1.0698339475850298,0.8945645563978598,2.947665337499348,0.17694050188607202,0.009066404178946627,False
136,60,3,-5,-0.03490658503988659,-0.04833219467061221,0.05961938209026314,105.38829969198451,5.830951894845301,0.050073429484188296,125768.70068792881,0.07302653781781894,284.5306497591112,0.22950332728112327,1.22583690553471,0.28269731022081274,0.5533311890474923,0.42617665930767046,0.00380969224578427,0.5557442925935004,3.819748254446382,0.14367864339038144,2.444154841595434,0.6861897777133374,2.6731242591078375,0.1565006055807917,0.002249610324484091,False
136,61,3,-4,-0.03490658503988659,-0.03866575573648976,0.05209136536721537,120.61855670103094,5.0,0.04082141552303049,88554.58586875112,0.05141847517318218,246.7187018157573,0.19900408977779183,1.2071769833066879,0.42852897767750675,0.5317058390991259,0.27485264602745096,0.004172613493519887,0.10535276352818349,-0.07746709908518912,-0.3067128856749355,1.499742902856457,0.17267154062346945,2.9404664883946388,0.07787357181125384,0.30760485386197944,False
136,62,3,-3,-0.03490658503988659,-0.02899931680236732,0.04538094373358599,138.45426714935112,4.242640687119285,0.03181678289258811,85291.79190274458,0.0495239613104561,251.61655760309435,0.20295471583754537,1.0694584212072742,0.8426460269505509,0.20568267119026276,0.020814840376818026,0.0044706642666325755,0.3783479439813501,1.7427910711545938,-0.03371770522176892,0.5261445355805229,0.956275405383394,2.152013082815601,0.06953880384281239,0.22481270451267255,False
136,63,3,-2,-0.03490658503988659,-0.01933287786824488,0.039902754864987795,157.46244409537482,3.605551275463989,0.023347536600217513,132624.90642090613,0.07700753598753343,347.1634380972735,0.2800231336101505,0.6868359917371729,0.5413667504898645,0.3631907703796228,0.2548793506501064,0.004692330609126876,0.26415895201029094,-3.045830578395385,-0.14790669719282806,0.44753535579463655,0.9364488341164392,1.5442283787913522,0.06726217244471407,0.19777583914263666,False
136,64,3,-1,-0.03490658503988659,-0.00966643893412244,0.03622029432257491,173.47140393786046,3.1622776601683795,0.01627228749429968,274890.5786290893,0.15961290151060642,453.3130962913521,0.36564378560641186,0.9427824031279579,0.3949931523587088,0.08852049506793366,-0.24859792483235857,0.004828933490515387,0.2708096144271343,2.7049984771411806,-0.1412560347759847,0.8262642652654639,0.8196031888380401,3.135056945693601,0.008435501453478282,0.6056783688391565,False
136,65,3,0,-0.03490658503988659,0.0,0.03490658503988659,180.0,3.0,0.01308996938995747,1214312.4675056057,0.7050803168507115,942.2442583051268,0.7600172163372922,0.9894311968701731,0.7555201204835533,0.9322168721498195,0.5612901869633388,0.0650647586719162,0.30343418799616184,2.7427005811189016,-0.10863146120695716,0.1980282524188315,0.990030138247715,0.6464477134948949,0.20126512182645062,0.7117393772573705,False
136,66,3,1,-0.03490658503988659,0.00966643893412244,0.03622029432257491,173.47140393786046,3.1622776601683795,0.01627228749429968,837238.6417995252,0.4861355727099487,857.9019973613873,0.6919864803396457,0.6833847002667975,0.9077979974307292,0.8600994975345937,-0.33877562214108337,0.00482893349051539,0.3639199662024609,1.9647833643795458,-0.04814568300065808,0.18731952022480014,0.993774737165584,0.6498817944115859,0.27108832229149854,0.6629178626362432,False
136,67,3,2,-0.03490658503988659,0.01933287786824488,0.039902754864987795,157.46244409537482,3.605551275463989,0.023347536600217513,66517.96870412328,0.03862309883592828,235.06601869077235,0.18960499849816773,0.7674590055148437,0.23345249296935222,-0.04900620764293997,-0.11091913347317216,0.004692330609126877,0.2711104127580375,-3.669487742735044,-0.1409552364450815,1.1274811155333777,0.7097619709407416,3.0535538102684834,0.33390059175761155,0.5439255633641027,False
136,68,3,3,-0.03490658503988659,0.02899931680236732,0.04538094373358599,138.45426714935112,4.242640687119285,0.03181678289258811,95101.8600198767,0.055220094819290924,259.58155414550413,0.20937930738792246,1.2601194269919538,0.49356732436278195,0.7439900205411223,0.25311898056520815,0.004470664266632576,0.2548241330339825,2.7845376537361766,-0.1572415161691365,0.8627353392397926,0.7867742555607421,2.9026813204177184,0.19690819347645117,0.19796029053982617,False
136,69,3,4,-0.03490658503988659,0.03866575573648976,0.05209136536721537,120.61855670103094,5.0,0.04082141552303049,65124.0368323407,0.03781372402332863,220.74238386001664,0.17805150907549452,1.1360179341768517,0.5374745151457682,0.5932749185015097,-0.056483472550772476,0.004172613493519892,0.3752832385434352,-3.247217955054691,-0.036782410659683795,1.085962553823156,0.8347367362618339,2.911186578614514,0.07392981085010006,0.06238858816142703,False
136,70,3,5,-0.03490658503988659,0.04833219467061221,0.05961938209026314,105.38829969198451,5.830951894845301,0.050073429484188296,36047.79356982697,0.020930848024802405,171.71504760203706,0.13850590367775314,0.9234913551666973,0.173340244897753,0.09182241831823332,-0.4462037978570465,0.0038096922457842674,0.540880513353904,-1.389828308072489,0.12881486415078497,1.3361254791366315,0.8739116951095929,2.621779934070164,0.08334989092398298,0.02420221684185671,False
136,71,3,6,-0.03490658503988659,0.05799863360473464,0.06769277050884451,92.81914833665505,6.708203932499369,0.05945745368451527,31476.22567712058,0.0182764055937573,147.060568260932,0.11861952220722358,1.2875041557458726,0.11678428950769389,0.3139907499778059,-0.09749520821868864,0.0033956594328459623,0.1720857376214606,1.3557419742091719,-0.2399799115816584,1.449210406501143,0.37357646057777727,3.118614707765991,0.1129278867832395,0.00697574942114763,False
137,59,4,-6,-0.030543261909900768,-0.05799863360473464,0.06554946489570337,95.85410524978116,7.211102550927978,0.060567804317169724,47618.724222735356,0.027649411548875416,164.3300812011187,0.13254916628476937,1.5375418566321906,0.31111931234307777,0.2041744807536877,0.2865506542679227,0.003190267509182357,0.5685779324224122,-1.6391098011328316,0.15651228321929317,1.745608059413871,0.8177562022174258,2.8205550051132597,0.10407554820164909,0.0025860058666119855,False
137,60,4,-5,-0.030543261909900768,-0.04833219467061221,0.057174223998011114,109.89541908602303,6.4031242374328485,0.051386948357191466,94556.1299485617,0.05490322124523618,258.567218227429,0.20856114080946744,1.1205319732485326,0.6702535366849164,0.6281918316302465,-0.3338335545757386,0.00357925688134251,0.20324737079163094,-0.3709717762558964,-0.20881827841148806,1.6888379729229868,0.3798733701891984,3.1360199445581927,0.08848260743873382,0.0031142140342121866,False
137,61,4,-4,-0.030543261909900768,-0.03866575573648976,0.04927404504169194,127.51511068074956,5.656854249492381,0.042422377190117475,46549.677988554016,0.02702867884811266,187.2275267377951,0.15101831869894533,0.9926770987687016,0.4166714036722695,0.3433801218095194,-0.5083829596911675,0.003920226253548512,0.17502421536699542,-2.733445622598656,-0.23704143383612358,1.4991163841903485,0.3656892616614321,2.6659379634005766,0.04534090848842233,0.031940849993053126,False
137,62,4,-3,-0.030543261909900768,-0.02899931680236732,0.042117113185745035,149.18366506910056,5.0,0.033846385254422254,140295.26242220594,0.08146126366016747,310.5889661982752,0.2505220482210139,1.0559894445641687,0.57958475741687,0.17610739782229873,-0.5492056302017537,0.004200248946151448,0.26914096236768587,-2.4990140433381085,-0.14292468683543313,1.1387196658392635,0.7026208543468493,2.357002188503308,0.04360394442369466,0.2985569943176066,False
137,63,4,-2,-0.030543261909900768,-0.01933287786824488,0.036147628065549026,173.82012716811866,4.47213595499958,0.026045682683607685,116986.4771141242,0.06792721359462976,304.79295557605235,0.24584696761411604,1.0018205411445193,0.8354401421873755,0.4293271800426653,0.2039204455332887,0.00440850744330767,0.4251361867968467,2.012187086117102,0.013070537593727727,0.5980726931281224,0.9553000501530381,2.3375620059896445,0.06365894250273031,0.3295481754910131,False
137,64,4,-1,-0.030543261909900768,-0.00966643893412244,0.03203639945068598,196.12645037877522,4.123105625617661,0.019951377432493898,114894.60755308252,0.06671258713531375,306.6538378377594,0.24734796116648644,0.9567497949093163,0.7552338613769054,0.3854993048436877,-0.18801062425534565,0.004536847679651456,0.4387651193267973,-4.176187914897688,0.026699470123678293,0.7387649564166886,0.9371815052612248,2.715699587046717,0.01761336628447827,0.5508191615647144,False
137,65,4,0,-0.030543261909900768,0.0,0.030543261909900768,205.7142857142857,4.0,0.017453292519943295,222995.38623559423,0.1294803947012211,427.9567916043337,0.34519130957913174,0.8211636477628416,0.7798376860817051,0.6046005319387847,-0.13676767292817366,0.06112921206878332,0.36531382857171124,-3.772872984409253,-0.04675182063140776,0.580516663776454,0.9436586173659297,1.5980108830246915,0.1980023885321668,0.6906533873418311,False
137,66,4,1,-0.030543261909900768,0.00966643893412244,0.03203639945068598,196.12645037877522,4.123105625617661,0.019951377432493898,319613.29709185107,0.18558077168237805,530.3008129661132,0.42774232279948027,0.6770985524987303,0.8238995844760899,0.6796669565984396,0.24598518322279583,0.004536847679651458,0.3254275211184758,2.165189692526963,-0.08663812808464322,0.24827761167081816,0.9864248079815295,0.6436866311709301,0.29298693698458006,0.5879171776532961,False
137,67,4,2,-0.030543261909900768,0.01933287786824488,0.036147628065549026,173.82012716811866,4.47213595499958,0.026045682683607685,114364.27580708243,0.06640465446928931,307.5556735856456,0.2480753847497671,0.9035938089461607,0.8317531205147745,0.2541103118858041,-0.14650986893575982,0.004408507443307671,0.4311888676128146,0.9375644481551131,0.019123218409695608,0.5303772610247902,0.9654629101335269,1.8579226802964144,0.35120025377982983,0.5581087953667562,False
137,68,4,3,-0.030543261909900768,0.02899931680236732,0.042117113185745035,149.18366506910056,5.0,0.033846385254422254,66718.36737259026,0.03873945863658931,221.588299670208,0.1787338274591308,1.1686960117411838,0.5950048047341037,0.6120607863099841,0.6662120493569039,0.004200248946151448,0.34410415830531127,1.9307939211372291,-0.06796149089780773,1.0231890545740705,0.827096578503771,2.0717286786416618,0.0920887432487735,0.164631280000359,False
137,69,4,4,-0.030543261909900768,0.03866575573648976,0.04927404504169194,127.51511068074956,5.656854249492381,0.042422377190117475,34790.834263968165,0.020201005180098774,160.2958783035423,0.1292951653934602,1.3154393460192872,0.11049898169775964,0.20052527372681903,-0.27511910066871254,0.0039202262535485135,0.613566087255331,-4.207598330767574,0.20150043805221202,1.4940670080288427,0.8770428712965936,2.9571089186903396,0.08140374468261818,0.027578342425742332,False
137,70,4,5,-0.030543261909900768,0.04833219467061221,0.057174223998011114,109.89541908602303,6.4031242374328485,0.051386948357191466,38650.50703290483,0.02244209169751886,170.32376583897107,0.13738369138154,1.0329595731528565,0.47086724432251853,0.397824627433282,-0.32254698247909636,0.0035792568813425123,0.6795002614727791,0.7519147564216997,0.2674346122696601,1.6950587015828598,0.8717396392166281,2.9223996201322375,0.007542144727263229,0.016246315788220896,False
137,71,4,6,-0.030543261909900768,0.05799863360473464,0.06554946489570337,95.85410524978116,7.211102550927978,0.060567804317169724,45686.52326877885,0.026527495322787906,186.74278408456476,0.15062732373272417,0.9382055273197373,0.5870318050452128,0.07148262563208306,0.04912170781542935,0.003190267509182363,-0.047514910395500716,1.4648407663335297,-0.4595805595986197,1.3926297595873935,0.04692457255369842,2.5573033012652697,0.05099773909950763,0.013740684425827064,False
138,59,5,-6,-0.02617993877991494,-0.05799863360473464,0.0636335657851762,98.74011034351449,7.810249675906654,0.06196616995129671,25995.08012869342,0.015093824550240137,139.11432566746316,0.11221005765172473,1.110604257358895,0.20014265035502485,0.29018678547365223,-0.6527997610603626,0.0029390362838215838,0.04905586843456039,0.1407207535573155,-0.3630097807685586,1.3584453897902726,0.05227162694002119,3.079131288877586,0.16743991756013848,0.004531890938596017,False
138,60,5,-5,-0.02617993877991494,-0.04833219467061221,0.05496717416966283,114.30795564978062,7.0710678118654755,0.05302797148764684,53973.65786204623,0.031339350295180736,193.37489103307615,0.15597680229630337,1.2849377719961368,0.36708162752960816,0.6177150178376404,-0.4183211080015937,0.0032973930283607556,-0.07751924466127653,2.185661785055847,-0.4895848938643955,1.0080127413907636,0.20008533058226008,2.902581721702098,0.24575671331762156,0.023256230590993375,False
138,61,5,-4,-0.02617993877991494,-0.03866575573648976,0.046695073200435026,134.5577782951425,6.4031242374328485,0.04439600640925514,34520.79674586612,0.020044210167348822,157.93866840091044,0.12739383238693863,1.2474158860531535,0.17899441096987045,0.09462003255081575,-0.20369506235696117,0.0036115113127055494,-0.3745592212343579,0.6411537660921449,-0.786624870437477,2.053847209519025,0.5844864679342812,2.911528334267356,0.10486082459907707,0.04167557797223345,False
138,62,5,-3,-0.02617993877991494,-0.02899931680236732,0.03906852402541153,160.82474226804123,5.830951894845301,0.03628946256726318,123881.13859378343,0.07193054077008272,300.1874069946151,0.24213211747656646,0.9764651597201044,0.46198695656191985,0.5340759540440229,-0.04814226179342623,0.0038694824237439415,0.23353246181184137,-2.597857221676584,-0.17853318739127763,0.902027714669497,0.7392377065084732,2.2879964475174503,0.015875112263129168,0.06957046069650505,False
138,63,5,-2,-0.02617993877991494,-0.01933287786824488,0.03254457498859936,193.06398407048297,5.385164807134504,0.02915004091052369,94752.83201119039,0.055017434642820995,262.05331145481466,0.21137303469708396,1.0990554085328246,0.313173888274901,0.6856215337798501,-0.6120864595735963,0.004061340717067172,-0.04856944834342719,1.726149166057772,-0.4606350975465462,1.0426736427319938,0.08405853867761992,1.7758679116950529,0.15141636040095294,0.1770142148675974,False
138,64,5,-1,-0.02617993877991494,-0.00966643893412244,0.027907512181977318,225.14315379345314,5.0990195135927845,0.023862203588182092,105326.53043079548,0.06115696366148737,290.82654977750957,0.23458162026528864,0.9520859050325466,0.637711104571768,0.6404502728605238,0.5379908762344466,0.004179574253973705,0.33762014085055636,-3.4202396951176013,-0.07444550835256264,0.913799707783244,0.8523658548816782,2.397823541855038,0.2520644636359443,0.11974285188674777,False
138,65,5,0,-0.02617993877991494,0.0,0.02617993877991494,240.0,5.0,0.02181661564992912,190117.64342491975,0.11039020997644018,365.7600322827405,0.2950232056420206,1.1039214206338943,0.5010351836642286,0.8577024876039658,-0.3956714155011573,0.05631533147438922,0.1802297523566514,-2.4589880292018087,-0.2318358968464676,0.944418474883415,0.6063475069219806,3.0675274921234252,0.16892890036132127,0.3268994648114194,False
138,66,5,1,-0.02617993877991494,0.00966643893412244,0.027907512181977318,225.14315379345314,5.0990195135927845,0.023862203588182092,90773.0474980952,0.052706606251793416,246.69511818297502,0.19898506714456235,1.1911630834422495,0.35798720401685646,0.468752939475823,0.1825536523272716,0.004179574253973709,0.21507732095915896,4.391616216423039,-0.19698832824396004,1.2805233952656412,0.544036961899474,2.1937529053997715,0.27279971571469364,0.4759103675997546,False
138,67,5,2,-0.02617993877991494,0.01933287786824488,0.03254457498859936,193.06398407048297,5.385164807134504,0.02915004091052369,38276.412506178436,0.022224876858262382,171.5934920961804,0.13840785662002117,1.0880991695027258,0.6572371305461301,-0.013903189347123058,0.13797746651393328,0.004061340717067173,0.38224721425604835,2.223035195505906,-0.02981843494707065,0.9013913703844946,0.8837996603137098,2.740422671277345,0.3523127201410124,0.2532522922644567,False
138,68,5,3,-0.02617993877991494,0.02899931680236732,0.03906852402541153,160.82474226804123,5.830951894845301,0.03628946256726318,74807.97217475595,0.043436619597824105,240.81242011704782,0.1942400641697913,0.9850579339197095,0.43270470060533484,0.40313334696736375,0.3348140153189778,0.0038694824237439428,0.6456428456277741,1.8993083660461076,0.23357719642465508,1.8159345783358456,0.8424326183236659,2.943051917653779,0.34850450282347906,0.05007348973528232,False
138,69,5,4,-0.02617993877991494,0.03866575573648976,0.046695073200435026,134.5577782951425,6.4031242374328485,0.04439600640925514,37031.61611606488,0.02150209630824564,172.56017826425025,0.13918758875853243,0.9964945057688847,0.3027153393045965,0.0874696835420711,0.6444380565677547,0.003611511312705547,-0.19041736144976718,4.849328039816732,-0.6024830106528862,2.2247997856887283,0.23653895211936582,2.907993578282556,0.0305655627099416,0.016613475783662176,False
138,70,5,5,-0.02617993877991494,0.04833219467061221,0.05496717416966283,114.30795564978062,7.0710678118654755,0.05302797148764684,48416.80655688429,0.028112811341015065,196.8317964249241,0.15876515318291906,0.8303333847736805,0.28953518777620224,0.5597847264907267,0.36983946248058197,0.0032973930283607534,0.10756505396910893,-2.780680089216551,-0.3045005952340101,1.953658896518407,0.11364195065376759,3.020077742363141,0.038216598247012436,0.01361126354762827,False
138,71,5,6,-0.02617993877991494,0.05799863360473464,0.0636335657851762,98.74011034351449,7.810249675906654,0.06196616995129671,58741.123828828255,0.034107539294622215,221.32468167443818,0.17852119234508748,0.8089798871363232,0.12791963401665754,0.02032533816963531,-0.06686212080761492,0.002939036283821575,0.551446722393335,0.6515872797432216,0.13938107319021603,1.784479924163362,0.8015459117252157,2.813649717337768,0.08470663257470362,0.01709899096772203,False
139,59,6,-6,-0.021816615649929122,-0.05799863360473464,0.0619661699512967,101.39702537881486,8.48528137423857,0.06363356578517622,59900.246587106674,0.03478057417118461,211.78960898483317,0.17083017237945494,1.0024942601592515,0.3980017853443745,0.3762753712674223,0.42032225564754344,0.0026507485593162557,-0.42788928302399254,0.829376024958834,-0.8399549322271116,1.3615323397163794,0.8068476213730875,3.1316764329824163,0.021156260406461444,0.0303142642313546,False
139,60,6,-5,-0.021816615649929122,-0.04833219467061221,0.053027971487646854,118.48813241221734,7.810249675906654,0.05496717416966283,74361.01509051282,0.043177097727621974,222.48618107246372,0.17945806145464585,1.1655055368098468,0.6309679509038084,0.712516312764902,-0.2323516859837171,0.0029739543766576127,-0.15471666155772074,-2.466471954200883,-0.5667823107608397,1.9128312258925195,0.21672917696168714,3.070917162479796,0.2538340954492612,0.1025416012050512,False
139,61,6,-4,-0.021816615649929122,-0.03866575573648976,0.04439600640925514,141.52591224668677,7.211102550927978,0.046695073200435026,50502.5385574019,0.029323874077455132,196.5350320445496,0.15852578208960405,1.0790596663010372,0.36245176749457964,0.295124833178305,-0.4395974273184332,0.0032572610490744554,0.2880395105697732,-1.6774119843960396,-0.12402613863334577,1.1300404418518284,0.7331838255668022,3.069877754957066,0.12328929212243123,0.01352214595975139,False
139,62,6,-3,-0.021816615649929122,-0.02899931680236732,0.03628946256726318,173.14076491305397,6.708203932499369,0.039068524025411534,119060.88865781133,0.06913170320306324,285.6402067945216,0.23039829951575053,1.174979957650141,0.29621614867593765,0.5151865010867623,-0.19972162107741545,0.0034899279796239044,-0.04435505643234185,1.9651459538966116,-0.45642070563546083,0.9580192743620063,0.08312514359139722,3.0546186468647583,0.07046960126172958,0.09609863835137811,False
139,63,6,-2,-0.021816615649929122,-0.01933287786824488,0.029150040910523693,215.5463632612345,6.324555320336759,0.03254457498859936,57188.35715971991,0.03320593839341506,205.91028281691504,0.16608788918834513,1.1539884710797341,0.2691453006529765,0.4060862558649935,0.1790919012420467,0.0036629670460073074,0.045381153660546715,-0.7784805761978968,-0.36668449554257226,0.9623960563180789,0.08595941315485356,2.6177099144584894,0.09897753631744827,0.1397060432025658,False
139,64,6,-1,-0.021816615649929122,-0.00966643893412244,0.023862203588182095,263.31119353500833,6.082762530298219,0.027907512181977318,68052.61377478694,0.039514177583476355,219.5107352815503,0.17705805741382502,1.26284813998555,0.4634605810582164,0.6263109307621104,-0.14438127772004783,0.003769603149597811,0.22613549394227767,-2.3461215903372423,-0.18593015526084133,1.1131212328773172,0.6357768160273578,3.068265012912831,0.03478208761549998,0.1219543169262522,False
139,65,6,0,-0.021816615649929122,0.0,0.021816615649929122,287.99999999999994,6.0,0.02617993877991494,125816.77654938544,0.07305445266225626,326.757670998367,0.263563776950727,0.7116707038020098,0.3785497251379961,0.2019140830137066,-0.572377259822871,0.05079140553482756,0.27001497293471194,-1.4320458113787893,-0.14205067626840706,1.20853571008775,0.6785865928496595,1.8241732701326272,0.22995476302791462,0.17448595886253032,False
139,66,6,1,-0.021816615649929122,0.00966643893412244,0.023862203588182095,263.31119353500833,6.082762530298219,0.027907512181977318,73739.90985328639,0.04281645819769865,244.21761720632455,0.19698670697505197,0.8957378001382554,0.31819569681499554,0.3264282979643758,0.4186814414538598,0.0037696031495978144,0.08510803389568891,0.2117279033204542,-0.32695761530743006,0.800265246888997,0.3235762389534309,2.1815370133165604,0.3734229252411876,0.30954497282932547,False
139,67,6,2,-0.021816615649929122,0.01933287786824488,0.029150040910523693,215.5463632612345,6.324555320336759,0.03254457498859936,74030.35596621671,0.04298510328931468,227.8823806444586,0.18381065319649964,1.2167807514031996,0.38030044415243514,0.4445708407155027,0.22588493769136805,0.0036629670460073074,-0.4081738896024531,4.543351939369837,-0.8202395388055721,1.9441614557012434,0.650871707343159,3.0480909188078638,0.15895565751974755,0.15842182481412626,False
139,68,6,3,-0.021816615649929122,0.02899931680236732,0.03628946256726318,173.14076491305397,6.708203932499369,0.039068524025411534,72290.61955533452,0.04197493998073787,222.98886239688304,0.17986352581011683,1.2367850314201727,0.24123699254262687,0.3364957750663039,0.19545704343373915,0.003489927979623903,-0.21516346073455825,2.3798561673121745,-0.6272291099376772,1.455268408175813,0.48040089033522104,3.0769223746850307,0.17126637441499173,0.02547701351735389,False
139,69,6,4,-0.021816615649929122,0.03866575573648976,0.04439600640925514,141.52591224668677,7.211102550927978,0.046695073200435026,70593.9517777992,0.04098978411172801,236.8658888716403,0.19105677951203384,0.8838044897124774,0.22665249055545558,0.4951317001102445,-0.23524055786076026,0.0032572610490744468,0.047355722144352526,-1.8621625616600261,-0.3647099270587665,1.4513090985130148,0.04309040418440202,2.9241843430741583,0.1321281549305456,0.0004960966308150659,False
139,70,6,5,-0.021816615649929122,0.04833219467061221,0.053027971487646854,118.48813241221734,7.810249675906654,0.05496717416966283,56598.3443174608,0.03286335240101346,210.69537232350413,0.16994755760730082,0.9689185938002101,0.09842467666155712,0.3615689565704138,0.2935684714434959,0.002973954376657605,-0.24681440960848522,6.9977695085113965,-0.6588800588116042,1.8739546308747408,0.4231927140775259,3.12047988822623,0.14708410246551643,0.017270493229162333,False
139,71,6,6,-0.021816615649929122,0.05799863360473464,0.0619661699512967,101.39702537881486,8.48528137423857,0.06363356578517622,71321.03646417073,0.04141195971707052,232.29007314915245,0.18736591199310285,1.3370016966076712,0.13315327920972891,-0.05938071290306891,0.4568879395218246,0.0026507485593162527,-0.5305117468968631,0.2829197955642435,-0.9425773960999821,1.1400753295454755,0.9015568223175783,2.8806190743211277,0.10481614940272582,0.007664738705789831,False
