phase,family,replicate,axis,separation_bins,ratio,truth_s,ols_s,circular_s,agreement,r2,phase_rmse,m1_gain,amplitude_correlation,persistent_score,relative_slope_error,distorted_over_10pct,frozen_criteria_pass
calibration,A,0,radial,2.223,0.3,,0.4015119969965548,0.4002703963986553,0.001241600597899517,0.9996571964075955,0.04835461652107659,4.7443363396348914e-05,0.4236516973847306,False,,False,True
calibration,A,1,radial,2.223,0.3,,0.39946470047304433,0.39883203495585806,0.0006326655171862705,0.9994594171652003,0.06041840204125855,0.006317795838320928,0.66277156006511,False,,False,True
calibration,A,2,radial,2.223,0.3,,0.4023882942090671,0.4017093414651364,0.0006789527439306497,0.9994080247352767,0.06368952143481267,0.0005472992186594805,0.3159552150490126,False,,False,True
calibration,A,3,radial,2.223,0.3,,0.39909429459876405,0.40169194100179545,0.002597646403031395,0.9994154154198595,0.0627723602243719,0.0033342904290329933,-0.27824310142816017,False,,False,True
calibration,A,4,radial,2.223,0.7,,0.40066605833635477,0.40065510706262975,1.0951273725023913e-05,0.9992407019750252,0.0718283539458689,0.0013180286111028616,0.4898582886537503,False,,False,True
calibration,A,5,radial,2.223,0.7,,0.39970286335400135,0.39948386226706173,0.00021900108693961862,0.9996185663533257,0.050777566751830004,0.0006210874635820263,0.053164598577643614,False,,False,True
calibration,A,6,radial,2.223,0.7,,0.3982509028284233,0.3985652557148976,0.0003143528864743006,0.9994593987994598,0.06023584082609566,0.00019712657982584592,0.2459535672440975,False,,False,True
calibration,A,7,radial,2.223,0.7,,0.39449670261577596,0.39248354185294276,0.0020131607628331993,0.9994943485686247,0.05770601839577592,0.002689697645640976,0.31238710706889705,False,,False,True
calibration,B_static,0,radial,2.223,0.3,0.4,0.4015927977884421,0.39986422243938236,0.0017285753490597355,0.9995952056405467,0.0525573358649821,0.0002482668083414463,0.3910280960484461,False,0.003981994471105171,False,True
calibration,B_static,1,radial,2.223,0.3,0.4,0.3995992415558956,0.3984758192614587,0.0011234222944369043,0.9993891818247141,0.0642474051912656,0.008328134309121049,0.6050678768849267,False,0.0010018961102610524,False,True
calibration,B_static,2,radial,2.223,0.3,0.4,0.40248831098495474,0.4012925887258436,0.0011957222591111316,0.9993491430192666,0.06680050056540605,0.0011008439365191025,0.3396617291361062,False,0.006220777462386806,False,True
calibration,B_static,3,radial,2.223,0.3,0.4,0.39916190355541786,0.4012676333498499,0.002105729794432021,0.9995199637242957,0.05688957125461728,0.0031691791374509615,-0.21788650298739923,False,0.002095241111455398,False,True
calibration,B_static,4,radial,2.223,0.7,0.4,0.4007161179701774,0.3995558368091736,0.0011602811610038066,0.9992385351640687,0.0719398344265967,0.001711519120241367,0.4732844044929527,False,0.0017902949254434974,False,True
calibration,B_static,5,radial,2.223,0.7,0.4,0.3998369639061759,0.3983997136094466,0.0014372502967293088,0.9994587447676341,0.06051232533604783,0.0009318179289371509,0.29158318459898674,False,0.0004075902345603011,False,True
calibration,B_static,6,radial,2.223,0.7,0.4,0.3984691508989203,0.3976304211608295,0.0008387297380908487,0.9994586904896754,0.06030834241690834,0.0007189261698120619,0.26741240612372935,False,0.0038271227526992524,False,True
calibration,B_static,7,radial,2.223,0.7,0.4,0.39479120788237665,0.39165778969268294,0.003133418189693704,0.9991640047358679,0.07426655419784071,0.003809926781542128,0.3692547731058723,False,0.013021980294058433,False,True
calibration,B_slow,0,radial,2.223,0.3,0.4,0.4014175678310337,0.4020159202405605,0.00059835240952677,0.9994665606935027,0.060311069659207864,0.00015659432996539824,0.04838279352587086,False,0.003543919577584237,False,True
calibration,B_slow,1,radial,2.223,0.3,0.4,0.39832345078651216,0.39688259203405857,0.0014408587524535887,0.9993718296886217,0.06494613496736777,0.002067878940073542,0.4622942933208634,False,0.004191373033719664,False,True
calibration,B_slow,2,radial,2.223,0.3,0.4,0.4021945133047549,0.40263632639048963,0.00044181308573471023,0.9992351171816338,0.07236724399306683,6.922516664031875e-05,-0.030328301232007082,False,0.005486283261887243,False,True
calibration,B_slow,3,radial,2.223,0.3,0.4,0.3985339928042102,0.4002454798725064,0.0017114870682962136,0.999635572137883,0.04948716662887989,0.0004008829354625876,-0.002952529342607121,False,0.0036650179894745505,False,True
calibration,B_slow,4,radial,2.223,0.7,0.4,0.4009655784235411,0.40166772514524723,0.0007021467217061539,0.9992823349917241,0.06988213348542266,6.861444596484301e-05,0.04341451872426027,False,0.002413946058852645,False,True
calibration,B_slow,5,radial,2.223,0.7,0.4,0.40857487009568577,0.409403245207162,0.0008283751114762095,0.9997390601628591,0.04292801408487547,0.00018426465002341352,0.14324892509323345,False,0.021437175239214373,False,True
calibration,B_slow,6,radial,2.223,0.7,0.4,0.3997247380152682,0.3990854768155426,0.000639261199725627,0.9990521380412246,0.08007220348727535,0.000938938367630926,0.02622197371633989,False,0.0006881549618295568,False,True
calibration,B_slow,7,radial,2.223,0.7,0.4,0.39925804429223244,0.400100887232078,0.000842842939845545,0.999172537023049,0.07472226015677538,0.00045254906124203576,0.1697283203796032,False,0.0018548892694189578,False,True
evaluation,A,0,radial,3.0,1.0,,0.3961700337800458,0.39662797997899363,0.00045794619894784505,0.9992725887040844,0.06951394549711486,3.9154911716687835e-05,0.29849665461456165,False,,False,True
evaluation,A,1,radial,3.0,1.0,,0.3880377145584006,0.3875830168921413,0.0004546976662592739,0.9993212029161642,0.06577088023482885,0.003279098683554693,0.14849937792378243,False,,False,True
evaluation,A,2,radial,3.0,1.0,,0.396888799250803,0.3983971860170448,0.0015083867662418204,0.9991013779690678,0.0774096097156409,0.00014675965159982596,0.04085068525375285,False,,False,True
evaluation,A,3,radial,3.0,1.0,,0.40011258507842795,0.40208842434600534,0.001975839267577384,0.9989433658470176,0.08462844939839234,0.005632673045141812,0.7169748377807452,False,,False,True
evaluation,A,4,radial,3.0,1.0,,0.39879137512464424,0.4000384203574446,0.0012470452328003367,0.9991584490708456,0.07526811843476469,0.00027075144540533724,0.2834034666950783,False,,False,True
evaluation,A,5,radial,3.0,1.0,,0.3953461896210588,0.39658883369951964,0.0012426440784608639,0.9996732494896284,0.046483513001769755,0.000659872220883595,0.1976028445248972,False,,False,True
evaluation,A,6,radial,3.0,1.0,,0.3969367644156979,0.39731607688870424,0.0003793124730063213,0.999408178650902,0.06281848709977104,0.00019974658720367522,0.27179428041893,False,,False,True
evaluation,A,7,radial,3.0,1.0,,0.39444621735094015,0.39440794944827884,3.82679026613153e-05,0.9996630514478514,0.047096112038420665,0.00033600486540830143,-0.11883473098240233,False,,False,True
evaluation,A,0,tangential,1.452,1.0,,0.39689559248845657,0.39712426679079177,0.0002286743023351967,0.9991852806409112,0.07370544346101478,2.829415207161734e-05,0.0514842812945033,False,,False,True
evaluation,A,1,tangential,1.452,1.0,,0.40821315628296384,0.4094462161943421,0.001233059911378287,0.9989820805042379,0.0847436465395861,0.0030534470721701457,0.049790014907142494,False,,False,True
evaluation,A,2,tangential,1.452,1.0,,0.3979330133174256,0.3978656537494691,6.735956795650422e-05,0.9988607953795413,0.08739782782511572,1.5386426676311515e-05,0.3473459260923751,False,,False,True
evaluation,A,3,tangential,1.452,1.0,,0.3925637265825557,0.3937410772894988,0.001177350706943081,0.9993204868748067,0.06657313064999383,0.0018520707093695465,0.3600227819776563,False,,False,True
evaluation,A,4,tangential,1.452,1.0,,0.39537246453681335,0.39649908801894,0.0011266234821266652,0.99936072409865,0.06503269189974487,0.0004075773191208887,0.29096607479485465,False,,False,True
evaluation,A,5,tangential,1.452,1.0,,0.3976133415725382,0.3988002257256716,0.001186884153133394,0.9994055489640841,0.06306529005344434,0.001380764619571706,0.042857342046087286,False,,False,True
evaluation,A,6,tangential,1.452,1.0,,0.3968538058062032,0.39587233822547113,0.0009814675807320872,0.9991203991331669,0.07657848039879944,0.00037000645438778346,0.29916960116398605,False,,False,True
evaluation,A,7,tangential,1.452,1.0,,0.38887356390246053,0.3886995367344217,0.00017402716803882612,0.9998416387991067,0.03182801009985558,0.0001997379949042477,-0.2829675498855107,False,,False,True
evaluation,B_static,0,radial,3.0,1.0,0.4,0.39672304458166313,0.3984776915547609,0.0017546469730977954,0.9990335289074432,0.08024798086225442,0.0018978308692346735,0.16266689239704002,False,0.008192388545842227,False,True
evaluation,B_static,1,radial,3.0,1.0,0.4,0.38870919406055005,0.3895137879012184,0.0008045938406683328,0.9988043656044481,0.0874633445338314,0.0074979768226952626,-0.026094571057785676,False,0.028227014848624943,False,True
evaluation,B_static,2,radial,3.0,1.0,0.4,-0.0011148528860160502,-0.0023863131964663117,0.0012714603104502615,0.006986736436008556,0.08643710048957323,0.001796176938557048,0.24707509800250932,False,1.0027871322150401,True,False
evaluation,B_static,3,radial,3.0,1.0,0.4,0.40070899273161803,0.4040770754631204,0.003368082731502353,0.9981505242608715,0.11217541167514412,0.01118928805578967,0.5725918774035349,False,0.0017724818290450195,False,True
evaluation,B_static,4,radial,3.0,1.0,0.4,0.3992898610943679,0.4018952252139862,0.0026053641196182586,0.9988223557173908,0.0891648129243664,0.0036512041468412804,0.15182530643498948,False,0.0017753472640802404,False,True
evaluation,B_static,5,radial,3.0,1.0,0.4,0.39593747666944906,0.3984552421449199,0.0025177654754708345,0.999487867005137,0.05828697401304172,0.002192566025923215,0.11947806875370423,False,0.0101563083263774,False,True
evaluation,B_static,6,radial,3.0,1.0,0.4,-0.002410717483620474,-0.0029466244021842205,0.0005359069185637464,0.04972854298992124,0.06853455161468609,0.0019828099491332463,-0.1797117837540919,False,1.0060267937090512,True,False
evaluation,B_static,7,radial,3.0,1.0,0.4,0.006874208020497982,0.004944861661125004,0.0019293463593729786,0.29117210736377996,0.06975261086501501,0.0038502898950200093,0.24571128579991885,False,0.982814479948755,True,False
evaluation,B_static,0,tangential,1.452,1.0,0.4,0.39996603180389945,0.394441285130587,0.005524746673312431,0.9963093420363466,0.1583143165453406,0.017861168146604767,0.34518562065523434,False,8.492049025143888e-05,False,True
evaluation,B_static,1,tangential,1.452,1.0,0.4,0.410321990231359,0.40527828207743294,0.005043708153926074,0.9960729236709386,0.16755453224463782,0.020881622130901945,0.18921131849103767,False,0.025804975578397477,False,True
evaluation,B_static,2,tangential,1.452,1.0,0.4,0.4008690003970887,0.39472959630203447,0.006139404095054257,0.9953063217015493,0.17902885543580938,0.01635949565880246,0.22094815040351123,False,0.0021725009927217598,False,True
evaluation,B_static,3,tangential,1.452,1.0,0.4,0.3965243109353416,0.3922263623226944,0.004297948612647151,0.99821620720562,0.10901141992331587,0.01075321677803387,0.45505180422213914,False,0.008689222661646123,False,True
evaluation,B_static,4,tangential,1.452,1.0,0.4,0.3988346208880703,0.39450974883541523,0.004324872052655082,0.9974060445856573,0.1322757976578324,0.016768746620019592,0.4334873004883199,False,0.002913447779824274,False,True
evaluation,B_static,5,tangential,1.452,1.0,0.4,0.40022908565636944,0.39551080621002815,0.004718279446341289,0.9965406448490078,0.15335607938219145,0.017602139672261097,0.7472091032045984,False,0.0005727141409235526,False,True
evaluation,B_static,6,tangential,1.452,1.0,0.4,0.4001586034025684,0.39378400190346485,0.0063746014991035715,0.9959394602022917,0.1661689431259871,0.018343425572439842,0.5014397342600012,False,0.0003965085064210061,False,True
evaluation,B_static,7,tangential,1.452,1.0,0.4,0.3933016234067045,0.38767255582625837,0.005629067580446123,0.9963821774978147,0.15412698212625983,0.018363692627470396,-0.4394338363123323,False,0.016745941483238824,False,True
evaluation,B_slow,0,radial,3.0,1.0,0.4,-0.21215515166758445,0.028806461285372252,0.2409616129529567,0.5881410628584598,1.1545941732075793,0.00016492004741019972,0.6048012141938475,False,1.5303878791689611,True,False
evaluation,B_slow,1,radial,3.0,1.0,0.4,0.39872926377074,0.39627697603349926,0.0024522877372407104,0.9994634517202471,0.060081579128562705,0.0037179700291117834,0.8149737807668469,False,0.003176840573150125,False,True
evaluation,B_slow,2,radial,3.0,1.0,0.4,-0.02849900411343307,0.049175237866985286,0.07767424198041836,0.03660791368303562,0.9507930864741978,0.0009081010599817363,0.7102143911925664,False,1.0712475102835828,True,False
evaluation,B_slow,3,radial,3.0,1.0,0.4,0.3954741195497772,0.3934034128184275,0.0020707067313496808,0.9993338680597034,0.06640261414849202,0.004164896737678836,-0.1208669419039268,False,0.011314701125557103,False,True
evaluation,B_slow,4,radial,3.0,1.0,0.4,0.39805254262709583,0.39834229752106326,0.00028975489396743104,0.9991904507909467,0.07368518438969386,0.00010258959954534408,0.16080236416676677,False,0.004868643432260483,False,True
evaluation,B_slow,5,radial,3.0,1.0,0.4,0.0590266920049428,0.051907281382015315,0.007119410622927487,0.4082982757404545,0.46211851891460065,0.01331941796171876,0.892913605073183,False,0.852433269987643,True,False
evaluation,B_slow,6,radial,3.0,1.0,0.4,0.027536658186946884,0.03317687409146356,0.005640215904516677,0.16780258930246306,0.3988112199916517,0.0013997071924229942,0.7159631663861539,False,0.9311583545326327,True,False
evaluation,B_slow,7,radial,3.0,1.0,0.4,0.40680045874227055,0.41025106109014353,0.0034506023478729775,0.9984509973748938,0.10420448620256659,0.006639174704519024,-0.41958472153684623,False,0.01700114685567633,False,True
evaluation,B_slow,0,tangential,1.452,1.0,0.4,0.39531176581412836,0.39951245041567296,0.004200684601544602,0.997210096765811,0.13598257489784832,0.007282809742236274,0.16215681559096295,False,0.011720585464679162,False,True
evaluation,B_slow,1,tangential,1.452,1.0,0.4,0.4046217148330499,0.40042148337161176,0.004200231461438109,0.995631391803636,0.17430655802784198,0.01442143757022385,0.21446421312440914,False,0.011554287082624626,False,True
evaluation,B_slow,2,tangential,1.452,1.0,0.4,0.3932536276412962,0.39753650032912646,0.004282872687830286,0.9955798160437374,0.1704108140610945,0.010784562852387158,0.706315355772669,False,0.016865930896759612,False,True
evaluation,B_slow,3,tangential,1.452,1.0,0.4,0.4091891985136518,0.41125020091657916,0.0020610024029273366,0.9980964692696398,0.11621444989863222,0.004296792369675839,-0.2219581170614063,False,0.022972996284129493,False,True
evaluation,B_slow,4,tangential,1.452,1.0,0.4,0.4013379907126117,0.3994186480053188,0.001919342707292937,0.998449150426421,0.10286660743139538,0.007070915457017213,0.6401243045479386,False,0.0033449767815292575,False,True
evaluation,B_slow,5,tangential,1.452,1.0,0.4,0.41289756851977,0.4100156197168245,0.002881948802945511,0.9923879671435873,0.23517664522110124,0.003665684786636425,0.181854924591964,False,0.03224392129942494,False,True
evaluation,B_slow,6,tangential,1.452,1.0,0.4,0.4002174938938014,0.40256645044527734,0.0023489565514759336,0.9968664417909848,0.14592803905138857,0.014113340767658022,0.6914868032587959,False,0.0005437347345034482,False,True
evaluation,B_slow,7,tangential,1.452,1.0,0.4,0.39990424567538746,0.402754440548169,0.002850194872781542,0.9965898677150435,0.1521337875548091,0.006237153052839117,0.47224401795690246,False,0.00023938581153140626,False,True
