bin,partition,fold,gain,M0_s,M0_a,M0_c,M0_offset_ratio,M0_test_nmse,M0_ambiguous,M0_boundary,M1_s,M1_a,M1_c,M1_offset_ratio,M1_test_nmse,M1_ambiguous,M1_boundary
"133,65",primary,0,0.3246504143404211,0.38777491454619983,"[-374.3327805641844, 1298.6334702362992]","[0.0, 0.0]",0.0,0.6056453205846578,False,False,0.41654358515415724,"[-282.74957225601014, 1350.55329842595]","[-317.49655493024784, 305.22922142611947]",0.31918266197887196,0.40902231631351155,False,False
"133,65",primary,1,0.2261605854674703,0.412722934017227,"[-163.08210247983968, 1112.8046620858559]","[0.0, 0.0]",0.0,0.15171519121294164,False,False,0.39858634642383073,"[-396.06220269426893, 1145.3591084008103]","[-340.62831473747514, 301.70545651536133]",0.37546823589898703,0.11740319474391354,False,False
"133,65",primary,2,0.43376345291618235,0.40994497454611,"[-245.29490194145126, 1048.5150804203452]","[0.0, 0.0]",0.0,0.14887423047903703,False,False,0.39988447516162307,"[-181.99708527003156, 1235.9441987371918]","[-108.75905079375579, 396.48645951703617]",0.32909772498044965,0.08429803021621037,False,False
"133,65",primary,3,0.45839615167006376,0.40854270047917746,"[-308.43674468632764, 1289.0439641980784]","[0.0, 0.0]",0.0,0.3525746735329238,False,False,0.4155743030034709,"[-361.2554902623259, 1286.1218301780086]","[-133.02044113377693, 349.4180599857352]",0.2798735044911385,0.19095580000910245,False,False
"133,65",alternative,0,0.1122426505573152,0.39033916417758746,"[-352.3084920521558, 1272.024753999033]","[0.0, 0.0]",0.0,0.9327071710021533,False,False,0.4131346684918346,"[-300.8228363589385, 1344.2232529715902]","[-301.3439987447593, 309.6844165613396]",0.3136923454612701,0.8280176459350567,False,False
"133,65",alternative,1,0.8288857413248856,0.39952624232756834,"[-310.83543796591306, 1277.68538026802]","[0.0, 0.0]",0.0,0.20846654499155665,False,False,0.4002985276601228,"[-345.5892414941295, 1271.5816184026905]","[-219.31486372705712, 339.98403943538574]",0.307036336862373,0.03567159830479261,False,False
"133,65",alternative,2,-0.5061371032782005,0.41393387408286203,"[-182.6796974541721, 1182.0059464410504]","[0.0, 0.0]",0.0,0.08380081053959446,False,False,0.3972164867498577,"[-387.9335709562099, 1182.382251977147]","[-303.25756733259914, 352.94901605819524]",0.3739459011924695,0.1262155100384701,False,False
"133,65",alternative,3,0.5319568867530419,0.4102581072696987,"[-143.6493257305822, 1056.4953063001894]","[0.0, 0.0]",0.0,0.20662689023983524,False,False,0.40214325820909935,"[-336.91851699822803, 1144.6666354345793]","[-287.2310589007671, 255.9188442361434]",0.3224069431411905,0.09671029298839,False,False
"133,65",alternative,4,0.6259841066937881,0.40656673369455004,"[-196.24587824976405, 1027.3501738357968]","[0.0, 0.0]",0.0,0.18615266050201823,False,False,0.4021931330348287,"[-212.21413061938483, 1219.2731056463288]","[-128.28041628155847, 336.82477257235666]",0.2912289186129899,0.06962405360899034,False,False
"133,65",alternative,5,0.5635368206253109,0.4177947694217062,"[-319.99964132437333, 1075.039706609574]","[0.0, 0.0]",0.0,0.14188472488956622,False,False,0.40036415710924117,"[-222.5740862304231, 1218.9973609051724]","[-146.8584846543029, 397.2732051121983]",0.3418056327307034,0.06192745813000316,False,False
"133,65",alternative,6,0.7812907885314377,0.4222143959499606,"[-366.0748981989007, 1210.8564231249582]","[0.0, 0.0]",0.0,0.26898506601693567,False,False,0.40887108827514207,"[-320.81732430517366, 1238.6600713402013]","[-169.77888608999075, 342.02962981791154]",0.29842909900304887,0.05882951168538316,False,False
"133,65",alternative,7,0.6388909316209725,0.401554421177095,"[-270.9644655749989, 1293.365047806931]","[0.0, 0.0]",0.0,0.8724960050517733,False,False,0.4094602854347501,"[-335.10095703950986, 1304.0376660468523]","[-161.6163168988072, 329.8412593556442]",0.2728063613356804,0.31506621954866904,False,False
"129,62",primary,0,0.039978070419043665,0.5382967843102053,"[662.8437569740543, 134.01587913585342]","[0.0, 0.0]",0.0,3.330177650747397,False,False,0.5385007711265156,"[662.9697198823646, 124.65674817965544]","[40.9557080554554, -1.8801098874319921]",0.060776171785037074,3.1970435741178918,False,False
"129,62",primary,1,-0.4275391301220537,0.5547450128796806,"[543.2264606167458, 52.62737520499936]","[0.0, 0.0]",0.0,0.16824643775367842,False,False,0.5629560636274884,"[565.3187905034233, 28.980911457874907]","[-42.38883855803584, -97.48105431302746]",0.18778623551703774,0.24017837339702033,False,False
"129,62",primary,2,-1.1367008802829606,0.5464735495450895,"[493.62238780301044, 93.95874783448343]","[0.0, 0.0]",0.0,0.14875180975573798,False,False,0.5452478982843754,"[461.1013473436306, 75.94447028891922]","[60.07989069226957, -158.39916351572919]",0.3625197471898419,0.31783812284876883,False,False
"129,62",primary,3,0.2172354714321193,0.545192631074816,"[522.2705042086652, 78.20694444877795]","[0.0, 0.0]",0.0,0.12252278546442678,False,False,0.5415051085857409,"[534.382867568683, 89.83367186396576]","[61.552450989620645, -52.53046214219324]",0.1493328726586235,0.09590649040288562,False,False
"129,62",alternative,0,-0.05307639373586581,0.538787302919953,"[640.5712758054987, 127.85552409313013]","[0.0, 0.0]",0.0,9.246784039390073,False,False,0.5389079699048305,"[643.865235732069, 115.98078870310319]","[60.25249695899852, -9.564949823199935]",0.09325036700791492,9.737569989855261,False,False
"129,62",alternative,1,0.06650549321221744,0.5423279334363104,"[636.9231039002623, 115.10845956482578]","[0.0, 0.0]",0.0,1.3050361098635677,False,False,0.5374847440227724,"[628.0032977784912, 132.0664437444022]","[-0.4383804477696778, -51.487007614410615]",0.08023328389882126,1.2182440397173373,False,False
"129,62",alternative,2,-0.2460149265123439,0.557008687302252,"[582.2062600832845, 51.23165369563424]","[0.0, 0.0]",0.0,0.3004749781853827,False,False,0.5546154779684546,"[599.261053709812, 67.26698874505325]","[-18.753770373121142, -96.90010968788295]",0.1636719360495095,0.37439630786245776,False,False
"129,62",alternative,3,-0.21583156942234294,0.5503751201530332,"[523.0409672302112, 70.77061880482312]","[0.0, 0.0]",0.0,0.13345415247787687,False,False,0.5604851804610416,"[534.1319522466738, 33.06876216417908]","[-36.83174922219353, -100.21460304842668]",0.19950990172902425,0.16225777165310568,False,False
"129,62",alternative,4,-1.060575833470235,0.5462681325908769,"[485.5885059764062, 96.85257810594281]","[0.0, 0.0]",0.0,0.12393100329683558,False,False,0.5519107721469731,"[463.6008506651814, 65.54457760334596]","[-0.7015722228072434, -150.38888207159783]",0.3212022264331004,0.2553692304111794,False,False
"129,62",alternative,5,-1.2145527902701168,0.542050200071178,"[496.07978376982413, 72.27858918523008]","[0.0, 0.0]",0.0,0.17352996277849259,False,False,0.5369419806970412,"[464.7483233753556, 70.31719218055754]","[95.56944262652485, -129.36667480792997]",0.34218360447847956,0.3842912632665803,False,False
"129,62",alternative,6,0.11116713707055159,0.5403755434236183,"[501.8101452962006, 65.50594987046168]","[0.0, 0.0]",0.0,0.1650267094679114,False,False,0.5379708300284691,"[497.29082639558123, 81.53172317098358]","[81.53242599516155, -44.505525176858725]",0.18432818016976973,0.14668116263619,False,False
"129,62",alternative,7,0.3276647956283777,0.5556263543055734,"[531.1848671943231, 96.49311655718542]","[0.0, 0.0]",0.0,0.12840526331272348,False,False,0.5478685814454587,"[546.698656285765, 101.45887342473846]","[56.987689642436585, -65.60462581813752]",0.15628505057440362,0.08633137895175193,False,False
"129,63",primary,0,-0.3419769289381309,0.5381173919201472,"[-308.4585706448268, -675.359183733872]","[0.0, 0.0]",0.0,2.7734776276935094,False,False,0.5371180710871603,"[-325.2131814174564, -686.9692199099192]","[45.4645353288177, -86.23690660511637]",0.1282631018796957,3.7219429892907487,False,False
"129,63",primary,1,-0.06621037950666064,0.5360396093041302,"[-233.43869952406405, -529.724855952025]","[0.0, 0.0]",0.0,0.13254941756509747,False,False,0.5335019731611179,"[-224.7417522075838, -529.7209979490003]","[13.062229686821638, -18.551176872073587]",0.03942916071581927,0.1413255648054694,False,False
"129,63",primary,2,-0.499382997631463,0.5359686233078511,"[-199.69598525743652, -489.8600689096373]","[0.0, 0.0]",0.0,0.2622433178735171,False,False,0.5443494412817893,"[-186.14448054490072, -464.0981274629861]","[-97.79800466611741, 83.44009659295432]",0.25709348066505955,0.3932031720620147,False,False
"129,63",primary,3,-0.5813717513074006,0.5245243409390559,"[-273.95867456617344, -586.0942002609378]","[0.0, 0.0]",0.0,0.24929910562136098,False,False,0.5220453376166985,"[-264.39370690189, -611.3789444938853]","[-113.6294603308727, -60.76609286766898]",0.19345040967608665,0.3942345632558203,False,False
"129,63",alternative,0,-0.4089997513764503,0.5349839231568824,"[-286.4561240532797, -649.5431598841674]","[0.0, 0.0]",0.0,6.5142385998684675,False,False,0.5308796317263812,"[-297.8144209525149, -663.0833608554494]","[15.51417199066212, -97.03293614842511]",0.13518550741727708,9.178560567621545,False,False
"129,63",alternative,1,-0.36011100917524996,0.5408237283905477,"[-308.5205876401804, -648.5872423093307]","[0.0, 0.0]",0.0,1.1734032583546379,False,False,0.5466549996072688,"[-327.10059104205027, -649.8891805790154]","[55.23622095011591, -14.763203230694188]",0.0785841904086533,1.5959586898902531,False,False
"129,63",alternative,2,-0.03934801683204037,0.5399244254956772,"[-270.1496563979422, -573.0263167854707]","[0.0, 0.0]",0.0,0.10352060203346225,False,False,0.5401854988855761,"[-270.39442647115095, -571.1983733013901]","[6.813020782204579, -5.0203915140667235]",0.013391474737090592,0.10759393242473787,False,False
"129,63",alternative,3,-0.15452288174344386,0.5342491169435463,"[-214.44423145522214, -477.44468988465974]","[0.0, 0.0]",0.0,0.19541485641888584,False,False,0.543216216806203,"[-230.8400154551444, -461.274809823234]","[6.737229714271372, 49.91399962755402]",0.09764541197587949,0.2256109231682134,False,False
"129,63",alternative,4,-0.693679882645905,0.5380814813243221,"[-173.09081850211146, -477.3516160472253]","[0.0, 0.0]",0.0,0.32728070176959817,False,False,0.5546730117774402,"[-165.9772721184021, -439.73290151933014]","[-56.09633491280415, 148.91639124370627]",0.33856770476590475,0.5543087405654024,False,False
"129,63",alternative,5,-0.3591416273814778,0.5344287467148919,"[-204.59179901335446, -513.1074170329415]","[0.0, 0.0]",0.0,0.1805741934883191,False,False,0.5261364799596655,"[-207.5508905720616, -495.13367670963476]","[-81.77479595177644, -34.066410535329275]",0.16500469997188216,0.2454259032008119,False,False
"129,63",alternative,6,-0.50673713807044,0.5325312585715263,"[-257.9036317409443, -558.2665988958063]","[0.0, 0.0]",0.0,0.13964478451315585,False,False,0.5232620270778684,"[-245.09271518947764, -553.3863331597119]","[-63.670041332437464, -88.82195696256503]",0.18056687301576982,0.21040798296381572,False,False
"129,63",alternative,7,-0.9762239868485474,0.5312684262111494,"[-267.28184414266275, -606.7122932361137]","[0.0, 0.0]",0.0,0.6234876930054175,False,False,0.5249727017231187,"[-271.61834940570066, -631.1216629135656]","[-115.55953765599378, -36.09048011666816]",0.17619869006373542,1.2321513344221693,False,False
"130,63",primary,0,-0.12879908247592375,0.4752571527633532,"[235.9396316413682, -454.61957752456954]","[0.0, 0.0]",0.0,0.6511435453757515,False,False,0.47975540968383923,"[225.98906036576793, -473.48979041447103]","[77.964552669436, -48.58321496736696]",0.1750918500560386,0.7350102365802682,False,False
"130,63",primary,1,-0.01810500845237306,0.49996487141816337,"[142.69999125064282, -399.4474941031941]","[0.0, 0.0]",0.0,0.18772259837012104,False,False,0.4927216004386049,"[160.8743809563866, -387.03062605377056]","[53.769939392474285, -11.045910254360262]",0.130967177670013,0.19112131760031348,False,False
"130,63",primary,2,-0.2747864418578232,0.4977102402031917,"[190.06271176653513, -369.7907778685386]","[0.0, 0.0]",0.0,0.1936702347184927,False,False,0.49376894019893275,"[169.21770710264505, -368.3300480606829]","[-46.431568601402276, -44.30514220207591]",0.15833112172841382,0.2468881894105568,False,False
"130,63",primary,3,-0.05887348653454749,0.4792424160426067,"[187.23556061839295, -458.02242705792025]","[0.0, 0.0]",0.0,0.3954529393803103,False,False,0.4814124770831922,"[205.38785249517144, -459.4376196539024]","[7.317221920520151, -84.36878758672495]",0.1682750292869093,0.41873463268196415,False,False
"130,63",alternative,0,-0.35038204946981066,0.4800301516015681,"[225.2709289197682, -456.66009432233164]","[0.0, 0.0]",0.0,2.8515233944626055,False,False,0.4808240300579746,"[225.17032297868445, -476.55960849072613]","[78.0406751307423, -46.13339054588453]",0.17199878534850999,3.8506460055255247,False,False
"130,63",alternative,1,0.25946407488104684,0.4873286927400565,"[198.10166705076318, -440.63730372733335]","[0.0, 0.0]",0.0,0.0432237424578213,False,False,0.48541976227735806,"[194.72905663948507, -441.17931571891205]","[51.20500908188815, -36.955447575513496]",0.13094615742108548,0.03200873410810607,False,False
"130,63",alternative,2,0.08378312621539541,0.5008734542895149,"[148.09532363570557, -409.4926337569052]","[0.0, 0.0]",0.0,0.1829974657128786,False,False,0.48459088341551054,"[175.8558175106326, -391.9307154217583]","[64.71627898247854, -46.29569047731236]",0.18523095412182064,0.167665365945959,False,False
"130,63",alternative,3,0.17262275420969964,0.49249633696485967,"[146.99840338553392, -380.9860834334276]","[0.0, 0.0]",0.0,0.19435515054204555,False,False,0.4860752595945658,"[162.52670621654622, -386.2608283322285]","[23.644145849781445, -28.367869079873643]",0.08812413784433891,0.16080502916063685,False,False
"130,63",alternative,4,-0.20390592401910146,0.49251120950154026,"[166.943762942729, -363.62631614072154]","[0.0, 0.0]",0.0,0.21452137825720738,False,False,0.4889139321817275,"[146.00792178732223, -370.48122422866896]","[-42.02042428866874, -37.15870752852046]",0.14086269486394631,0.25826355811259444,False,False
"130,63",alternative,5,-0.06678235289020251,0.4987127863710434,"[207.87513025181457, -387.4883482744059]","[0.0, 0.0]",0.0,0.18016611585581233,False,False,0.4941484761527844,"[196.62203385062986, -386.31534935790927]","[-18.15511741704345, -41.22397691757314]",0.10391554603142253,0.1921980329837523,False,False
"130,63",alternative,6,0.07987035545335142,0.5005187938246244,"[213.22926884124516, -420.7077139262699]","[0.0, 0.0]",0.0,0.13729875237668596,False,False,0.4947576104115614,"[212.5118984950766, -417.83792599178435]","[13.272774933338457, -56.52029987367675]",0.12385012991047274,0.12633265222105836,False,False
"130,63",alternative,7,-0.2829074519228483,0.48389318408180104,"[191.66926267552435, -446.04150123273354]","[0.0, 0.0]",0.0,0.6801149382809665,False,False,0.4836336978030518,"[208.7211664785101, -455.06257315896056]","[5.775058097903184, -88.86659817580455]",0.17787825942426472,0.8725245224846999,False,False
"131,60",primary,0,-0.6221657597820989,0.6073900103563733,"[-723.4373706213333, -392.9029421049423]","[0.0, 0.0]",0.0,2.351921085609462,False,False,0.6020495606993052,"[-747.5519774244923, -384.532109253485]","[-80.99055176530595, -176.05236470224372]",0.23052091833131122,3.815205854785212,False,False
"131,60",primary,1,-0.0872815270934677,0.6102396860393056,"[-599.3258671640896, -299.1534002830678]","[0.0, 0.0]",0.0,0.11739876338479266,False,False,0.6110307334208035,"[-591.1960437257478, -287.32235842621765]","[13.014661432253835, -56.08555561187461]",0.08759198447686371,0.12764550673190203,False,False
"131,60",primary,2,-0.33658970234365526,0.6108536483553552,"[-525.1324455963482, -322.7606309489796]","[0.0, 0.0]",0.0,0.22023790806201543,False,False,0.6104890476132209,"[-503.9680953239112, -319.87608195127984]","[-62.94052636814328, 64.048164316179]",0.15043742248693445,0.2943677199813985,False,False
"131,60",primary,3,0.2520977592530712,0.589183472738154,"[-605.7974506094779, -295.5840805177341]","[0.0, 0.0]",0.0,0.12006788452491705,False,False,0.5894737566974684,"[-593.5619080725564, -304.21729263337517]","[-49.2030170345552, -58.024493890955696]",0.11406236683492246,0.08979903987792896,False,False
"131,60",alternative,0,-0.6814477790420079,0.6082639680586659,"[-703.3619908760659, -377.9383108448057]","[0.0, 0.0]",0.0,11.468320894174923,False,False,0.5982891881252601,"[-717.5923007038006, -387.6953835986808]","[-98.5640568606309, -160.00946342437686]",0.2304125728790783,19.28338269685148,False,False
"131,60",alternative,1,-0.48441322172587675,0.6021990860013525,"[-687.3544466589441, -398.53907994344826]","[0.0, 0.0]",0.0,0.6486747902419332,False,False,0.6082693211133533,"[-713.1997124260225, -357.79702886116945]","[-21.27828471319698, -129.46451844142192]",0.16442984804775124,0.9629014352353854,False,False
"131,60",alternative,2,0.19573061191588925,0.6088254215975633,"[-632.5266881289524, -327.6006307000109]","[0.0, 0.0]",0.0,0.12739308704900976,False,False,0.6128153874406379,"[-633.1359157411259, -300.9555578165874]","[10.017146505998792, -62.2863529183432]",0.08999216281643661,0.10245836016705294,False,False
"131,60",alternative,3,-0.20441806927457473,0.6130188743814852,"[-563.7421124606999, -262.8996749509717]","[0.0, 0.0]",0.0,0.16242205222636344,False,False,0.6145667876488135,"[-558.6044109408199, -255.81457378527966]","[32.657413280464596, -41.37471461015098]",0.0857923100461386,0.1956240545500908,False,False
"131,60",alternative,4,-0.175844651414911,0.6090396761955373,"[-498.7376871811248, -290.9762713303989]","[0.0, 0.0]",0.0,0.2436812786517863,False,False,0.6091076876940894,"[-491.947080565198, -285.0257531596245]","[-33.800424953669875, 50.730704449966424]",0.10721900583192963,0.2865313281526495,False,False
"131,60",alternative,5,-0.347641805034123,0.6117385096852361,"[-548.4607071907532, -338.9217893329138]","[0.0, 0.0]",0.0,0.22612098798273061,False,False,0.6097960279002582,"[-520.8100346541488, -338.1782462560403]","[-88.73663406510971, 28.55092032734383]",0.150113836486317,0.30473009640114634,False,False
"131,60",alternative,6,-0.15899886858404222,0.6028108656509236,"[-608.5488411122802, -327.2209444436423]","[0.0, 0.0]",0.0,0.07809587322970926,False,False,0.6007056758227518,"[-589.7470890781238, -323.6411642610414]","[-45.58765814943666, -60.38018128479118]",0.11246537833165669,0.09051302871431582,False,False
"131,60",alternative,7,0.3409815396617162,0.5943460720357674,"[-605.6891128561414, -306.5597626395422]","[0.0, 0.0]",0.0,0.08888070835397484,False,False,0.5927715979895978,"[-601.4237698572175, -314.9895572935773]","[-49.93269832816148, -49.37433273606025]",0.10343198551005998,0.058574027573212534,False,False
"131,64",primary,0,0.2879611578935789,0.4354553022332636,"[874.8669733808537, -506.1502738583055]","[0.0, 0.0]",0.0,0.534411838953577,False,False,0.4431027626780398,"[868.8619186877901, -546.8495503923589]","[179.57001937023978, -44.81356375729606]",0.18027695788887468,0.3805219870164681,False,False
"131,64",primary,1,0.3713376440306013,0.45727818661712244,"[670.5137235174336, -497.7503777038103]","[0.0, 0.0]",0.0,0.16987433044110337,False,False,0.44644884880719443,"[727.0725439099896, -463.75745775798816]","[131.20437559482644, -28.66976541047088]",0.15573139439149633,0.10679359679382817,False,False
"131,64",primary,2,-0.24571642730641252,0.45153292329253764,"[709.2179404024143, -442.98713576522914]","[0.0, 0.0]",0.0,0.10831412658942371,False,False,0.43498321566031173,"[702.6007538558438, -557.8611451246528]","[147.60989806017275, -202.28616186518445]",0.2791280219777491,0.1349286868017914,False,False
"131,64",primary,3,-1.4699366415860413,0.4558018021328355,"[831.4148846483029, -519.0754958364214]","[0.0, 0.0]",0.0,0.23042485224914772,False,False,0.464912348285262,"[884.4398320662877, -490.9544351239433]","[142.34298057926276, -223.1096932612442]",0.2616232015490254,0.5691347857022196,False,False
"131,64",alternative,0,0.17778939150302708,0.4359933555989938,"[860.3807762696766, -500.09774406260027]","[0.0, 0.0]",0.0,1.3921875905321222,False,False,0.44186415343238356,"[868.7856270369697, -541.102854286633]","[180.03495253747002, -50.17292799866474]",0.18260175865249517,1.1446714059533507,False,False
"131,64",alternative,1,0.8173532915427181,0.4490386720602945,"[822.5014552643872, -534.1269686051646]","[0.0, 0.0]",0.0,0.08808773739035597,False,False,0.4387375776272884,"[834.5562565675824, -515.6815577013662]","[149.68766465337603, -108.51721252503364]",0.18846067237962708,0.016088935289797955,False,False
"131,64",alternative,2,0.6814606620453162,0.4606017611377487,"[702.4575025990964, -535.081190856299]","[0.0, 0.0]",0.0,0.16155889450547925,False,False,0.44455023504258395,"[758.7841612377546, -487.4870614046607]","[155.54552007952373, -69.17138613031618]",0.1887517880962673,0.05146286329646597,False,False
"131,64",alternative,3,0.15584609629946244,0.45471164597654284,"[650.0022181496525, -454.7772730210418]","[0.0, 0.0]",0.0,0.19923128055541153,False,False,0.4488915324025228,"[694.6385175302913, -432.7173413059131]","[96.05823989527705, 7.508923875993293]",0.11773230087497852,0.16818186322010764,False,False
"131,64",alternative,4,0.36034941848182067,0.4506244962810029,"[678.3649389383652, -431.26216580081376]","[0.0, 0.0]",0.0,0.168471601881253,False,False,0.44191538584669976,"[698.3715098118821, -510.16514953671117]","[91.72125566933107, -138.19299427926993]",0.19177755045874048,0.10776295811264268,False,False
"131,64",alternative,5,-11.232086921303239,0.44987256911134965,"[721.4457213470699, -470.97540174535783]","[0.0, 0.0]",0.0,0.024650186287174223,False,False,0.4259205172222355,"[690.1533698031656, -592.0062117169292]","[215.9946537556734, -223.2552842180022]",0.3416333479492679,0.30152322129103226,False,False
"131,64",alternative,6,-0.257429552768897,0.4554184827599603,"[803.3442269991211, -498.85958267598954]","[0.0, 0.0]",0.0,0.12143039129760222,False,False,0.44780519864118906,"[796.5636928950722, -507.6875332539385]","[159.05733617489796, -167.38455053968718]",0.24444791575356623,0.15269016262189614,False,False
"131,64",alternative,7,-1.2981654355527632,0.4559936237640673,"[830.9585195588166, -518.2092463257696]","[0.0, 0.0]",0.0,0.4227858927932027,False,False,0.46051722745279755,"[884.6383667928413, -513.41964448203]","[139.31740392886545, -201.51711764682392]",0.23951809411706326,0.9716319254566547,False,False
"132,65",primary,0,-1.0295179187701526,0.40947938028976416,"[1125.0855318332322, 570.8791126961263]","[0.0, 0.0]",0.0,1.3407679432871884,False,False,0.4329804122461686,"[1197.1456291097024, 504.3036436782513]","[-47.38928533090095, 321.68372598357513]",0.25030639372686303,2.7211125658139523,False,False
"132,65",primary,1,-0.7822896241730499,0.40293612859382616,"[977.0588032627171, 536.040815121254]","[0.0, 0.0]",0.0,0.13056885115899647,False,False,0.3905636205577581,"[942.1644414173188, 702.6174056716711]","[118.5217350189316, 256.0096300451754]",0.24003447067337033,0.2327115086608747,False,False
"132,65",primary,2,0.1977966157137968,0.4050672910957738,"[827.9586672164927, 443.2043730669025]","[0.0, 0.0]",0.0,0.16641586544849243,False,False,0.40314811317653504,"[876.8317479611864, 446.412481195071]","[88.92637477465631, 57.762943111241384]",0.10777179259126242,0.13349937046169805,False,False
"132,65",primary,3,-0.4397640309058961,0.4013510223863965,"[929.8001983419606, 496.70487547884983]","[0.0, 0.0]",0.0,0.08709624709394534,False,False,0.39584823330358393,"[922.8833616861036, 503.61101736823855]","[104.97130545947248, 212.9621756941346]",0.22583107008077458,0.12539804379275468,False,False
"132,65",alternative,0,-1.0050484396246198,0.40824149553273614,"[1080.332803536331, 556.6758091282973]","[0.0, 0.0]",0.0,2.3844821349729304,False,False,0.4231732902425133,"[1139.576295412279, 544.3363690581241]","[-8.920877785479178, 302.2374865734207]",0.23942294351078872,4.781002184040256,False,False
"132,65",alternative,1,0.3194162803059507,0.40208486411324595,"[1086.2897487548848, 602.0237835513291]","[0.0, 0.0]",0.0,0.6323825106534046,False,False,0.40891284697708685,"[1087.7604337730775, 584.042732887024]","[8.879252884194543, 158.44548213823606]",0.12853500656436942,0.4303892413699558,False,False
"132,65",alternative,2,-0.6125926909327053,0.40369539490908873,"[1045.734448183241, 563.0083601164046]","[0.0, 0.0]",0.0,0.5034534089050879,False,False,0.39216097858968557,"[1023.7761777809784, 686.402195446235]","[168.00696235066928, 168.75536869346152]",0.19319359510253523,0.8118652874254993,False,False
"132,65",alternative,3,-0.5466757625678107,0.40509453747810414,"[928.6044069991838, 484.4351954738433]","[0.0, 0.0]",0.0,0.08606842028605015,False,False,0.39455794477778533,"[890.7964766649211, 649.3117909026283]","[29.68565359050376, 261.12707233225893]",0.23841301149465474,0.13311993957893342,False,False
"132,65",alternative,4,0.30963178568428285,0.4044559049449698,"[833.4145396811292, 450.9567260324736]","[0.0, 0.0]",0.0,0.1420724936469982,False,False,0.4021450177007413,"[831.7007584603564, 521.0877586379939]","[-33.01092619597298, 120.44637026458655]",0.12724765125511994,0.09808233374245921,False,False
"132,65",alternative,5,-0.06271208866437283,0.40621226131621363,"[812.8992100133032, 450.3038229791949]","[0.0, 0.0]",0.0,0.18938332327912785,False,False,0.400822930932074,"[876.1488080437251, 427.682634666168]","[165.46239488792065, 81.19002036962571]",0.189041899937289,0.2012599470401621,False,False
"132,65",alternative,6,-0.3918539423701912,0.41295722215719144,"[857.7115669722964, 497.96486505130963]","[0.0, 0.0]",0.0,0.13869424791741983,False,False,0.4031832389617248,"[880.8850623997674, 483.04910530131895]","[177.61819036612576, 180.7328602347605]",0.25223249855072294,0.19304213574792947,False,False
"132,65",alternative,7,0.012043944956049213,0.4006028011281027,"[966.8368846600125, 513.0642549168357]","[0.0, 0.0]",0.0,0.08772797645625073,False,False,0.3982387536474388,"[952.9563767378004, 537.2234596549731]","[67.41254320475551, 199.21536757468698]",0.19224960208406527,0.08667138553670606,False,False
"133,64",primary,0,0.2098946173970051,0.33541788856437316,"[653.188857334831, -129.80767681614796]","[0.0, 0.0]",0.0,1.604872784320437,False,False,0.37647306929574026,"[626.7501862042736, -199.40864181846368]","[208.9667129515282, 65.67107054045238]",0.3330397657022369,1.2680186252846326,False,False
"133,64",primary,1,0.048473234590945546,0.34678901829292064,"[540.3435761909734, -149.33387390918392]","[0.0, 0.0]",0.0,0.19756638759243839,False,False,0.35030482578456906,"[635.0894274272075, -88.28711543325555]","[250.4648406286255, 16.892030019251834]",0.39150828506170854,0.18798970573938445,False,False
"133,64",primary,2,0.6177610956542565,0.34231966088206606,"[472.5317351276459, -72.663593651822]","[0.0, 0.0]",0.0,0.25074677118016875,False,False,0.3511951297587449,"[539.2932759128927, -112.833903133626]","[168.15748722280256, 1.8681849545247644]",0.30522105857766413,0.09584517108414055,False,False
"133,64",primary,3,-0.07608853213976885,0.32927348898737446,"[572.2162065536778, -133.71485425657625]","[0.0, 0.0]",0.0,0.1981128111418536,False,False,0.3439495182034943,"[564.9048411682858, -142.5585189778781]","[229.72344686446817, 39.34995627101925]",0.4000398258933067,0.2131869241397205,False,False
"133,64",alternative,0,0.09635144464153744,0.33150416868022764,"[628.2747400061425, -112.76290977111663]","[0.0, 0.0]",0.0,1.3884780822260128,False,False,0.37081160458262075,"[619.5264230850852, -175.71544617396574]","[217.7397314291946, 57.186229618505095]",0.349591415484969,1.2546962131504251,False,False
"133,64",alternative,1,0.7025955695473448,0.34403923727053765,"[635.2237344797694, -154.34805755509566]","[0.0, 0.0]",0.0,1.6603629685947645,False,False,0.3537620233129705,"[633.420811452986, -138.66989858895698]","[181.27615843853695, 10.361934956547788]",0.2800213883021607,0.4937993030196058,False,False
"133,64",alternative,2,-0.2230698942787135,0.34911810642609525,"[590.8284818671428, -163.8725523418257]","[0.0, 0.0]",0.0,0.40789776932075533,False,False,0.3494846292860343,"[663.6218481691847, -96.91022422918836]","[254.64758905939976, -15.619035704398925]",0.38041025376224924,0.4988874815996593,False,False
"133,64",alternative,3,0.23720313453988595,0.3425312239397802,"[517.2577343606135, -124.40578845596603]","[0.0, 0.0]",0.0,0.1798250468265618,False,False,0.35131265672579876,"[629.4728110861007, -82.65301613721604]","[243.58896868253188, 37.94630434004446]",0.38830714763371876,0.13716998205051956,False,False
"133,64",alternative,4,0.5210909543370004,0.3412917918812164,"[451.98190891544516, -82.07709020591852]","[0.0, 0.0]",0.0,0.310280366922736,False,False,0.34954148287059156,"[518.0419930317385, -87.37696558517665]","[128.71974291333373, 32.334320696016846]",0.25262489745826805,0.14859607441093287,False,False
"133,64",alternative,5,0.4292855812947337,0.34363532173384465,"[492.11577327282146, -78.53713155638539]","[0.0, 0.0]",0.0,0.15630667373561322,False,False,0.3500090272772169,"[540.3678845179372, -135.85177304532377]","[193.82398903704984, -12.99782680000635]",0.3486453029217812,0.08920647244077422,False,False
"133,64",alternative,6,-0.30546405602532145,0.35077642379246105,"[562.4021313439697, -93.63426131372421]","[0.0, 0.0]",0.0,0.109926751547643,False,False,0.35524594141367777,"[568.645990309696, -132.15616764878422]","[239.57313047940383, -2.9097453443258345]",0.4103981195854402,0.14350542294107382,False,False
"133,64",alternative,7,0.3348733519644145,0.3306555438935492,"[572.8566722091015, -130.98113711774621]","[0.0, 0.0]",0.0,0.3152760075000534,False,False,0.35351376055603834,"[574.9921978770775, -120.36512317335038]","[222.26031058766551, 24.0539412293344]",0.38055339840998104,0.20969847407455264,False,False
"133,66",primary,0,-1.1160612251337492,0.41825348074809593,"[445.5851871312644, -672.6850765873287]","[0.0, 0.0]",0.0,0.4651505635184555,False,False,0.4328946153021271,"[407.23947426536324, -716.8990400244392]","[182.30534083423504, -196.8257848077585]",0.32539127962668735,0.9842870713105168,False,False
"133,66",primary,1,0.021176682037182704,0.39999494585225803,"[418.06193052818736, -545.1840557258984]","[0.0, 0.0]",0.0,0.1035873695543463,False,False,0.39278817034810004,"[532.8944366293684, -607.090633063689]","[129.0576627755339, -237.26472647926346]",0.3343581031123098,0.10139373276622578,False,False
"133,66",primary,2,0.5512953521304256,0.4065222733924095,"[458.49058841719653, -487.800395951079]","[0.0, 0.0]",0.0,0.230765071912548,False,False,0.39956633648764567,"[425.4694358596853, -567.0882650857501]","[29.736706036671237, -172.00996266131594]",0.2462245363450593,0.10354536033311687,False,False
"133,66",primary,3,0.7366879496487997,0.3699768453019678,"[420.5960810560742, -679.0550977809236]","[0.0, 0.0]",0.0,0.6041755813101509,False,False,0.3900888610207685,"[452.64742310664974, -661.7106234168972]","[69.88617538767497, -187.20589119036518]",0.24924649892657783,0.15908671108690411,False,False
"133,66",alternative,0,-1.222382653046746,0.4139402300353815,"[450.13412524354186, -652.56191838936]","[0.0, 0.0]",0.0,0.7794586761354461,False,False,0.4267548566305831,"[426.09752700398224, -705.7478735208746]","[166.00379904455335, -202.7339523221907]",0.31783914042179,1.732255440610197,False,False
"133,66",alternative,1,0.28216190839034583,0.40718458641745325,"[460.4684274119855, -641.9092346159357]","[0.0, 0.0]",0.0,0.11857928401926869,False,False,0.3944071685766472,"[500.51828483097967, -629.9990274849815]","[85.22074394128347, -234.7547668850454]",0.31038732910598826,0.085120726944831,False,False
"133,66",alternative,2,-6.2239469887971435,0.4001555713701689,"[440.6853561683759, -576.2822049734299]","[0.0, 0.0]",0.0,0.04876600888787156,False,False,0.38748715194102756,"[559.3849013648517, -605.6293525344323]","[127.08476326936994, -274.5129283795367]",0.36691979403520264,0.3522830630611945,False,False
"133,66",alternative,3,0.7678260941876465,0.3996324195216922,"[401.74496895665425, -499.01578423817847]","[0.0, 0.0]",0.0,0.16197158485619406,False,False,0.3968879429774539,"[480.5990626914699, -570.7226871276026]","[103.38533574347252, -168.63113893861754]",0.2651041719652327,0.037605575486679636,False,False
"133,66",alternative,4,0.39920453700306857,0.40541527024896223,"[436.62869945516593, -461.94187633020215]","[0.0, 0.0]",0.0,0.2786014061572682,False,False,0.4024053991182205,"[422.1049788900321, -526.8263718712168]","[7.2585270708426854, -123.05447652831461]",0.1826010406310175,0.1673824608038521,False,False
"133,66",alternative,5,0.6497552606422956,0.4102225152014113,"[486.4743171443208, -520.0400069968871]","[0.0, 0.0]",0.0,0.1753455452153493,False,False,0.3994866053236231,"[437.0558211002417, -592.8998786369104]","[52.580987678169535, -207.37635978290064]",0.29044907468509557,0.06141385478148459,False,False
"133,66",alternative,6,0.13910655538998473,0.3885502746973922,"[447.81581011877057, -635.3122550945025]","[0.0, 0.0]",0.0,0.09950912683848252,False,False,0.3875413630469614,"[428.3142355838429, -656.0857440866445]","[109.84328403096512, -208.8714537676422]",0.3011967420346748,0.08566675497411615,False,False
"133,66",alternative,7,0.7181417073798007,0.3721142569359742,"[422.15869217598595, -668.0513210176783]","[0.0, 0.0]",0.0,1.049828042907883,False,False,0.3904660570068419,"[457.24679994794354, -664.2293929016249]","[68.79670905448401, -182.84034826643648]",0.24225676750906225,0.2959027397188212,False,False
"134,62",primary,0,-0.3838388547097977,0.44748665934525816,"[-422.4131158105276, -499.1304101059105]","[0.0, 0.0]",0.0,1.8005327140295617,False,False,0.4483509010729855,"[-409.7040024903019, -511.1116019666042]","[103.93629934910106, 58.6891341941793]",0.1822169838570609,2.4916471288501927,False,False
"134,62",primary,1,-0.33194792060770606,0.42307160746034767,"[-272.8581169392981, -471.00017906445476]","[0.0, 0.0]",0.0,0.21106709661702294,False,False,0.4200382520375655,"[-243.90797645991887, -470.1164601962003]","[49.556956086283265, -22.594806414936688]",0.10283695910532269,0.2811303804477495,False,False
"134,62",primary,2,-0.8448027460621139,0.4350039839142989,"[-367.1433116769201, -361.60556551540384]","[0.0, 0.0]",0.0,0.2340085752630585,False,False,0.4399532986771437,"[-359.7972781894839, -299.61929181849627]","[-64.85071664346319, 129.07425040992763]",0.3085115683310947,0.43169966224737316,False,False
"134,62",primary,3,0.049471115351866546,0.4659849150048687,"[-302.2218546855887, -442.3883294719839]","[0.0, 0.0]",0.0,0.22088352470363362,False,False,0.4691514661355109,"[-308.19366611348966, -442.4339457101208]","[-4.583782092823487, 41.28142959175888]",0.07703176745785911,0.2099561703736933,False,False
"134,62",alternative,0,-0.18306380126828437,0.4516399654459221,"[-415.9590370486216, -470.1301566171187]","[0.0, 0.0]",0.0,2.3447152334458092,False,False,0.4509384043746114,"[-399.4142023708072, -482.2947657143854]","[91.0324566846532, 30.66823934115964]",0.15339820796782414,2.773947716972052,False,False
"134,62",alternative,1,-0.5708104774868583,0.43104521735799356,"[-358.0115591311562, -506.53697172133326]","[0.0, 0.0]",0.0,1.172750569902946,False,False,0.4370690735898972,"[-368.5743427664287, -497.72351230423044]","[50.91524508498687, 98.53691920782751]",0.17908544644781366,1.8421688826822318,False,False
"134,62",alternative,2,0.158680404484278,0.41774987282618475,"[-275.39360238191705, -499.3214806317385]","[0.0, 0.0]",0.0,0.2781104967401704,False,False,0.42023996452638035,"[-282.35908376868525, -491.8510670748629]","[5.44652829725016, 16.65092124629121]",0.030890380768223917,0.23397981062611667,False,False
"134,62",alternative,3,-0.23180928576354365,0.43267735072211605,"[-304.95607237113586, -425.34889468633617]","[0.0, 0.0]",0.0,0.12478204463566482,False,False,0.4455571820398361,"[-303.2780287263564, -360.63474254044996]","[63.30427514882544, 93.59609209969584]",0.2397976647353113,0.1537076812787729,False,False
"134,62",alternative,4,-1.3994306641505943,0.437784163610968,"[-355.8630960960937, -377.75857497856924]","[0.0, 0.0]",0.0,0.23046328596347465,False,False,0.44744791310103355,"[-349.3952063765109, -292.9432881169714]","[-29.028367404680033, 163.6922942689747]",0.3646129888940618,0.5529806753016683,False,False
"134,62",alternative,5,-0.19015788204868778,0.43165170403444614,"[-360.963195956032, -375.43666485271524]","[0.0, 0.0]",0.0,0.2022496998856095,False,False,0.43450755920516726,"[-356.266116574071, -352.7368492856631]","[-44.55229429938605, 56.14198554332876]",0.14295822248248038,0.24070907446083978,False,False
"134,62",alternative,6,0.1985315396745947,0.4379732600809787,"[-337.1499757357731, -406.37394264861376]","[0.0, 0.0]",0.0,0.09380658298194389,False,False,0.44296713915147656,"[-335.19351979022525, -407.48260691330404]","[9.34048380137748, 40.229525906093855]",0.07827337468124725,0.07518301763092594,False,False
"134,62",alternative,7,0.23988974518109596,0.46195612500883027,"[-315.1736233330194, -448.33638389978535]","[0.0, 0.0]",0.0,0.25614139999239766,False,False,0.4628364377899304,"[-321.3920738877723, -441.41229745288746]","[10.894086738517256, 43.86798909315378]",0.08278171521539787,0.1946957048178922,False,False
"134,66",primary,0,-0.9195787423950541,0.3650581948192617,"[975.9984534863988, -30.45329217642058]","[0.0, 0.0]",0.0,0.14526160388096898,False,False,0.392027269939502,"[976.6923019523027, -88.29219667885383]","[295.1688252898635, 71.37649658806056]",0.3096604104191964,0.2788410868961189,False,False
"134,66",primary,1,0.3274267512363296,0.3687030665115572,"[849.0115718413729, -67.01747039206526]","[0.0, 0.0]",0.0,0.10695327201215361,False,False,0.36972472612039936,"[969.3716866074391, 3.1311298516607717]","[292.1762728890743, 2.2882180007357675]",0.30141555898251454,0.0719339096231187,False,False
"134,66",primary,2,0.5469729399819065,0.3738665964312416,"[830.4114666544666, 15.57548080357533]","[0.0, 0.0]",0.0,0.1948604159954227,False,False,0.372436210607328,"[898.47500052118, -45.51742737323762]","[185.14013638115725, -36.28872370701359]",0.2097124560771331,0.08827704137230902,False,False
"134,66",primary,3,0.6250932773570104,0.36035102458273177,"[1010.0588986887549, -68.06639553971321]","[0.0, 0.0]",0.0,0.4158814908314324,False,False,0.37785063189504503,"[1011.0047817778571, -29.0826573262877]","[243.43746142346365, -23.661355701075024]",0.24182232836578718,0.15591676673549287,False,False
"134,66",alternative,0,-0.33627871193037717,0.3661641401225112,"[972.4268458213855, -34.649353621686444]","[0.0, 0.0]",0.0,0.4055227330619978,False,False,0.3885919357834561,"[991.9256317544944, -78.80389267575376]","[279.6543560308316, 54.461805488459476]",0.28632515836508615,0.5418913953945727,False,False
"134,66",alternative,1,-7.432104871730266,0.3647484809846251,"[943.426966468717, -25.311971307328047]","[0.0, 0.0]",0.0,0.01246936066742547,False,False,0.3668705284079815,"[954.1199763962435, 15.143530224452613]","[299.24959994747877, -4.0511238652142225]",0.3136286198719607,0.10514295683116004,False,False
"134,66",alternative,2,-7.067421336611025,0.36713875439970806,"[877.9244072403213, -36.91933403931367]","[0.0, 0.0]",0.0,0.03250851011581577,False,False,0.3648709811429341,"[962.3001105940772, 69.3504489379393]","[339.26671351671473, 33.632315076994644]",0.353369753563609,0.26225984812976755,False,False
"134,66",alternative,3,0.7145741842662048,0.36881155548948774,"[809.2931931389718, -73.78156843534637]","[0.0, 0.0]",0.0,0.17386827585262474,False,False,0.3722375515118883,"[925.517096529124, -60.613970593834644]","[217.09938397482594, -31.361052879547614]",0.2364990349826114,0.049626494465463945,False,False
"134,66",alternative,4,0.23512480766120236,0.3715466087794215,"[782.0681936948558, -22.828042610541903]","[0.0, 0.0]",0.0,0.2317372961906371,False,False,0.371479402119908,"[836.2971428406344, -96.39170963293051]","[133.7892588395532, -106.8413870262373]",0.20338360575721665,0.17725010899588647,False,False
"134,66",alternative,5,0.6664262411425265,0.3747445541456026,"[888.3282067367325, 18.68491964470044]","[0.0, 0.0]",0.0,0.1708325672007909,False,False,0.370574703568239,"[954.0846898714896, -52.965007068624686]","[237.27394688828508, 1.316885727597409]",0.24831424907114322,0.056985261576439766,False,False
"134,66",alternative,6,0.1369038480463166,0.36755309351710896,"[997.9867118941916, -37.923669991196704]","[0.0, 0.0]",0.0,0.22146351385912308,False,False,0.36507440952307224,"[1013.6451916443631, -79.36418380332476]","[256.85224496565894, 48.04606672603835]",0.25700315961041975,0.19114430660995035,False,False
"134,66",alternative,7,0.4383691661717377,0.3623386120051384,"[989.4152344274102, -57.70878275179556]","[0.0, 0.0]",0.0,0.5888292705920313,False,False,0.3818592926054526,"[1006.3324053512897, -12.798678040805742]","[247.149149507588, -39.2669445450108]",0.24865424992268956,0.33070467422509003,False,False
"135,66",primary,0,-0.6119524689075388,0.3657238982637577,"[683.4706258338895, 723.5820799391993]","[0.0, 0.0]",0.0,0.1820907360216916,False,False,0.387359554278524,"[716.9875913572665, 693.6965234883987]","[133.3863779635329, 216.84266112197]",0.25518549081430847,0.29352161149535666,False,False
"135,66",primary,1,-0.307762432408774,0.359248190102107,"[573.660575565985, 645.1884314517092]","[0.0, 0.0]",0.0,0.08492009854839946,False,False,0.3626711577430619,"[592.964164996942, 778.4949163961235]","[174.72883385129995, 227.6428452315453]",0.2932443882746363,0.11105531463804767,False,False
"135,66",primary,2,0.250289833137601,0.36430919124125083,"[537.2045342893589, 648.0054601351252]","[0.0, 0.0]",0.0,0.1685745378790912,False,False,0.36293042998776964,"[629.2113378169677, 617.3349496162341]","[196.49552182852554, 41.886091003611256]",0.22792344759010733,0.12638204492208527,False,False
"135,66",primary,3,0.4526448199024079,0.34944393492173026,"[719.332653118214, 734.643464750238]","[0.0, 0.0]",0.0,0.4715285129037576,False,False,0.3729510964370362,"[680.3013899552902, 764.2725078403405]","[203.53040380344405, 116.15895161679892]",0.22903308950338364,0.258093574101586,False,False
"135,66",alternative,0,-0.01774278069951518,0.36221338574890993,"[667.8768950764985, 727.5002584921062]","[0.0, 0.0]",0.0,0.46193896706332876,False,False,0.3811767950950067,"[704.6917503631363, 712.7366123012633]","[145.70510356594, 195.2465577483181]",0.24306454808225966,0.47013504885249396,False,False
"135,66",alternative,1,0.4450712732974237,0.36898840375089054,"[667.3795330310554, 683.2769611506984]","[0.0, 0.0]",0.0,0.05478603068326793,False,False,0.3698243774757997,"[649.7770626363221, 712.5294482983002]","[169.78009579574424, 173.63630694403537]",0.25183339429627727,0.030402342248154145,False,False
"135,66",alternative,2,-1.8883071268987979,0.3600647275489713,"[588.2881582777057, 664.9161639703616]","[0.0, 0.0]",0.0,0.06953827492401585,False,False,0.3599827897389587,"[572.0481462835113, 782.1090080586522]","[184.01442128334207, 238.8703761642298]",0.3111810531674042,0.20084789505528292,False,False
"135,66",alternative,3,0.6356085014057634,0.35853131880747435,"[551.0732911006621, 627.2517820682173]","[0.0, 0.0]",0.0,0.10469769377521511,False,False,0.3642718821065536,"[610.1991177613232, 735.4707820740255]","[160.6987982649527, 171.35721482073598]",0.24582309848651954,0.038150949534111106,False,False
"135,66",alternative,4,0.05479425684064787,0.3625114127278831,"[523.8898035752879, 603.7067203661102]","[0.0, 0.0]",0.0,0.20686679627808205,False,False,0.36249684256606873,"[624.4793396727353, 568.7552653276578]","[201.86980870798163, -14.721190679832937]",0.2396288955548747,0.19553168391101886,False,False
"135,66",alternative,5,0.36537169246622403,0.36326026483219515,"[575.0061329194967, 681.4222614274634]","[0.0, 0.0]",0.0,0.12599338519311834,False,False,0.3611323824484769,"[664.7634713223048, 654.0127311845155]","[201.89797137507068, 113.32877866264532]",0.248277285767414,0.0799589688055598,False,False
"135,66",alternative,6,-0.22903482956889265,0.3537781141897801,"[688.488918220582, 728.0136980591718]","[0.0, 0.0]",0.0,0.17889588470426854,False,False,0.355850884938124,"[721.3825253094559, 711.8197643750234]","[146.43520045187765, 191.32509739812213]",0.23773524162818313,0.21986927316808696,False,False
"135,66",alternative,7,0.17582383460716022,0.35397692063661745,"[691.3839447833905, 734.1637472606693]","[0.0, 0.0]",0.0,0.8065143197649423,False,False,0.37653327766139966,"[668.7903841619169, 772.8651850235098]","[214.72301228357546, 107.45607687627063]",0.23492805015604828,0.6647098793982846,False,False
"136,65",primary,0,0.839445434030164,0.2719207151848656,"[-890.8033378739868, -628.3635930498925]","[0.0, 0.0]",0.0,1.9877869546300393,False,False,0.3468825328638648,"[-858.5254315133825, -549.2670682293727]","[-496.03191357874323, -353.2057334694706]",0.5974662087735755,0.319148271741128,False,False
"136,65",primary,1,0.8903390695353648,0.30368285857225874,"[-686.3644879075722, -345.0172853634976]","[0.0, 0.0]",0.0,0.3115818682479565,False,False,0.3378184600315077,"[-787.9772628726446, -529.1117797074393]","[-443.51668244412656, -315.8100679979058]",0.573641005278031,0.03416835758798029,False,False
"136,65",primary,2,0.8202953230564043,0.29752115452326633,"[-607.0851534496275, -466.30901959680574]","[0.0, 0.0]",0.0,0.28308949808725065,False,False,0.336206386385189,"[-822.7034860577295, -486.4488563328153]","[-503.928576441754, -287.2738430513278]",0.6069115028499046,0.050872506799894045,False,False
"136,65",primary,3,0.7094656274708624,0.28119538093012836,"[-930.704422301421, -581.3294340828182]","[0.0, 0.0]",0.0,2.344049372231896,False,False,0.3552631279879973,"[-844.6572625994312, -597.4832114797459]","[-541.1824236867352, -288.87124268586865]",0.5929280323818948,0.6810269135387127,False,False
"136,65",alternative,0,0.7376600053108768,0.27614265401658694,"[-879.370590797098, -604.1056695850957]","[0.0, 0.0]",0.0,9.12330639358273,False,False,0.3518003275524993,"[-878.7143499763747, -533.9865436262374]","[-484.35173111909376, -359.38705639574886]",0.5865563737526126,2.3934081508397376,False,False
"136,65",alternative,1,-0.06890860471487747,0.2863762872459579,"[-867.0442069671067, -560.319736148115]","[0.0, 0.0]",0.0,0.4271927839629048,False,False,0.32675848088865056,"[-817.4105875380365, -624.1352176531201]","[-539.7278020486413, -286.08239457194327]",0.5939625092659183,0.45663004265005264,False,False
"136,65",alternative,2,0.8437296388112253,0.3064204276674811,"[-756.675800299804, -383.7570449253626]","[0.0, 0.0]",0.0,0.22295237813279722,False,False,0.3358447866170735,"[-801.0558272992673, -568.9711041580777]","[-499.92256085057784, -333.0030887684039]",0.6113411687543696,0.0348408486587085,False,False
"136,65",alternative,3,0.7868714330001065,0.2959359728138604,"[-595.6121133789151, -341.2377022138605]","[0.0, 0.0]",0.0,0.38291932280811714,False,False,0.33498777806733115,"[-722.2715758992956, -490.99521827230836]","[-360.5950225872819, -286.33253575753105]",0.5272196132378074,0.08161104654666361,False,False
"136,65",alternative,4,0.8515989366345467,0.29537060422299655,"[-559.3125930683866, -429.40759765631117]","[0.0, 0.0]",0.0,0.3725965603576378,False,False,0.33703727257241467,"[-757.0982784822658, -514.9370900831543]","[-419.8480699464126, -275.0727053970898]",0.548190567162965,0.05529372576338378,False,False
"136,65",alternative,5,-0.011312802080114315,0.29711557732868454,"[-695.2916314113825, -508.13099948910207]","[0.0, 0.0]",0.0,0.1311968779058908,False,False,0.33330388113216675,"[-890.204543533476, -471.5295755555009]","[-558.853278974008, -341.6769834166778]",0.6502314125808852,0.13268108221916908,False,False
"136,65",alternative,6,0.18324494140186343,0.2851295718924869,"[-868.4521925638672, -550.4961783817173]","[0.0, 0.0]",0.0,0.7417452337841258,False,False,0.32762557185040353,"[-900.9179409489212, -481.4908992052424]","[-503.76364491810693, -369.4890983357087]",0.6115836054109248,0.6058241718842422,False,False
"136,65",alternative,7,0.5020981339847688,0.28241121908515315,"[-903.1541413700116, -568.1165868282633]","[0.0, 0.0]",0.0,7.119846329783467,False,False,0.357763348995799,"[-840.2593211908452, -608.1477117685871]","[-543.8692048210125, -280.5363209843193]",0.5899848226083567,3.5449847733408832,False,False
"136,66",primary,0,0.06252382961481884,0.3668849604433478,"[-355.47586008447263, 863.8344381222647]","[0.0, 0.0]",0.0,0.3971067492438381,False,False,0.38949973223701334,"[-316.1598846422647, 882.1016443553985]","[-141.4197709985598, 177.08439789633218]",0.24184866906106514,0.3722781145152218,False,False
"136,66",primary,1,-0.025353288264303497,0.36718163744862153,"[-290.82837048017905, 711.6075139755376]","[0.0, 0.0]",0.0,0.11473739595617732,False,False,0.3671934780830848,"[-402.6539170752764, 755.4069624060348]","[-156.92965042482592, 196.75224332813247]",0.2940015438126455,0.1176463662305498,False,False
"136,66",primary,2,0.2879938713299446,0.3709976903937345,"[-308.53355457621007, 694.8481222354444]","[0.0, 0.0]",0.0,0.16844825046323936,False,False,0.36966980244680214,"[-256.89818286698016, 773.7769179564831]","[9.515358376685711, 195.11329944690678]",0.2395967507846538,0.11993618669357492,False,False
"136,66",primary,3,0.014551544870269328,0.36172633872591,"[-331.165487664716, 865.6994076089518]","[0.0, 0.0]",0.0,0.3943709041878099,False,False,0.3863146922664534,"[-374.99045822865304, 849.0085786328606]","[-38.19461533330728, 249.919351650272]",0.2723970931542396,0.3886321982799923,False,False
"136,66",alternative,0,0.07338455802978217,0.36659406321914034,"[-350.39918420846686, 849.2416514697356]","[0.0, 0.0]",0.0,1.0204953950800868,False,False,0.3870926156064773,"[-323.25331687956105, 878.3155914884326]","[-133.55780885414632, 180.21866213497856]",0.23967352922822666,0.9456067915407067,False,False
"136,66",alternative,1,0.6911507303289811,0.3730242387290608,"[-320.94496513730536, 837.1434457758544]","[0.0, 0.0]",0.0,0.09653213550020608,False,False,0.3738350780630633,"[-350.31634810106686, 833.0609342118228]","[-89.33509750166817, 202.99539343609487]",0.2454113297070726,0.029813879549022485,False,False
"136,66",alternative,2,-2.6116459538211254,0.36648486684952,"[-317.37260753484026, 746.8075576340875]","[0.0, 0.0]",0.0,0.06305109732305676,False,False,0.36367463633449076,"[-431.48189794034516, 768.2133338650223]","[-157.4350389876858, 241.9198084792088]",0.3275883216012976,0.22771824053079992,False,False
"136,66",alternative,3,0.5590338306699415,0.3661662881619464,"[-277.34479665015857, 676.7364916001247]","[0.0, 0.0]",0.0,0.1623771429266189,False,False,0.369110750866476,"[-351.6438022867622, 737.544493962782]","[-107.98714670536023, 146.25674422536085]",0.2225021435465589,0.07160282670311054,False,False
"136,66",alternative,4,0.12094928979109576,0.368058646695627,"[-266.07156036050674, 665.1597855198833]","[0.0, 0.0]",0.0,0.23129635032826423,False,False,0.36899697624454925,"[-214.80241287650753, 740.2524595461672]","[57.40218542021641, 161.89772665905326]",0.22285352511353754,0.2033212210247882,False,False
"136,66",alternative,5,-0.010023931799351349,0.3688540365867886,"[-319.0543807399552, 737.3945327694155]","[0.0, 0.0]",0.0,0.07655228097592222,False,False,0.3656697200550239,"[-263.1828628501455, 819.5277932772815]","[-52.22377601570447, 239.62223569435952]",0.2849224755274006,0.07731963581950965,False,False
"136,66",alternative,6,-1.286425966307052,0.3589724234800878,"[-315.4998250041515, 834.2009512930645]","[0.0, 0.0]",0.0,0.136593796675221,False,False,0.35802827140302634,"[-284.7631102282723, 863.1630899024632]","[-137.43305240153612, 205.24200650006927]",0.27175722973843036,0.31231160355469123,False,False
"136,66",alternative,7,-0.3756330559202823,0.36704910010563174,"[-345.84618779418184, 850.3447147455203]","[0.0, 0.0]",0.0,0.847106336222031,False,False,0.38903846063626274,"[-389.1406757675552, 853.2291916834358]","[-30.5700117305757, 245.30260201663089]",0.2636015049107617,1.1653074779865467,False,False
"137,66",primary,0,0.378082541649288,0.3015907251960355,"[-591.5974399990508, 81.58432889129023]","[0.0, 0.0]",0.0,1.468068539918252,False,False,0.34747906817641555,"[-551.8069394789471, 154.46968651695136]","[-110.27190241762396, -137.85431407393213]",0.30807385907932927,0.9130174550306,False,False
"137,66",primary,1,-1.4944234390331759,0.3226254291881995,"[-506.5717708831023, 127.38276402455605]","[0.0, 0.0]",0.0,0.09075692136218688,False,False,0.3262761565275325,"[-536.1279244788287, 46.99251383644169]","[-168.1115112386662, -129.21244686464112]",0.3939761506550607,0.22638619190032971,False,False
"137,66",primary,2,0.5834844988038614,0.319872052890455,"[-426.91105202274224, 118.19630955354732]","[0.0, 0.0]",0.0,0.21728149718998288,False,False,0.3288025222674251,"[-475.17844675809255, 121.12512455412794]","[-98.39018358042344, -59.4884701827291]",0.23446656028346613,0.09050111170273309,False,False
"137,66",primary,3,0.2935829469132174,0.33767182467032075,"[-503.0811730343833, 85.30421188247604]","[0.0, 0.0]",0.0,0.17394089379448127,False,False,0.34085133161475734,"[-500.1655594417592, 98.44085775840242]","[-155.19858358756733, -66.61436620164343]",0.331313586300358,0.12287481360557849,False,False
"137,66",alternative,0,0.31247646218447533,0.3058526584038787,"[-573.1812194067226, 91.41252342913526]","[0.0, 0.0]",0.0,2.8623404623326563,False,False,0.3411691024457836,"[-554.5157873485625, 137.89706148892705]","[-108.52200843142636, -126.83207055623856]",0.2921280314098988,1.9679264410954724,False,False
"137,66",alternative,1,0.8621588313319446,0.3130081828809553,"[-566.0337276564521, 105.915378257873]","[0.0, 0.0]",0.0,0.4694747853089902,False,False,0.33542596589116236,"[-534.2337143763166, 118.29093299316126]","[-117.81071782542274, -105.23418314471564]",0.28869671995488516,0.0647129530671756,False,False
"137,66",alternative,2,-0.7931697343125066,0.3206068663417147,"[-529.9464201750934, 120.23509246814204]","[0.0, 0.0]",0.0,0.12012162731593506,False,False,0.3249149672990214,"[-536.6953751655323, 51.23489599971537]","[-170.62226383792878, -113.567019361389]",0.3801679912531201,0.2153984665393012,False,False
"137,66",alternative,3,-0.6384865150650718,0.3240646589202592,"[-477.8601040866798, 143.4302594563109]","[0.0, 0.0]",0.0,0.09249870320234752,False,False,0.32908865698552076,"[-526.8341385014882, 80.13112543203628]","[-144.4010825433409, -111.02917827301422]",0.3418160275803404,0.1515578778580528,False,False
"137,66",alternative,4,0.6237609111635563,0.3219251354774045,"[-427.97944314414286, 128.02944966814505]","[0.0, 0.0]",0.0,0.24374337658947084,False,False,0.3281145981502154,"[-472.5279771169678, 107.09651947424021]","[-80.43028266288277, -77.09817961190485]",0.2299514716002184,0.0917057859179407,False,False
"137,66",alternative,5,0.5809932005208951,0.31793571167734647,"[-431.7247020725947, 103.66461001652291]","[0.0, 0.0]",0.0,0.19084875411231136,False,False,0.32751242342445025,"[-479.91513559061417, 123.15844790848122]","[-126.60379568919524, -64.04271637093088]",0.2863570917728503,0.07996692564517426,False,False
"137,66",alternative,6,0.14586117400779197,0.3254510507198563,"[-474.5591581016629, 95.60013350316655]","[0.0, 0.0]",0.0,0.1326965056947509,False,False,0.32493178941332274,"[-491.94381290518396, 130.57848597033032]","[-156.00445447287993, -86.63468850407637]",0.35059602242678733,0.11334123758738288,False,False
"137,66",alternative,7,0.21855667990776018,0.3355257145848891,"[-517.7532987076574, 92.0485404665505]","[0.0, 0.0]",0.0,0.20365466438367205,False,False,0.3429520965322856,"[-517.5310318169751, 90.9946748581454]","[-143.26881453151492, -75.00205670431954]",0.3077504167659869,0.1591445770882475,False,False
