position_id,instrument_id,family,product,sensor_time_utc,original_sample_index,effective_sensor_id,deployment_status,deployment_start,deployment_end,position_status,lon_lat_json,position_uncertain,position_discrepancy_m,footprint_status,footprint_center_m,footprint_minimum_m,footprint_inside,footprint_bearing_deg,footprint_method,footprint_center_definition,roi_status,roi_center_m,roi_minimum_m,roi_inside,roi_bearing_deg
position_8be944c3806ef632394925d3,FRF:waverider-17m,waves,https://chldata.erdc.dren.mil/thredds/dodsC/frf/oceanography/waves/waverider-17m/2021/FRF-ocean_waves_waverider-17m_202110.nc,2021-10-13T23:00:00.000003+00:00,616,Datawell Waverider buoy (Mk III),within_supplied_bounds_not_complete_history,2008-05-22T18:24:00Z,,dated_product_coordinates_nominal_not_proven_measured; conflicting_nominal_metadata,"[-75.714, 36.199666666666666]",True,24.45847969096893,computed_conditioned_on_historical_position_position_uncertain,2226.5742647346647,0.0,True,191.23908164297333,WGS84 Vincenty inverse; closest point on GeoJSON linear lon/lat boundary,"geometric lon/lat polygon centroid, not SAR aperture center",not_evaluable,,,,
position_1faacbc31cb1cc86dc0621ae,FRF:waverider-17m,waves,https://chldata.erdc.dren.mil/thredds/dodsC/frf/oceanography/waves/waverider-17m/2021/FRF-ocean_waves_waverider-17m_202110.nc,2021-10-13T21:30:00.000003+00:00,613,Datawell Waverider buoy (Mk III),within_supplied_bounds_not_complete_history,2008-05-22T18:24:00Z,,dated_product_coordinates_nominal_not_proven_measured; conflicting_nominal_metadata,"[-75.714, 36.199666666666666]",True,24.45847969096893,computed_conditioned_on_historical_position_position_uncertain,2226.5742647346647,0.0,True,191.23908164297333,WGS84 Vincenty inverse; closest point on GeoJSON linear lon/lat boundary,"geometric lon/lat polygon centroid, not SAR aperture center",not_evaluable,,,,
position_3aa825668f3ef3d254a4a5f4,FRF:waverider-17m,waves,https://chldata.erdc.dren.mil/thredds/dodsC/frf/oceanography/waves/waverider-17m/2021/FRF-ocean_waves_waverider-17m_202110.nc,2021-10-13T22:30:00+00:00,615,Datawell Waverider buoy (Mk III),within_supplied_bounds_not_complete_history,2008-05-22T18:24:00Z,,dated_product_coordinates_nominal_not_proven_measured; conflicting_nominal_metadata,"[-75.714, 36.199666666666666]",True,24.45847969096893,computed_conditioned_on_historical_position_position_uncertain,2226.5742647346647,0.0,True,191.23908164297333,WGS84 Vincenty inverse; closest point on GeoJSON linear lon/lat boundary,"geometric lon/lat polygon centroid, not SAR aperture center",not_evaluable,,,,
position_8ab2cd9da4a7c4fb6be74309,FRF:8m-array,waves,https://chldata.erdc.dren.mil/thredds/dodsC/frf/oceanography/waves/8m-array/2021/FRF-ocean_waves_8m-array_202110.nc,2021-10-13T23:00:00.000003+00:00,311,Bottom Mounted Senso-Metric Pressure Sensors,within_supplied_bounds_not_complete_history,1991-01-01T00:00:00Z,,gross_nominal_coordinate_conflict_position_unresolved; conflicting_nominal_metadata,null,True,11469055.597433766,not_evaluable,,,,,,,not_evaluable,,,,
position_a45363006abd86493b1829f6,FRF:8m-array,waves,https://chldata.erdc.dren.mil/thredds/dodsC/frf/oceanography/waves/8m-array/2021/FRF-ocean_waves_8m-array_202110.nc,2021-10-13T21:59:59.999997+00:00,310,Bottom Mounted Senso-Metric Pressure Sensors,within_supplied_bounds_not_complete_history,1991-01-01T00:00:00Z,,gross_nominal_coordinate_conflict_position_unresolved; conflicting_nominal_metadata,null,True,11469055.597433766,not_evaluable,,,,,,,not_evaluable,,,,
position_3ab0c95855fb41821ee0056a,FRF:8m-array,waves,https://chldata.erdc.dren.mil/thredds/dodsC/frf/oceanography/waves/8m-array/2021/FRF-ocean_waves_8m-array_202110.nc,2021-10-14T00:00:00+00:00,312,Bottom Mounted Senso-Metric Pressure Sensors,within_supplied_bounds_not_complete_history,1991-01-01T00:00:00Z,,gross_nominal_coordinate_conflict_position_unresolved; conflicting_nominal_metadata,null,True,11469055.597433766,not_evaluable,,,,,,,not_evaluable,,,,
position_f52d839deb4f5b67d066ff9b,FRF:waverider-26m,waves,https://chldata.erdc.dren.mil/thredds/dodsC/frf/oceanography/waves/waverider-26m/2021/FRF-ocean_waves_waverider-26m_202110.nc,2021-10-13T23:00:00.000003+00:00,574,Datawell Waverider buoy (Mk III),within_supplied_bounds_not_complete_history,2008-05-23T07:55:00Z,,dated_product_coordinates_nominal_not_proven_measured; conflicting_nominal_metadata,"[-75.59216666666667, 36.25866666666667]",True,133.19660381917367,computed_conditioned_on_historical_position_position_uncertain,14349.784986403913,6936.717791386169,False,232.56199068903888,WGS84 Vincenty inverse; closest point on GeoJSON linear lon/lat boundary,"geometric lon/lat polygon centroid, not SAR aperture center",not_evaluable,,,,
position_0950a102ca57ab4d677910cb,FRF:waverider-26m,waves,https://chldata.erdc.dren.mil/thredds/dodsC/frf/oceanography/waves/waverider-26m/2021/FRF-ocean_waves_waverider-26m_202110.nc,2021-10-13T22:30:00+00:00,573,Datawell Waverider buoy (Mk III),within_supplied_bounds_not_complete_history,2008-05-23T07:55:00Z,,dated_product_coordinates_nominal_not_proven_measured; conflicting_nominal_metadata,"[-75.59216666666667, 36.25866666666667]",True,133.19660381917367,computed_conditioned_on_historical_position_position_uncertain,14349.784986403913,6936.717791386169,False,232.56199068903888,WGS84 Vincenty inverse; closest point on GeoJSON linear lon/lat boundary,"geometric lon/lat polygon centroid, not SAR aperture center",not_evaluable,,,,
position_21401612f26cf336ea2911b0,FRF:awac-11m,waves,https://chldata.erdc.dren.mil/thredds/dodsC/frf/oceanography/waves/awac-11m/2021/FRF-ocean_waves_awac-11m_202110.nc,2021-10-13T23:00:00.500001+00:00,307,Nortek AWAC,within_supplied_bounds_not_complete_history,2015-09-18T22:00:00Z,,dated_product_coordinates_nominal_not_proven_measured; conflicting_nominal_metadata,"[-75.739155, 36.189244]",True,46.1136501252114,computed_conditioned_on_historical_position_position_uncertain,2097.636219248632,0.0,True,119.31943869850477,WGS84 Vincenty inverse; closest point on GeoJSON linear lon/lat boundary,"geometric lon/lat polygon centroid, not SAR aperture center",not_evaluable,,,,
position_06f5bcec0e97d3870d26e3ed,FRF:awac-11m,waves,https://chldata.erdc.dren.mil/thredds/dodsC/frf/oceanography/waves/awac-11m/2021/FRF-ocean_waves_awac-11m_202110.nc,2021-10-13T22:00:01.999996+00:00,306,Nortek AWAC,within_supplied_bounds_not_complete_history,2015-09-18T22:00:00Z,,dated_product_coordinates_nominal_not_proven_measured; conflicting_nominal_metadata,"[-75.739155, 36.189244]",True,46.1136501252114,computed_conditioned_on_historical_position_position_uncertain,2097.636219248632,0.0,True,119.31943869850477,WGS84 Vincenty inverse; closest point on GeoJSON linear lon/lat boundary,"geometric lon/lat polygon centroid, not SAR aperture center",not_evaluable,,,,
position_09fc19931e13fb5237f53f4b,FRF:awac-11m,currents,https://chldata.erdc.dren.mil/thredds/dodsC/frf/oceanography/currents/awac-11m/2021/FRF-ocean_currents_awac-11m_202110.nc,2021-10-13T23:45:00.000003+00:00,155,Nortek AWAC,within_supplied_bounds_not_complete_history,2016-01-05T00:00:00Z,,dated_product_coordinates_nominal_not_proven_measured,"[-75.739155, 36.189244]",False,0.05620565015254986,computed_conditioned_on_historical_position,2097.636219248632,0.0,True,119.31943869850477,WGS84 Vincenty inverse; closest point on GeoJSON linear lon/lat boundary,"geometric lon/lat polygon centroid, not SAR aperture center",not_evaluable,,,,
position_f7bfcbcb903b5e70f87be040,FRF:awac-11m,currents,https://chldata.erdc.dren.mil/thredds/dodsC/frf/oceanography/currents/awac-11m/2021/FRF-ocean_currents_awac-11m_202110.nc,2021-10-13T21:45:00+00:00,154,Nortek AWAC,within_supplied_bounds_not_complete_history,2016-01-05T00:00:00Z,,dated_product_coordinates_nominal_not_proven_measured,"[-75.739155, 36.189244]",False,0.05620565015254986,computed_conditioned_on_historical_position,2097.636219248632,0.0,True,119.31943869850477,WGS84 Vincenty inverse; closest point on GeoJSON linear lon/lat boundary,"geometric lon/lat polygon centroid, not SAR aperture center",not_evaluable,,,,
position_1fa07500c9c6ea52dc4dd3cb,FRF:derived,wind,https://chldata.erdc.dren.mil/thredds/dodsC/frf/meteorology/wind/derived/2021/FRF-met_wind_derived_202110.nc,2021-10-13T22:49:59.999999+00:00,1863,1,not_verified,2011-10-18T12:00:00Z,present,dated_product_gauge_id_and_historical_nominal_table,"[-75.745116, 36.183683]",False,0.0,computed_conditioned_on_historical_position,2400.446794903946,0.0,True,99.8338411686693,WGS84 Vincenty inverse; closest point on GeoJSON linear lon/lat boundary,"geometric lon/lat polygon centroid, not SAR aperture center",not_evaluable,,,,
position_a6dd7fcf80438bbe6e0090fa,FRF:derived,wind,https://chldata.erdc.dren.mil/thredds/dodsC/frf/meteorology/wind/derived/2021/FRF-met_wind_derived_202110.nc,2021-10-13T22:39:59.999995+00:00,1862,1,not_verified,2011-10-18T12:00:00Z,present,dated_product_gauge_id_and_historical_nominal_table,"[-75.745116, 36.183683]",False,0.0,computed_conditioned_on_historical_position,2400.446794903946,0.0,True,99.8338411686693,WGS84 Vincenty inverse; closest point on GeoJSON linear lon/lat boundary,"geometric lon/lat polygon centroid, not SAR aperture center",not_evaluable,,,,
position_d82579b13f50900bdfe5485a,FRF:eopNoaaTide,water_level,https://chldata.erdc.dren.mil/thredds/dodsC/frf/oceanography/waterlevel/eopNoaaTide/2021/FRF-ocean_waterlevel_eopNoaaTide_202110.nc,2021-10-13T22:47:59.999996+00:00,3108,"Varies; NOAA Stilling well (float), NOAA next-gen gauge (Acoustic)",not_verified,1981-01-01T00:00:00Z,present,dated_product_coordinates_nominal_not_proven_measured,"[-75.74528, 36.183639]",False,0.0,computed_conditioned_on_historical_position,2414.1597935741174,0.0,True,99.65977491558866,WGS84 Vincenty inverse; closest point on GeoJSON linear lon/lat boundary,"geometric lon/lat polygon centroid, not SAR aperture center",not_evaluable,,,,
