acq_utc,product_id,gauge,dt_min,waveHs,waveTp,waveTm,waveMeanDirection,wavePeakDirectionPeakFrequency,directionalPeakSpread
2019-10-02 10:43:03,1157279,waverider-17m,-10.1,1.373,13.514,11.178,93.386,110.0,26.592
2019-10-02 10:43:03,1157279,awac-11m,17.0,1.356,12.821,10.751,89.676,90.0,24.637
2019-10-02 10:43:03,1157279,8m-array,17.0,1.283,13.889,11.355,86.29,92.0,20.034
2019-10-02 10:43:03,1157279,waverider-26m,-10.1,1.407,13.423,10.688,96.01,95.0,23.87
2020-09-08 10:54:54,1442832,waverider-17m,5.1,1.02,7.273,6.444,82.957,95.0,21.952
2020-09-08 10:54:54,1442832,awac-11m,5.1,0.962,7.491,6.316,82.039,90.0,30.489
2020-09-08 10:54:54,1442832,8m-array,5.1,0.814,7.672,6.743,62.746,60.0,22.162
2020-09-08 10:54:54,1442832,waverider-26m,5.1,1.013,7.299,6.18,81.769,90.0,23.27
2020-09-08 22:44:52,1443251,waverider-17m,-14.9,1.062,4.957,5.445,75.513,80.0,26.446
2020-09-08 22:44:52,1443251,awac-11m,15.1,1.061,5.019,5.816,72.806,70.0,36.411
2020-09-08 22:44:52,1443251,8m-array,15.1,0.918,9.106,6.447,69.098,70.0,19.255
2020-09-08 22:44:52,1443251,waverider-26m,-14.9,1.107,5.848,5.964,71.06,65.0,29.28
2020-09-09 10:42:54,1443707,waverider-17m,-12.9,1.161,5.495,5.612,79.048,70.0,27.862
2020-09-09 10:42:54,1443707,awac-11m,17.1,1.197,5.242,5.618,71.526,65.0,35.95
2020-09-09 10:42:54,1443707,8m-array,17.1,1.061,5.597,6.096,62.528,54.0,28.289
2020-09-09 10:42:54,1443707,waverider-26m,-12.9,1.305,5.298,5.483,76.084,50.0,30.307
2020-09-11 22:50:52,1445895,waverider-17m,9.1,0.922,9.975,6.218,69.436,90.0,26.278
2020-09-11 22:50:52,1445895,awac-11m,9.1,0.872,7.678,6.017,80.309,85.0,31.899
2020-09-11 22:50:52,1445895,8m-array,9.1,0.656,10.44,6.783,53.499,84.0,28.187
2020-09-11 22:50:52,1445895,waverider-26m,9.1,0.909,7.663,6.487,94.244,110.0,26.189
2020-10-08 22:56:58,1504216,waverider-17m,3.0,0.681,4.745,4.875,34.586,25.0,24.14
2020-10-08 22:56:58,1504216,awac-11m,3.0,0.581,4.592,5.501,52.106,35.0,36.41
2020-10-08 22:56:58,1504216,8m-array,3.0,0.553,4.673,5.564,54.237,46.0,25.768
2020-10-08 22:56:58,1504216,waverider-26m,3.0,0.722,5.54,5.045,32.118,25.0,27.139
2020-10-09 10:36:55,1505527,waverider-17m,-6.9,0.948,5.495,5.144,37.353,35.0,26.662
2020-10-09 10:36:55,1505527,awac-11m,23.1,0.862,6.231,5.039,52.599,50.0,34.085
2020-10-09 10:36:55,1505527,8m-array,23.1,0.701,6.563,5.584,51.369,46.0,24.762
2020-10-09 10:36:55,1505527,waverider-26m,-6.9,0.96,6.27,5.141,33.587,45.0,25.281
2020-11-10 10:36:52,1589659,waverider-17m,-6.9,0.844,10.256,7.138,109.051,115.0,25.785
2020-11-10 10:36:52,1589659,awac-11m,23.1,0.873,9.456,7.831,75.128,90.0,35.289
2020-11-10 10:36:52,1589659,8m-array,23.1,0.796,9.384,7.993,93.468,104.0,20.251
2020-11-10 10:36:52,1589659,waverider-26m,-6.9,1.234,8.807,7.404,125.748,135.0,28.207
2020-11-13 10:42:51,1598376,waverider-17m,-12.8,1.403,6.088,5.86,62.12,25.0,35.452
2020-11-13 10:42:51,1598376,awac-11m,17.2,1.227,5.376,5.728,77.192,50.0,36.62
2020-11-13 10:42:51,1598376,8m-array,17.2,1.126,5.929,6.363,62.458,30.0,28.594
2020-11-13 10:42:51,1598376,waverider-26m,-12.8,1.577,8.18,6.364,78.219,135.0,24.788
2020-12-10 22:56:54,1651720,waverider-17m,3.1,0.813,5.642,6.078,46.66,35.0,25.325
2020-12-10 22:56:54,1651720,awac-11m,3.1,0.815,5.839,5.955,62.374,55.0,35.29
2020-12-10 22:56:54,1651720,8m-array,3.1,0.64,11.264,7.016,55.571,68.0,19.453
2020-12-10 22:56:54,1651720,waverider-26m,3.1,0.931,5.698,5.933,35.937,25.0,26.351
2020-12-11 22:56:54,1652288,waverider-17m,3.1,0.42,9.828,6.614,89.754,65.0,31.196
2020-12-11 22:56:54,1652288,awac-11m,3.1,0.444,9.412,7.143,78.021,80.0,32.535
2020-12-11 22:56:54,1652288,8m-array,3.1,0.36,9.946,8.339,80.584,76.0,20.423
2020-12-11 22:56:54,1652288,waverider-26m,3.1,0.45,9.569,6.912,87.98,70.0,34.88
2021-04-21 10:42:51,1817405,waverider-17m,-12.8,0.52,6.568,6.239,101.49,85.0,26.599
2021-04-21 10:42:51,1817405,awac-11m,17.2,0.482,6.369,6.615,89.065,85.0,36.24
2021-04-21 10:42:51,1817405,8m-array,17.2,0.469,7.125,6.937,89.184,70.0,20.955
2021-04-21 10:42:51,1817405,waverider-26m,-12.8,0.52,6.568,6.239,101.49,85.0,26.599
2021-04-22 10:42:49,1821124,waverider-17m,-12.8,1.444,5.908,5.455,14.574,25.0,21.038
2021-04-22 10:42:49,1821124,awac-11m,17.2,1.18,6.656,5.439,46.3,40.0,33.71
2021-04-22 10:42:49,1821124,8m-array,17.2,1.142,6.683,5.893,33.34,35.0,15.723
2021-04-22 10:42:49,1821124,waverider-26m,-12.8,1.444,5.908,5.455,14.574,25.0,21.038
2021-04-22 22:50:52,1822894,waverider-17m,9.1,0.595,5.249,5.281,16.312,20.0,27.139
2021-04-22 22:50:52,1822894,awac-11m,9.2,0.531,5.188,6.056,53.056,30.0,37.853
2021-04-22 22:50:52,1822894,8m-array,9.1,0.469,5.314,6.416,44.191,35.0,27.489
2021-04-22 22:50:52,1822894,waverider-26m,9.1,0.595,5.249,5.281,16.312,20.0,27.139
2021-06-29 22:56:51,1941935,waverider-17m,-29066.8,0.475,8.214,7.05,124.829,120.0,23.318
2021-06-29 22:56:51,1941935,awac-11m,3.2,0.582,7.59,6.118,90.998,100.0,32.017
2021-06-29 22:56:51,1941935,8m-array,3.2,0.535,7.215,6.535,89.804,90.0,19.608
2021-06-29 22:56:51,1941935,waverider-26m,3.2,0.872,6.803,5.753,134.206,135.0,23.599
2021-06-30 10:54:50,1942455,waverider-17m,-29784.8,0.475,8.214,7.05,124.829,120.0,23.318
2021-06-30 10:54:50,1942455,awac-11m,5.2,0.398,6.645,6.902,93.754,85.0,34.494
2021-06-30 10:54:50,1942455,8m-array,5.2,0.371,7.687,7.477,89.743,90.0,18.379
2021-06-30 10:54:50,1942455,waverider-26m,5.2,0.597,6.897,5.939,135.464,120.0,26.538
2021-07-01 10:54:54,1942002,waverider-17m,5.1,0.393,7.533,5.879,131.917,110.0,25.708
2021-07-01 10:54:54,1942002,awac-11m,5.1,0.327,7.692,6.992,98.221,90.0,34.651
2021-07-01 10:54:54,1942002,8m-array,5.1,0.288,8.208,7.718,97.328,105.0,17.593
2021-07-01 10:54:54,1942002,waverider-26m,5.1,0.655,6.421,4.502,177.188,145.0,25.015
2021-10-13 22:45:03,2098202,waverider-17m,15.0,1.108,9.547,6.757,59.255,65.0,25.052
2021-10-13 22:45:03,2098202,awac-11m,15.0,1.101,8.316,6.629,64.312,70.0,28.057
2021-10-13 22:45:03,2098202,8m-array,15.0,1.039,10.579,7.97,63.656,70.0,20.201
2021-10-13 22:45:03,2098202,waverider-26m,15.0,1.302,10.811,7.397,56.357,75.0,23.169
