crop_row,crop_col,fft_bin_offset_row,fft_bin_offset_col,k_east_cycles_per_m,k_north_cycles_per_m,kx_range_cycles_per_m,ky_azimuth_cycles_per_m,k_magnitude_cycles_per_m,kx_range_rad_per_m,ky_azimuth_rad_per_m,k_magnitude_rad_per_m,wavelength_m,wavevector_bearing_deg,wavevector_bearing_deg_mod_180,angle_from_local_range_axis_deg,angle_from_local_azimuth_axis_deg,slope_rad_per_s,slope_ols_standard_error_rad_per_s,slope_hac4_standard_error_rad_per_s,slope_selected_standard_error_rad_per_s,fit_residual_rmse_rad,fit_r_squared,minimum_adjacent_coherence,minimum_independent_anchor_coherence,end_to_end_coherence_look1_look11,mean_local_power,power_relative_to_frozen_peak,hemisphere_relative_to_frozen_wavevector,aligned_slope_rad_per_s,expected_omega_rad_per_s_h13_33_compatibility,bias_vs_h13_33_dispersion_rad_per_s,expected_omega_rad_per_s_h17_902_compatibility,bias_vs_h17_902_dispersion_rad_per_s,high_quality_flag,frozen_peak_lobe_flag,conjugate_peak_lobe_flag
58,61,-6,-3,0.011993867197629115,0.0032136437620704046,-0.011143290013822806,-0.005532170836321531,0.012416938293470646,-0.07001535608849246,-0.03475965451558284,0.07801792424569033,80.53515096598672,75.00046027376962,75.00046027376962,26.178167029426817,63.54247734571655,-0.40675243215745066,0.003433283402503634,0.0025647576671473447,0.003433283402503634,0.03772126473176129,0.9993591990970455,0.9243617800325417,0.3274035457727903,0.3274035457727903,1470695297135.2834,0.2691849044250785,1,-0.40675243215745066,0.7212895299399318,0.3145370977824811,0.5588479102332261,0.15209547807577545,True,True,False
58,62,-6,-2,0.011636358545595717,0.0014045516081083198,-0.011143290013822806,-0.00368811389088102,0.01172081931528245,-0.07001535608849246,-0.02317310301038856,0.07364407970988938,85.31826769960765,83.11748284013639,83.11748284013639,18.061144463060046,71.65949991208333,-0.4148515149911338,0.004132446407975307,0.0037849345641098407,0.004132446407975307,0.04540292386913947,0.9991077553780958,0.9479219005166394,0.3426952099211294,0.3426952099211294,2371168166444.83,0.43400062372099024,1,-0.4148515149911338,0.6873643719812021,0.27251285699006833,0.5291817365832724,0.11433022159213857,True,True,False
58,63,-6,-1,0.011278849893562318,-0.0004045405458537653,-0.011143290013822806,-0.0018440569454405084,0.011286102426203228,-0.07001535608849246,-0.01158655150519427,0.070912672939644,88.60454763180908,92.0541575120234,92.0541575120234,9.124469791173041,80.59617458397031,-0.4228640881115073,0.006164462459635411,0.007161237419917835,0.007161237419917835,0.06772855401314794,0.9980910195816916,0.9575082533832358,0.2533527612100385,0.2533527612100385,2559894287077.2144,0.4685436203865131,1,-0.4228640881115073,0.6657173610391751,0.24285327292766784,0.5105177541992237,0.08765366608771646,True,True,False
58,73,-6,9,0.007703763373228341,-0.018495462085474618,-0.011143290013822808,0.016596512508964607,0.020035720298155583,-0.07001535608849248,0.10427896354674863,0.12588814339613097,49.910858462725514,157.3872072531064,157.3872072531064,56.20857994990996,34.070775674946674,-0.43410942331467645,0.009416369415656529,0.0102580425371586,0.0102580425371586,0.10345704735036489,0.9957832691222933,0.7252752699254608,0.2644752757020203,0.2644752757020203,14502345973.125977,0.0026543993322882308,1,-0.43410942331467645,1.0370473852649205,0.602937961950244,0.8635099140369232,0.4294004907222468,False,False,False
59,60,-5,-4,0.01053115230940769,0.005391674699335132,-0.009286075011519002,-0.007376227781762044,0.011831116812346732,-0.0583461300737437,-0.046346206020777145,0.07433709932286237,84.52287437111758,62.88874022017067,62.88874022017067,38.28988708302577,51.43075729211759,-0.40034369440641976,0.006818144096044267,0.00880141877066117,0.00880141877066117,0.07491051226316842,0.9973963855973611,0.9229687332517533,0.3764834054721681,0.3764834054721681,872539839817.9572,0.15970306959298372,1,-0.40034369440641976,0.6928002576315933,0.2924565632251735,0.5339005378032645,0.13355684339684476,True,True,False
59,61,-5,-3,0.010173643657374293,0.0035825825453730466,-0.009286075011519004,-0.005532170836321532,0.010786005885481604,-0.058346130073743716,-0.034759654515582855,0.06777047370281056,92.71272523094393,70.60061599490523,70.60061599490523,30.57801130829121,59.14263306685217,-0.3957903462764908,0.004472277023810985,0.0047466882682100035,0.0047466882682100035,0.049136621068312486,0.9988521880697292,0.9620786712613403,0.49587033053351715,0.49587033053351715,2374527633132.82,0.43461551500478457,1,-0.3957903462764908,0.6403757568704475,0.24458541059395666,0.48891980179371686,0.09312945551722607,True,True,False
59,62,-5,-2,0.009816135005340896,0.0017734903914109618,-0.009286075011519004,-0.0036881138908810207,0.009975057624470443,-0.058346130073743716,-0.023173103010388565,0.0626751355043424,100.25004743299296,79.75879474320917,79.75879474320917,21.41983255998727,68.3008118151561,-0.3824504690643399,0.004322260168349871,0.0030331353747829466,0.004322260168349871,0.04748839549073608,0.9988518067682789,0.9708800977978509,0.49712070540984427,0.49712070540984427,4051855439866.562,0.7416208656199882,1,-0.3824504690643399,0.5982875671393776,0.2158370980750377,0.45361879782580394,0.07116832876146406,True,True,False
59,63,-5,-1,0.009458626353307497,-3.560176255112328e-05,-0.009286075011519004,-0.0018440569454405088,0.009458693354633072,-0.058346130073743716,-0.011586551505194272,0.05943072311094771,105.72284802003635,90.21565722424539,90.21565722424539,10.962970078951045,78.7576742961923,-0.3677820148037798,0.005704703729823291,0.005438178542209734,0.005704703729823291,0.06267721431094492,0.9978393305016053,0.9679439109897792,0.4154701680362595,0.4154701680362595,4182120494700.68,0.7654635925286499,1,-0.3677820148037798,0.5708526230861418,0.203070608282362,0.4309694905951041,0.06318747579132428,True,True,False
59,64,-5,0,0.0091011177012741,-0.0018446939165132083,-0.009286075011519004,2.6020852139652106e-18,0.00928618538787944,-0.058346130073743716,1.634938358441546e-17,0.05834682358886986,107.68684429940683,101.45798292805308,101.45798292805308,0.2793556248566489,90.0,-0.3685087027153261,0.005584525251769416,0.005860659866139337,0.005860659866139337,0.06135682107383999,0.9979373629557535,0.9636271821507753,0.334218394676882,0.334218394676882,2962068271954.3984,0.5421544940272272,1,-0.3685087027153261,0.5615780908081459,0.19306938809281982,0.42337412481896153,0.05486542210363543,True,True,False
59,65,-5,1,0.008743609049240703,-0.003653786070475293,-0.009286075011519006,0.0018440569454405138,0.009476331138935742,-0.05834613007374372,0.011586551505194304,0.05954154457812945,105.52607178228124,112.679111936932,112.679111936932,11.500484633735567,78.77887099112107,-0.3994987845521299,0.0036896431942424687,0.001940784209766462,0.0036896431942424687,0.040537873335556716,0.9992329087071347,0.9530675785489602,0.28884469164414645,0.28884469164414645,1929607414147.494,0.3531806951222177,1,-0.3994987845521299,0.5717978192598622,0.17229903470773228,0.431745268449453,0.0322464838973231,True,True,False
59,72,-5,8,0.006241048485006918,-0.01631743114820989,-0.009286075011519006,0.014752455563524093,0.01747023884979188,-0.05834613007374372,0.09269241204155433,0.10976874805393032,57.24020195705069,159.06927755805432,159.06927755805432,57.89065025485789,32.388705369998746,-0.38883199100177024,0.011985073869902125,0.011911705841771448,0.011985073869902125,0.13167923858153285,0.9915218276529981,0.7167779139233592,0.3223667067767045,0.3223667067767045,23105586268.671585,0.004229071136307334,1,-0.38883199100177024,0.9413256383711882,0.552493647369418,0.7652568994721973,0.3764249084704271,False,False,False
60,60,-4,-4,0.008710928769152873,0.005760613482637773,-0.007428860009215205,-0.007376227781762044,0.010443416477264674,-0.04667690405899498,-0.046346206020777145,0.0656179209667066,95.75410519890696,56.52298682509861,56.52298682509861,44.65564047809782,45.06500389704553,-0.3873652678702414,0.0023829084068736307,0.001499029196439308,0.0023829084068736307,0.02618086196486794,0.9996595385329249,0.9484103138587924,0.40957666371024204,0.40957666371024204,935252586161.1913,0.17118153468600483,1,-0.3873652678702414,0.6227450409844929,0.2353797731142515,0.4740478775123148,0.08668260964207342,True,True,False
60,61,-4,-3,0.008353420117119474,0.003951521328675689,-0.007428860009215204,-0.005532170836321533,0.009240895436269972,-0.046676904058994974,-0.03475965451558286,0.05806225843035438,108.21462128822048,64.68386880379441,64.68386880379441,36.494758499402025,53.22588587574134,-0.37911943623044414,0.0033832581202669753,0.0025072092575258347,0.0033832581202669753,0.0371716401615455,0.999283774941826,0.9743299228509233,0.5344088768951988,0.5344088768951988,2966396259610.411,0.5429466560378122,1,-0.37911943623044414,0.5591341842675409,0.18001474803709677,0.4213777201975739,0.04225828396712977,True,True,False
60,62,-4,-2,0.007995911465086077,0.0021424291747136033,-0.007428860009215205,-0.003688113890881021,0.008277958862313764,-0.04667690405899498,-0.02317310301038857,0.05201194949712688,120.80272644898008,75.00046027376962,75.00046027376962,26.178167029426817,63.54247734571655,-0.36550380215329686,0.0040956143165164615,0.0028845286453810983,0.0040956143165164615,0.04499825204055391,0.9988712277612685,0.9757504833344608,0.5761937850819396,0.5761937850819396,5472002306595.8955,1.0015537690125158,1,-0.36550380215329686,0.5063006791674807,0.1407968770141838,0.3787093945884797,0.013205592435182822,True,True,False
60,63,-4,-1,0.00763840281305268,0.0003333370207515183,-0.007428860009215206,-0.00184405694544051,0.007645672704468495,-0.04667690405899499,-0.01158655150519428,0.048039178400220456,130.7929385226695,87.50121920525808,87.50121920525808,13.677408097938354,76.04323627720501,-0.3509722055168202,0.0048444493640964655,0.0035383612880704515,0.0048444493640964655,0.053225654721494264,0.9982882440018105,0.9726467076136279,0.5594814712605148,0.5594814712605148,5463513268979.087,1.0,1,-0.3509722055168202,0.4707246135881287,0.11975240807130855,0.35047376667350816,-0.0004984388433120213,True,True,False
60,64,-4,0,0.007280894161019282,-0.0014757551332105667,-0.007428860009215205,1.734723475976807e-18,0.007428948310303552,-0.04667690405899498,1.0899589056276974e-17,0.046677458871095895,134.60855537425851,101.45798292805308,101.45798292805308,0.2793556248566489,90.0,-0.3462481465874245,0.005259831618905645,0.0038195664369031867,0.005259831618905645,0.05778943293657169,0.9979274250932506,0.9654704669643599,0.44713563424849895,0.44713563424849895,3418089407565.6675,0.625621141431651,1,-0.3462481465874245,0.4583743224973422,0.11212617590991775,0.34075815867458153,-0.005489987912842942,True,True,False
60,65,-4,1,0.006923385508985884,-0.0032848472871726516,-0.007428860009215205,0.0018440569454405132,0.0076631252505802916,-0.04667690405899498,0.0115865515051943,0.048148835981522975,130.49506138820774,115.38231881916612,115.38231881916612,14.20369151596968,76.07566410888694,-0.3628709159398087,0.00742458565098708,0.006725510445860475,0.00742458565098708,0.08157344676535874,0.9962463878974096,0.9454433337565777,0.2636665923550182,0.2636665923550182,1942389851996.5562,0.3555202955257966,1,-0.3628709159398087,0.47171574398705896,0.10884482804725026,0.35125533875324016,-0.011615577186568526,True,True,False
61,60,-3,-4,0.006890705228898052,0.0061295522659404154,-0.005571645006911404,-0.007376227781762045,0.009222430782199358,-0.03500767804424624,-0.04634620602077715,0.05794624158719574,108.43128277309997,48.3456538306872,48.3456538306872,52.83297347250924,36.88767090263413,-0.3707102202745384,0.00660378479163218,0.007759814101602007,0.007759814101602007,0.07255536032215823,0.9971521268963777,0.9277655413836876,0.413685011898619,0.413685011898619,754939088640.691,0.13817832070201214,1,-0.3707102202745384,0.5581367369513739,0.18742651667683546,0.4205635124136486,0.04985329213911016,True,True,False
61,61,-3,-3,0.006533196576864654,0.004320460111978329,-0.005571645006911404,-0.005532170836321532,0.007832562357948504,-0.03500767804424624,-0.034759654515582855,0.049213440725029936,127.67214026520932,56.52298682509861,56.52298682509861,44.65564047809782,45.06500389704553,-0.36042137176306194,0.002401000001847112,0.0016115528068906709,0.002401000001847112,0.026379633159496624,0.9996007615709416,0.9647370644276972,0.5191978942683775,0.5191978942683775,2503857021183.139,0.4582869845671685,1,-0.36042137176306194,0.4813113223309949,0.12088995056793295,0.35883678889206494,-0.0015845828709969978,True,True,False
61,62,-3,-2,0.006175687924831256,0.002511367958016245,-0.005571645006911403,-0.0036881138908810215,0.0066667901095997665,-0.03500767804424623,-0.02317310301038857,0.04188867766268744,149.9972225854331,67.8706879330906,67.8706879330906,33.30793937010584,56.41270500503754,-0.3524471488881787,0.002696288207388578,0.0020805259840688158,0.002696288207388578,0.029623945751132322,0.9994735484176962,0.9704919690174016,0.5564083174648531,0.5564083174648531,4603763732451.078,0.8426379704411953,1,-0.3524471488881787,0.4143318345116555,0.06188468562347682,0.3064482243327371,-0.04599892455544158,True,True,False
61,63,-3,-1,0.005818179272797859,0.0007022758040541599,-0.005571645006911403,-0.00184405694544051,0.005860409657641225,-0.03500767804424623,-0.01158655150519428,0.03682203985494469,170.6365353992153,83.11748284013639,83.11748284013639,18.061144463060046,71.65949991208333,-0.345942178024993,0.00481186446840854,0.004959839298387881,0.004959839298387881,0.05286764656067516,0.9982617721978413,0.9652163744467303,0.5104806751368168,0.5104806751368168,4316588169101.0923,0.7900755350243143,1,-0.345942178024993,0.3667505731147571,0.02080839508976412,0.2699228995975005,-0.07601927842749251,True,True,False
61,64,-3,0,0.005460670620764461,-0.0011068163499079252,-0.005571645006911403,1.5178830414797062e-18,0.0055717112327276636,-0.03500767804424623,9.537140424242352e-18,0.035008094153321914,179.4780738323447,101.45798292805308,101.45798292805308,0.2793556248566489,90.0,-0.34734318491883626,0.009395627917273707,0.011201865650715164,0.011201865650715164,0.10322916183678879,0.9934577675008976,0.9449928832577937,0.31782642136937983,0.31782642136937983,2474736497226.227,0.45295698489054037,1,-0.34734318491883626,0.3494847883652019,0.0021416034463656586,0.256794748430624,-0.09054843648821226,True,True,False
62,61,-2,-3,0.004712973036609834,0.004689398895280972,-0.0037144300046076024,-0.005532170836321534,0.006648501849505174,-0.02333845202949749,-0.03475965451558287,0.04177376913556721,150.40982504568706,45.143654812133846,45.143654812133846,56.03497249106259,33.685671884080776,-0.3660644125107395,0.006806661436591972,0.006069019681802298,0.006806661436591972,0.07478435301959745,0.996897966401111,0.9245828976029838,0.32259922256919843,0.32259922256919843,1367081548990.6702,0.2502202304060887,1,-0.3660644125107395,0.4132636538079896,0.04719924129725006,0.3056223211494473,-0.060442091361292194,True,True,False
62,62,-2,-2,0.0043554643845764365,0.0028803067413188865,-0.0037144300046076024,-0.003688113890881022,0.005221708238632337,-0.02333845202949749,-0.023173103010388572,0.0328089604833533,191.5082103978139,56.52298682509861,56.52298682509861,44.65564047809782,45.06500389704553,-0.35224212625057394,0.008683005999013015,0.010955415200522924,0.010955415200522924,0.09539963048707124,0.994560844428315,0.9493339037849897,0.3021394613935748,0.3021394613935748,2419078193474.1206,0.44276971142529137,1,-0.35224212625057394,0.3283986081968351,-0.023843518053738855,0.2408451478045071,-0.11139697844606683,True,True,False
62,66,-2,2,0.002925429776442845,-0.004356061874529454,-0.003714430004607603,0.003688113890881024,0.0052472292147025075,-0.023338452029497494,0.023173103010388586,0.032969313505222274,190.57677091712395,146.11560962057675,146.11560962057675,44.93698231738031,45.34237330747632,0.050014354765352126,0.0056888880071124465,0.007243128962852583,0.007243128962852583,0.06250344797902345,0.8957029678550278,0.9307664964145979,0.3392151395055429,0.3392151395055429,971905467479.5422,0.17789019988252955,1,0.050014354765352126,0.3299416894580799,0.379956044223432,0.24200934234076826,0.2920236971061204,False,False,False
62,67,-2,3,0.002567921124409448,-0.006165154028491538,-0.003714430004607603,0.005532170836321534,0.006678573432718527,-0.023338452029497494,0.03475965451558287,0.04196271446537698,149.73257538817657,157.3872072531064,157.3872072531064,56.20857994990996,34.070775674946674,0.01734336634293887,0.009478904005920556,0.011379939730191543,0.011379939730191543,0.10414411088625633,0.2711211437618718,0.8907518724792337,0.25723731494759006,0.25723731494759006,727404672696.8408,0.13313863019733524,1,0.01734336634293887,0.41501979875294015,0.432363165095879,0.3069802995936195,0.32432366593655837,False,False,False
63,53,-1,-11,0.0057528187126221954,0.01953107491028029,-0.001857215002303801,-0.020284626399845625,0.020360692775327573,-0.011669226014748743,-0.12745206655713717,0.12793000568993576,49.114242380385384,16.412177021747567,16.412177021747567,84.76645028144887,4.954194093694497,-0.09211785291271452,0.007348801163742727,0.005508375688570397,0.007348801163742727,0.08074080746042386,0.9458250284912317,0.7576737275517267,0.3161490715124055,0.37655915540801693,4786156871.237372,0.0008760218261777398,1,-0.09211785291271452,1.0484997338188782,0.9563818809061637,0.8756264634147647,0.7835086105020501,False,False,False
63,65,-1,1,0.0014627148882214226,-0.002178030937264727,-0.0018572150023038014,0.001844056945440512,0.0026236146073512537,-0.011669226014748747,0.011586551505194293,0.016484656752611137,381.1535418342479,146.11560962057675,146.11560962057675,44.93698231738031,45.34237330747632,0.031210175180028103,0.001991426504397771,0.002006987951786359,0.002006987951786359,0.021879675389295167,0.9646532181009914,0.9732072758888696,0.4027478582961208,0.4027478582961208,1465245872511.8562,0.2681874831038257,1,0.031210175180028103,0.16743297601964763,0.19864315119967574,0.1215082780278538,0.1527184532078819,True,False,False
63,66,-1,2,0.001105206236188025,-0.003987123091226812,-0.0018572150023038016,0.0036881138908810233,0.004137466781631359,-0.011669226014748749,0.023173103010388583,0.025996470491289763,241.69378336512244,164.50695052003,164.50695052003,63.32832321683355,26.95103240802308,0.01951903207995767,0.0010008449876872892,0.0010276151720479399,0.0010276151720479399,0.010996219743606978,0.9768845250748511,0.9622845585012042,0.4855424253001812,0.4855424253001812,1305224771182.7085,0.2388984352968549,1,0.01951903207995767,0.2620915113703423,0.2816105434503,0.19122457029873874,0.2107436023786964,True,False,False
63,67,-1,3,0.0007476975841546273,-0.0057962152451888965,-0.0018572150023038018,0.005532170836321534,0.005844241853817383,-0.011669226014748749,0.03475965451558287,0.03672045454750937,171.10859287023055,172.64957652980905,172.64957652980905,71.47094922661262,18.808406398244017,-0.008001927244531052,0.0043593474387842186,0.004561200212031031,0.004561200212031031,0.0478958709543731,0.2723951202256105,0.9266163749139189,0.43869420033688994,0.43869420033688994,883381846734.6191,0.1616875082468113,-1,0.008001927244531052,0.3657867651315155,0.3737886923760465,0.26918837894941305,0.2771903061939441,False,False,False
63,68,-1,4,0.00039018893212122946,-0.007605307399150982,-0.0018572150023038018,0.0073762277817620465,0.007615310107824276,-0.011669226014748749,0.046346206020777166,0.04784840457909768,131.31441606988005,177.06302538813293,177.06302538813293,75.88439808493649,14.394957539920142,-0.046890903432655826,0.00917017117295167,0.009289514012522723,0.009289514012522723,0.10075208303463372,0.743932822677797,0.8785169276302084,0.29681462077306453,0.29681462077306453,418124067926.2597,0.07653025577887733,-1,0.046890903432655826,0.4689991001400576,0.5158900035727134,0.3491137566229892,0.39600466005564505,False,False,False
64,60,0,-4,0.001430034608133591,0.00723636861584834,4.336808689942018e-19,-0.0073762277817620465,0.0073763154572519885,2.7248972640692436e-18,-0.046346206020777166,0.04634675690212737,135.5690392846275,11.178627303196421,11.178627303196421,90.0,0.2793556248566489,0.041199527691379155,0.00969414274772896,0.010299770977204343,0.010299770977204343,0.1065089251495838,0.6674302509705294,0.877294588175942,0.2625253908493429,0.2625253908493429,363814772690.14966,0.06658989459325175,1,0.041199527691379155,0.4553631811533861,0.4965627088447652,0.3383958712690225,0.3795953989604016,False,False,False
64,61,0,-3,0.0010725259561001931,0.005427276461886255,2.168404344971009e-19,-0.005532170836321535,0.005532236592938992,1.3624486320346218e-18,-0.03475965451558287,0.03476006767659553,180.75871904617,11.17862730319642,11.17862730319642,90.0,0.2793556248566489,0.02186045110082202,0.004706699457241865,0.004781300697821529,0.004781300697821529,0.05171220532216744,0.7056105361533946,0.9260487300997862,0.40799763076974405,0.40799763076974405,797814073178.8545,0.14602583244534412,1,0.02186045110082202,0.3471149363069946,0.3689753874078166,0.25499770806458416,0.2768581591654062,False,False,False
64,62,0,-2,0.0007150173040667955,0.00361818430792417,2.168404344971009e-19,-0.0036881138908810233,0.0036881577286259942,1.3624486320346218e-18,-0.023173103010388583,0.023173378451063684,271.138078569255,11.178627303196421,11.178627303196421,90.0,0.2793556248566489,0.004382265886507608,0.0014474554347046103,0.0012279635321987927,0.0014474554347046103,0.015903100105311343,0.5045731151834673,0.961252796491575,0.5097759121566283,0.5097759121566283,1302066930010.9673,0.23832044801719166,1,0.004382265886507608,0.23422183713486067,0.23860410302136828,0.1705792111113264,0.17496147699783401,False,False,False
64,66,0,2,-0.0007150173040667955,-0.00361818430792417,-2.168404344971009e-19,0.0036881138908810233,0.0036881577286259942,-1.3624486320346218e-18,0.023173103010388583,0.023173378451063684,271.138078569255,191.1786273031964,11.178627303196407,89.99999999999997,0.2793556248566631,-0.0043822658865076075,0.0014474554347046094,0.0012279635321987869,0.0014474554347046094,0.015903100105311332,0.5045731151834676,0.9612527964915747,0.5097759121566283,0.5097759121566283,1302066930010.967,0.2383204480171916,-1,0.0043822658865076075,0.23422183713486067,0.23860410302136828,0.1705792111113264,0.17496147699783401,False,False,False
64,67,0,3,-0.0010725259561001931,-0.005427276461886255,-2.168404344971009e-19,0.005532170836321535,0.005532236592938992,-1.3624486320346218e-18,0.03475965451558287,0.03476006767659553,180.75871904617,191.1786273031964,11.178627303196407,89.99999999999997,0.2793556248566631,-0.021860451100822024,0.004706699457241864,0.004781300697821526,0.004781300697821526,0.051712205322167436,0.7056105361533948,0.9260487300997864,0.4079976307697438,0.4079976307697438,797814073178.8546,0.14602583244534414,-1,0.021860451100822024,0.3471149363069946,0.3689753874078166,0.25499770806458416,0.2768581591654062,False,False,False
64,68,0,4,-0.001430034608133591,-0.00723636861584834,-4.336808689942018e-19,0.0073762277817620465,0.0073763154572519885,-2.7248972640692436e-18,0.046346206020777166,0.04634675690212737,135.5690392846275,191.1786273031964,11.178627303196407,89.99999999999997,0.2793556248566631,-0.04119952769137915,0.009694142747728961,0.010299770977204336,0.010299770977204336,0.10650892514958381,0.6674302509705292,0.8772945881759423,0.26252539084934284,0.26252539084934284,363814772690.1497,0.06658989459325175,-1,0.04119952769137915,0.4553631811533861,0.4965627088447652,0.3383958712690225,0.3795953989604016,False,False,False
65,60,1,-4,-0.00039018893212122946,0.007605307399150982,0.0018572150023038018,-0.0073762277817620465,0.007615310107824276,0.011669226014748749,-0.046346206020777166,0.04784840457909768,131.31441606988005,357.0630253881329,177.06302538813293,75.88439808493649,14.394957539920142,0.04689090343265584,0.009170171172951672,0.009289514012522766,0.009289514012522766,0.10075208303463373,0.7439328226777973,0.8785169276302082,0.29681462077306436,0.29681462077306436,418124067926.2597,0.07653025577887733,1,0.04689090343265584,0.4689991001400576,0.5158900035727134,0.3491137566229892,0.39600466005564505,False,False,False
65,61,1,-3,-0.0007476975841546273,0.0057962152451888965,0.0018572150023038018,-0.005532170836321534,0.005844241853817383,0.011669226014748749,-0.03475965451558287,0.03672045454750937,171.10859287023055,352.649576529809,172.649576529809,71.47094922661256,18.808406398244074,0.008001927244531052,0.0043593474387842186,0.004561200212031045,0.004561200212031045,0.0478958709543731,0.2723951202256105,0.9266163749139193,0.43869420033689016,0.43869420033689016,883381846734.619,0.1616875082468113,1,0.008001927244531052,0.3657867651315155,0.3737886923760465,0.26918837894941305,0.2771903061939441,False,False,False
65,62,1,-2,-0.001105206236188025,0.003987123091226812,0.0018572150023038016,-0.0036881138908810233,0.004137466781631359,0.011669226014748749,-0.023173103010388583,0.025996470491289763,241.69378336512244,344.50695052003,164.50695052003,63.32832321683355,26.95103240802308,-0.019519032079957675,0.0010008449876872918,0.0010276151720479457,0.0010276151720479457,0.010996219743607007,0.976884525074851,0.9622845585012046,0.4855424253001812,0.4855424253001812,1305224771182.7085,0.2388984352968549,-1,0.019519032079957675,0.2620915113703423,0.2816105434503,0.19122457029873874,0.2107436023786964,True,False,False
65,63,1,-1,-0.0014627148882214226,0.002178030937264727,0.0018572150023038014,-0.001844056945440512,0.0026236146073512537,0.011669226014748747,-0.011586551505194293,0.016484656752611137,381.1535418342479,326.1156096205767,146.11560962057672,44.936982317380284,45.34237330747635,-0.031210175180028096,0.001991426504397774,0.00200698795178636,0.00200698795178636,0.02187967538929519,0.9646532181009912,0.9732072758888689,0.4027478582961208,0.4027478582961208,1465245872511.8562,0.2681874831038257,-1,0.031210175180028096,0.16743297601964763,0.19864315119967574,0.1215082780278538,0.1527184532078819,True,False,False
65,75,1,11,-0.0057528187126221954,-0.01953107491028029,0.001857215002303801,0.020284626399845625,0.020360692775327573,0.011669226014748743,0.12745206655713717,0.12793000568993576,49.114242380385384,196.41217702174757,16.412177021747567,84.76645028144887,4.954194093694497,0.09211785291271453,0.00734880116374273,0.005508375688570403,0.00734880116374273,0.0807408074604239,0.9458250284912316,0.7576737275517277,0.31614907151240557,0.37655915540801715,4786156871.237372,0.0008760218261777398,-1,-0.09211785291271453,1.0484997338188782,0.9563818809061636,0.8756264634147647,0.7835086105020501,False,False,False
66,61,2,-3,-0.002567921124409448,0.006165154028491538,0.003714430004607603,-0.005532170836321534,0.006678573432718527,0.023338452029497494,-0.03475965451558287,0.04196271446537698,149.73257538817657,337.3872072531064,157.3872072531064,56.20857994990996,34.070775674946674,-0.017343366342938874,0.009478904005920557,0.011379939730191526,0.011379939730191526,0.10414411088625634,0.2711211437618718,0.8907518724792333,0.25723731494758995,0.25723731494758995,727404672696.8408,0.13313863019733524,-1,0.017343366342938874,0.41501979875294015,0.432363165095879,0.3069802995936195,0.32432366593655837,False,False,False
66,62,2,-2,-0.002925429776442845,0.004356061874529454,0.003714430004607603,-0.003688113890881024,0.0052472292147025075,0.023338452029497494,-0.023173103010388586,0.032969313505222274,190.57677091712395,326.1156096205767,146.11560962057672,44.936982317380284,45.34237330747635,-0.050014354765352126,0.005688888007112445,0.007243128962852587,0.007243128962852587,0.06250344797902344,0.8957029678550279,0.9307664964145985,0.33921513950554294,0.33921513950554294,971905467479.5422,0.17789019988252955,-1,0.050014354765352126,0.3299416894580799,0.379956044223432,0.24200934234076826,0.2920236971061204,False,False,False
66,66,2,2,-0.0043554643845764365,-0.0028803067413188865,0.0037144300046076024,0.003688113890881022,0.005221708238632337,0.02333845202949749,0.023173103010388572,0.0328089604833533,191.5082103978139,236.5229868250986,56.5229868250986,44.65564047809784,45.06500389704553,0.35224212625057394,0.00868300599901301,0.01095541520052287,0.01095541520052287,0.09539963048707119,0.994560844428315,0.9493339037849886,0.3021394613935745,0.3021394613935745,2419078193474.1216,0.44276971142529153,-1,-0.35224212625057394,0.3283986081968351,-0.023843518053738855,0.2408451478045071,-0.11139697844606683,True,False,True
66,67,2,3,-0.004712973036609834,-0.004689398895280972,0.0037144300046076024,0.005532170836321534,0.006648501849505174,0.02333845202949749,0.03475965451558287,0.04177376913556721,150.40982504568706,225.14365481213383,45.14365481213383,56.034972491062604,33.68567188408076,0.3660644125107395,0.006806661436591974,0.006069019681802309,0.006806661436591974,0.07478435301959746,0.996897966401111,0.9245828976029837,0.3225992225691986,0.3225992225691986,1367081548990.6702,0.2502202304060887,-1,-0.3660644125107395,0.4132636538079896,0.04719924129725006,0.3056223211494473,-0.060442091361292194,True,False,True
67,64,3,0,-0.005460670620764461,0.0011068163499079252,0.005571645006911403,-1.5178830414797062e-18,0.0055717112327276636,0.03500767804424623,-9.537140424242352e-18,0.035008094153321914,179.4780738323447,281.45798292805307,101.45798292805307,0.2793556248566347,90.0,0.3473431849188363,0.009395627917273736,0.011201865650715234,0.011201865650715234,0.10322916183678911,0.9934577675008975,0.9449928832577936,0.3178264213693798,0.3178264213693798,2474736497226.227,0.45295698489054037,-1,-0.3473431849188363,0.3494847883652019,0.002141603446365603,0.256794748430624,-0.09054843648821231,True,False,True
67,65,3,1,-0.005818179272797859,-0.0007022758040541599,0.005571645006911403,0.00184405694544051,0.005860409657641225,0.03500767804424623,0.01158655150519428,0.03682203985494469,170.6365353992153,263.1174828401364,83.1174828401364,18.06114446306003,71.65949991208333,0.345942178024993,0.004811864468408548,0.004959839298387894,0.004959839298387894,0.05286764656067525,0.9982617721978413,0.9652163744467301,0.5104806751368168,0.5104806751368168,4316588169101.0923,0.7900755350243143,-1,-0.345942178024993,0.3667505731147571,0.02080839508976412,0.2699228995975005,-0.07601927842749251,True,False,True
67,66,3,2,-0.006175687924831256,-0.002511367958016245,0.005571645006911403,0.0036881138908810215,0.0066667901095997665,0.03500767804424623,0.02317310301038857,0.04188867766268744,149.9972225854331,247.8706879330906,67.87068793309061,33.30793937010583,56.41270500503754,0.3524471488881787,0.0026962882073885783,0.0020805259840688227,0.0026962882073885783,0.029623945751132325,0.9994735484176962,0.9704919690174016,0.5564083174648525,0.5564083174648525,4603763732451.078,0.8426379704411953,-1,-0.3524471488881787,0.4143318345116555,0.06188468562347682,0.3064482243327371,-0.04599892455544158,True,False,True
67,67,3,3,-0.006533196576864654,-0.004320460111978329,0.005571645006911404,0.005532170836321532,0.007832562357948504,0.03500767804424624,0.034759654515582855,0.049213440725029936,127.67214026520932,236.5229868250986,56.5229868250986,44.65564047809784,45.06500389704553,0.3604213717630618,0.0024010000018471296,0.001611552806890692,0.0024010000018471296,0.026379633159496818,0.9996007615709416,0.9647370644276967,0.5191978942683773,0.5191978942683773,2503857021183.1387,0.45828698456716843,-1,-0.3604213717630618,0.4813113223309949,0.12088995056793306,0.35883678889206494,-0.0015845828709968868,True,False,True
67,68,3,4,-0.006890705228898052,-0.0061295522659404154,0.005571645006911404,0.007376227781762045,0.009222430782199358,0.03500767804424624,0.04634620602077715,0.05794624158719574,108.43128277309997,228.3456538306872,48.34565383068721,52.832973472509224,36.88767090263414,0.3707102202745383,0.006603784791632194,0.007759814101602027,0.007759814101602027,0.07255536032215838,0.9971521268963777,0.9277655413836869,0.41368501189861895,0.41368501189861895,754939088640.691,0.13817832070201214,-1,-0.3707102202745383,0.5581367369513739,0.18742651667683558,0.4205635124136486,0.04985329213911027,True,False,True
68,63,4,-1,-0.006923385508985884,0.0032848472871726516,0.007428860009215205,-0.0018440569454405132,0.0076631252505802916,0.04667690405899498,-0.0115865515051943,0.048148835981522975,130.49506138820774,295.38231881916613,115.38231881916613,14.203691515969695,76.07566410888694,0.36287091593980864,0.007424585650987072,0.006725510445860471,0.007424585650987072,0.08157344676535865,0.9962463878974096,0.9454433337565782,0.263666592355018,0.263666592355018,1942389851996.5557,0.35552029552579656,-1,-0.36287091593980864,0.47171574398705896,0.10884482804725032,0.35125533875324016,-0.011615577186568471,True,False,True
68,64,4,0,-0.007280894161019282,0.0014757551332105667,0.007428860009215205,-1.734723475976807e-18,0.007428948310303552,0.04667690405899498,-1.0899589056276974e-17,0.046677458871095895,134.60855537425851,281.45798292805307,101.45798292805307,0.2793556248566347,90.0,0.3462481465874243,0.005259831618905632,0.0038195664369031867,0.005259831618905632,0.057789432936571544,0.9979274250932506,0.9654704669643592,0.4471356342484991,0.4471356342484991,3418089407565.6675,0.625621141431651,-1,-0.3462481465874243,0.4583743224973422,0.11212617590991791,0.34075815867458153,-0.005489987912842775,True,False,True
68,65,4,1,-0.00763840281305268,-0.0003333370207515183,0.007428860009215206,0.00184405694544051,0.007645672704468495,0.04667690405899499,0.01158655150519428,0.048039178400220456,130.7929385226695,267.50121920525805,87.50121920525805,13.677408097938383,76.04323627720498,0.35097220551682007,0.004844449364096468,0.003538361288070433,0.004844449364096468,0.053225654721494285,0.9982882440018105,0.9726467076136279,0.5594814712605151,0.5594814712605151,5463513268979.087,1.0,-1,-0.35097220551682007,0.4707246135881287,0.11975240807130866,0.35047376667350816,-0.0004984388433119102,True,False,True
68,66,4,2,-0.007995911465086077,-0.0021424291747136033,0.007428860009215205,0.003688113890881021,0.008277958862313764,0.04667690405899498,0.02317310301038857,0.05201194949712688,120.80272644898008,255.0004602737696,75.00046027376959,26.178167029426845,63.54247734571652,0.365503802153297,0.004095614316516473,0.0028845286453811057,0.004095614316516473,0.044998252040554035,0.9988712277612685,0.9757504833344606,0.5761937850819393,0.5761937850819393,5472002306595.895,1.0015537690125156,-1,-0.365503802153297,0.5063006791674807,0.1407968770141837,0.3787093945884797,0.013205592435182711,True,False,True
68,67,4,3,-0.008353420117119474,-0.003951521328675689,0.007428860009215204,0.005532170836321533,0.009240895436269972,0.046676904058994974,0.03475965451558286,0.05806225843035438,108.21462128822048,244.6838688037944,64.68386880379441,36.494758499402025,53.22588587574134,0.3791194362304441,0.003383258120266979,0.002507209257525867,0.003383258120266979,0.03717164016154555,0.999283774941826,0.9743299228509228,0.5344088768951989,0.5344088768951989,2966396259610.412,0.5429466560378123,-1,-0.3791194362304441,0.5591341842675409,0.18001474803709683,0.4213777201975739,0.04225828396712983,True,False,True
68,68,4,4,-0.008710928769152873,-0.005760613482637773,0.007428860009215205,0.007376227781762044,0.010443416477264674,0.04667690405899498,0.046346206020777145,0.0656179209667066,95.75410519890696,236.5229868250986,56.5229868250986,44.65564047809784,45.06500389704553,0.3873652678702414,0.00238290840687363,0.001499029196439303,0.00238290840687363,0.02618086196486793,0.9996595385329249,0.9484103138587927,0.4095766637102423,0.4095766637102423,935252586161.1913,0.17118153468600483,-1,-0.3873652678702414,0.6227450409844929,0.2353797731142515,0.4740478775123148,0.08668260964207342,True,False,True
69,56,5,-8,-0.006241048485006918,0.01631743114820989,0.009286075011519006,-0.014752455563524093,0.01747023884979188,0.05834613007374372,-0.09269241204155433,0.10976874805393032,57.24020195705069,339.0692775580543,159.0692775580543,57.89065025485786,32.388705369998775,0.3888319910017702,0.0119850738699021,0.011911705841771357,0.0119850738699021,0.13167923858153255,0.9915218276529982,0.7167779139233587,0.3223667067767045,0.3223667067767045,23105586268.671585,0.004229071136307334,-1,-0.3888319910017702,0.9413256383711882,0.552493647369418,0.7652568994721973,0.37642490847042714,False,False,False
69,63,5,-1,-0.008743609049240703,0.003653786070475293,0.009286075011519006,-0.0018440569454405138,0.009476331138935742,0.05834613007374372,-0.011586551505194304,0.05954154457812945,105.52607178228124,292.67911193693203,112.67911193693203,11.500484633735596,78.77887099112104,0.3994987845521299,0.0036896431942424783,0.0019407842097664395,0.0036896431942424783,0.04053787333555683,0.9992329087071347,0.9530675785489602,0.28884469164414667,0.28884469164414667,1929607414147.4944,0.3531806951222178,-1,-0.3994987845521299,0.5717978192598622,0.17229903470773228,0.431745268449453,0.0322464838973231,True,False,True
69,64,5,0,-0.0091011177012741,0.0018446939165132083,0.009286075011519004,-2.6020852139652106e-18,0.00928618538787944,0.058346130073743716,-1.634938358441546e-17,0.05834682358886986,107.68684429940683,281.45798292805307,101.45798292805307,0.2793556248566347,90.0,0.3685087027153261,0.005584525251769416,0.005860659866139337,0.005860659866139337,0.06135682107383999,0.9979373629557535,0.9636271821507754,0.33421839467688186,0.33421839467688186,2962068271954.398,0.542154494027227,-1,-0.3685087027153261,0.5615780908081459,0.19306938809281982,0.42337412481896153,0.05486542210363543,True,False,True
69,65,5,1,-0.009458626353307497,3.560176255112328e-05,0.009286075011519004,0.0018440569454405088,0.009458693354633072,0.058346130073743716,0.011586551505194272,0.05943072311094771,105.72284802003635,270.2156572242454,90.21565722424538,10.96297007895106,78.7576742961923,0.3677820148037798,0.005704703729823288,0.00543817854220973,0.005704703729823288,0.06267721431094488,0.9978393305016053,0.9679439109897795,0.4154701680362594,0.4154701680362594,4182120494700.68,0.7654635925286499,-1,-0.3677820148037798,0.5708526230861418,0.203070608282362,0.4309694905951041,0.06318747579132428,True,False,True
69,66,5,2,-0.009816135005340896,-0.0017734903914109618,0.009286075011519004,0.0036881138908810207,0.009975057624470443,0.058346130073743716,0.023173103010388565,0.0626751355043424,100.25004743299296,259.75879474320914,79.75879474320914,21.4198325599873,68.30081181515607,0.38245046906433977,0.004322260168349872,0.003033135374782956,0.004322260168349872,0.0474883954907361,0.9988518067682789,0.97088009779785,0.4971207054098443,0.4971207054098443,4051855439866.562,0.7416208656199882,-1,-0.38245046906433977,0.5982875671393776,0.21583709807503781,0.45361879782580394,0.07116832876146417,True,False,True
69,67,5,3,-0.010173643657374293,-0.0035825825453730466,0.009286075011519004,0.005532170836321532,0.010786005885481604,0.058346130073743716,0.034759654515582855,0.06777047370281056,92.71272523094393,250.6006159949052,70.60061599490521,30.578011308291224,59.14263306685214,0.3957903462764906,0.004472277023810944,0.004746688268209941,0.004746688268209941,0.04913662106831204,0.9988521880697292,0.9620786712613407,0.4958703305335173,0.4958703305335173,2374527633132.82,0.43461551500478457,-1,-0.3957903462764906,0.6403757568704475,0.24458541059395683,0.48891980179371686,0.09312945551722623,True,False,True
69,68,5,4,-0.01053115230940769,-0.005391674699335132,0.009286075011519002,0.007376227781762044,0.011831116812346732,0.0583461300737437,0.046346206020777145,0.07433709932286237,84.52287437111758,242.88874022017063,62.88874022017063,38.2898870830258,51.43075729211756,0.40034369440641976,0.006818144096044268,0.00880141877066117,0.00880141877066117,0.07491051226316844,0.9973963855973611,0.9229687332517531,0.37648340547216813,0.37648340547216813,872539839817.9572,0.15970306959298372,-1,-0.40034369440641976,0.6928002576315933,0.2924565632251735,0.5339005378032645,0.13355684339684476,True,False,True
70,55,6,-9,-0.007703763373228341,0.018495462085474618,0.011143290013822808,-0.016596512508964607,0.020035720298155583,0.07001535608849248,-0.10427896354674863,0.12588814339613097,49.910858462725514,337.3872072531064,157.3872072531064,56.20857994990996,34.070775674946674,0.43410942331467645,0.009416369415656536,0.010258042537158688,0.010258042537158688,0.10345704735036496,0.9957832691222933,0.7252752699254604,0.26447527570201995,0.26447527570201995,14502345973.125982,0.0026543993322882316,-1,-0.43410942331467645,1.0370473852649205,0.602937961950244,0.8635099140369232,0.4294004907222468,False,False,False
70,65,6,1,-0.011278849893562318,0.0004045405458537653,0.011143290013822806,0.0018440569454405084,0.011286102426203228,0.07001535608849246,0.01158655150519427,0.070912672939644,88.60454763180908,272.0541575120234,92.05415751202338,9.124469791173055,80.59617458397031,0.4228640881115073,0.006164462459635411,0.007161237419917826,0.007161237419917826,0.06772855401314792,0.9980910195816916,0.9575082533832361,0.2533527612100388,0.2533527612100388,2559894287077.2144,0.4685436203865131,-1,-0.4228640881115073,0.6657173610391751,0.24285327292766784,0.5105177541992237,0.08765366608771646,True,False,True
70,66,6,2,-0.011636358545595717,-0.0014045516081083198,0.011143290013822806,0.00368811389088102,0.01172081931528245,0.07001535608849246,0.02317310301038856,0.07364407970988938,85.31826769960765,263.1174828401364,83.1174828401364,18.06114446306003,71.65949991208333,0.4148515149911339,0.004132446407975306,0.0037849345641098493,0.004132446407975306,0.04540292386913945,0.9991077553780958,0.9479219005166395,0.3426952099211297,0.3426952099211297,2371168166444.83,0.43400062372099024,-1,-0.4148515149911339,0.6873643719812021,0.2725128569900683,0.5291817365832724,0.11433022159213851,True,False,True
70,67,6,3,-0.011993867197629115,-0.0032136437620704046,0.011143290013822806,0.005532170836321531,0.012416938293470646,0.07001535608849246,0.03475965451558284,0.07801792424569033,80.53515096598672,255.0004602737696,75.00046027376959,26.178167029426845,63.54247734571652,0.40675243215745066,0.0034332834025036342,0.0025647576671473473,0.0034332834025036342,0.03772126473176129,0.9993591990970455,0.9243617800325424,0.3274035457727903,0.3274035457727903,1470695297135.2834,0.2691849044250785,-1,-0.40675243215745066,0.7212895299399318,0.3145370977824811,0.5588479102332261,0.15209547807577545,True,False,True
