time_start_s,time_stop_s,centre_uniform_output_k_s,centre_uniform_time_s,support_duration_s,point,plan,look_index,k_row_cycles_per_m,k_col_low_cycles_per_m,k_col_high_cycles_per_m,frequency_supported,declared_processed_frequency_supported,required_frequency_min_hz,required_frequency_max_hz,within_processing_time_guard,kernel_status,error,requested_angle_low_rad,requested_angle_high_rad,available_angle_low_rad,available_angle_high_rad
2.2167667743331534,3.61139902013652,2.9149563708109523,2.9140828972348367,1.3946322458033666,SCP,two_nonoverlap,0,62.17014728368656,-1.091677404463252,0.0,True,True,9319070637.110756,9320382027.577532,True,geometry_identified_not_vendor_exact,,,,,
2.2167667743331534,3.556305478184377,2.8873419018356286,2.886536126258765,1.3395387038512236,SCP,two_nonoverlap,0,64.73675320801252,-1.091677404463252,0.0,True,True,9703795186.616476,9705054594.32833,True,geometry_identified_not_vendor_exact,,,,,
2.2167667743331534,3.5053993493927487,2.8618287152939854,2.861083061862951,1.2886325750595953,SCP,two_nonoverlap,0,67.30335913233846,-1.091677404463252,0.0,True,False,10088519736.122192,10089731124.850147,True,geometry_identified_not_vendor_exact,,,,,
0.8115900335438747,2.2167667743331534,1.5150623614782432,1.514178403938514,1.4051767407892788,SCP,two_nonoverlap,1,62.17014728368656,0.0,1.091677404463252,True,True,9319070637.110756,9320382179.667362,True,geometry_identified_not_vendor_exact,,,,,
0.8675031240037921,2.2167667743331534,1.5429500105171827,1.5421349491684728,1.3492636503293611,SCP,two_nonoverlap,1,64.73675320801252,0.0,1.091677404463252,True,True,9703795186.616476,9705054734.597212,True,geometry_identified_not_vendor_exact,,,,,
0.9191368392607235,2.2167667743331534,1.5687057236494217,1.5679518067969385,1.2976299350724299,SCP,two_nonoverlap,1,67.30335913233846,0.0,1.091677404463252,True,False,10088519736.122192,10089731254.621365,True,geometry_identified_not_vendor_exact,,,,,
2.6911709385716884,3.636202603120798,3.1640880677645025,3.163686770846243,0.9450316645491097,SCP,three_nonoverlap,0,62.17014728368656,-1.1111673204222876,-0.3704294586003051,True,True,9319221644.35883,9320429265.73961,True,geometry_identified_not_vendor_exact,,,,,
2.672385377233606,3.5801328250600766,3.1266293270264516,3.1262591011468412,0.9077474478264707,SCP,three_nonoverlap,0,64.73675320801252,-1.1111673204222876,-0.3704294586003051,True,True,9703940207.113325,9705099960.30994,True,geometry_identified_not_vendor_exact,,,,,
2.655030897388803,3.5283243960817896,3.092020275258889,3.091677646735296,0.8732934986929868,SCP,three_nonoverlap,0,67.30335913233846,-1.1111673204222876,-0.3704294586003051,True,False,10088659226.45558,10089774761.37162,True,geometry_identified_not_vendor_exact,,,,,
1.7413041740963926,2.6911709385716884,2.2166421109662906,2.2162375563340406,0.9498667644752958,SCP,three_nonoverlap,1,62.17014728368656,-0.3704294586003051,0.3703084032216775,True,True,9319070637.119543,9319221644.35883,True,geometry_identified_not_vendor_exact,,,,,
1.7601779095163206,2.672385377233606,2.2166547552590683,2.2162816433749635,0.9122074677172853,SCP,three_nonoverlap,1,64.73675320801252,-0.3704294586003051,0.3703084032216775,True,True,9703795186.625263,9703940207.113325,True,geometry_identified_not_vendor_exact,,,,,
1.777610448352956,2.655030897388803,2.216665870161233,2.2163206728708795,0.8774204490358468,SCP,three_nonoverlap,1,67.30335913233846,-0.3704294586003051,0.3703084032216775,True,False,10088519736.13098,10088659226.45558,True,geometry_identified_not_vendor_exact,,,,,
0.7865630073771471,1.7413041740963926,1.264341438069927,1.26393359073677,0.9547411667192455,SCP,three_nonoverlap,2,62.17014728368656,0.3703084032216775,1.11104626504366,True,True,9319221551.600761,9320429130.0925,True,geometry_identified_not_vendor_exact,,,,,
0.8434756113861253,1.7601779095163206,1.3022027880962346,1.301826760451223,0.9167022981301953,SCP,three_nonoverlap,2,64.73675320801252,0.3703084032216775,1.11104626504366,True,True,9703940117.804789,9705099823.925007,True,geometry_identified_not_vendor_exact,,,,,
0.8960320710668521,1.777610448352956,1.3371690512425647,1.336821259709904,0.8815783772861039,SCP,three_nonoverlap,2,67.30335913233846,0.3703084032216775,1.11104626504366,True,False,10088659140.355145,10089774624.75918,True,geometry_identified_not_vendor_exact,,,,,
,,,,,ROI_centre,two_nonoverlap,0,62.17014728368656,-1.091677404463252,0.0,False,,,,False,not_identifiable_outside_geometry_support,band outside geometric support,-0.017557706899550742,0.0,-0.01650699784934248,0.029728773329482143
,,,,,ROI_centre,two_nonoverlap,0,64.73675320801252,-1.091677404463252,0.0,False,,,,False,not_identifiable_outside_geometry_support,band outside geometric support,-0.016861734442933058,0.0,-0.01650699784934248,0.029728773329482143
2.389333191591422,3.675991206907384,3.033406656643037,3.032662199249403,1.286658015315962,ROI_centre,two_nonoverlap,0,67.30335913233846,-1.091677404463252,0.0,True,False,10102580382.590857,10103861986.495163,True,geometry_identified_not_vendor_exact,,,,,
0.9863103237124669,2.389333191591422,1.688704296318427,1.6878217576519443,1.4030228678789551,ROI_centre,two_nonoverlap,1,62.17014728368656,0.0,1.091677404463252,True,True,9332057895.655928,9333296801.223848,True,geometry_identified_not_vendor_exact,,,,,
1.0421376951843748,2.389333191591422,1.7165491964790707,1.7157354433878984,1.3471954964070472,ROI_centre,two_nonoverlap,1,64.73675320801252,0.0,1.091677404463252,True,True,9717318606.285986,9718505626.79459,True,geometry_identified_not_vendor_exact,,,,,
1.0936922531622044,2.389333191591422,1.742265429129537,1.7415127223768132,1.2956409384292176,ROI_centre,two_nonoverlap,1,67.30335913233846,0.0,1.091677404463252,True,False,10102579315.770288,10103718412.183895,True,geometry_identified_not_vendor_exact,,,,,
,,,,,ROI_centre,three_nonoverlap,0,62.17014728368656,-1.1111673204222876,-0.3704294586003051,False,,,,False,not_identifiable_outside_geometry_support,band outside geometric support,-0.017871101693554572,-0.005958246703156359,-0.01650699784934248,0.029728773329482143
,,,,,ROI_centre,three_nonoverlap,0,64.73675320801252,-1.1111673204222876,-0.3704294586003051,False,,,,False,not_identifiable_outside_geometry_support,band outside geometric support,-0.01716271147224295,-0.005722026475209748,-0.01650699784934248,0.029728773329482143
,,,,,ROI_centre,three_nonoverlap,0,67.30335913233846,-1.1111673204222876,-0.3704294586003051,False,,,,False,not_identifiable_outside_geometry_support,band outside geometric support,-0.016508334689060628,-0.005503822142182847,-0.01650699784934248,0.029728773329482143
1.9145993006564952,2.863010356066308,2.3892087338641,2.3888048283614016,0.9484110554098129,ROI_centre,three_nonoverlap,1,62.17014728368656,-0.3704294586003051,0.3703084032216775,True,True,9332057895.800901,9332234067.7734,True,geometry_identified_not_vendor_exact,,,,,
1.9334441079113103,2.8442535809862077,2.389221357646877,2.3888488444487592,0.9108094730748975,ROI_centre,three_nonoverlap,1,64.73675320801252,-0.3704294586003051,0.3703084032216775,True,True,9717318605.971792,9717488839.791626,True,geometry_identified_not_vendor_exact,,,,,
1.9508499276688072,2.826925694560642,2.3892324545093473,2.3888878111147247,0.8760757668918349,ROI_centre,three_nonoverlap,1,67.30335913233846,-0.3704294586003051,0.3703084032216775,True,False,10102579316.002796,10102744067.784868,True,geometry_identified_not_vendor_exact,,,,,
0.961321666248279,1.9145993006564952,1.4383676760539037,1.4379604834523871,0.9532776344082162,ROI_centre,three_nonoverlap,2,62.17014728368656,0.3703084032216775,1.11104626504366,True,True,9332185216.502258,9333342413.779005,True,geometry_identified_not_vendor_exact,,,,,
1.0181470184146504,1.9334441079113103,1.4761709871683089,1.4757955631629804,0.9152970894966599,ROI_centre,three_nonoverlap,2,64.73675320801252,0.3703084032216775,1.11104626504366,True,True,9717439991.911093,9718549380.72058,True,geometry_identified_not_vendor_exact,,,,,
1.0706229057223051,1.9508499276688072,1.5110836499145892,1.5107364166955561,0.880227021946502,ROI_centre,three_nonoverlap,2,67.30335913233846,0.3703084032216775,1.11104626504366,True,False,10102695223.049957,10103760449.20389,True,geometry_identified_not_vendor_exact,,,,,
,,,,,ROI_corner_0,two_nonoverlap,0,62.17014728368656,-1.091677404463252,0.0,False,,,,False,not_identifiable_outside_geometry_support,band outside geometric support,-0.017557706899550742,0.0,-0.014335734357227615,0.03212175943687386
,,,,,ROI_corner_0,two_nonoverlap,0,64.73675320801252,-1.091677404463252,0.0,False,,,,False,not_identifiable_outside_geometry_support,band outside geometric support,-0.016861734442933058,0.0,-0.014335734357227615,0.03212175943687386
,,,,,ROI_corner_0,two_nonoverlap,0,67.30335913233846,-1.091677404463252,0.0,False,,,,False,not_identifiable_outside_geometry_support,band outside geometric support,-0.016218829116275858,0.0,-0.014335734357227615,0.03212175943687386
1.1727463969819367,2.567651425245137,1.8710762559949885,1.8701989111135369,1.3949050282632003,ROI_corner_0,two_nonoverlap,1,62.17014728368656,0.0,1.091677404463252,True,True,9380296310.839668,9381213493.896177,True,geometry_identified_not_vendor_exact,,,,,
1.2282507331386956,2.567651425245137,1.8987600433802354,1.8979510791919163,1.3394006921064414,ROI_corner_0,two_nonoverlap,1,64.73675320801252,0.0,1.091677404463252,True,True,9767548473.980165,9768415372.643925,True,geometry_identified_not_vendor_exact,,,,,
1.2795069811748625,2.567651425245137,1.9243274803881285,1.9235792032099996,1.2881444440702745,ROI_corner_0,two_nonoverlap,1,67.30335913233846,0.0,1.091677404463252,True,False,10154800638.721788,10155621192.998144,True,geometry_identified_not_vendor_exact,,,,,
,,,,,ROI_corner_0,three_nonoverlap,0,62.17014728368656,-1.1111673204222876,-0.3704294586003051,False,,,,False,not_identifiable_outside_geometry_support,band outside geometric support,-0.017871101693554572,-0.005958246703156359,-0.014335734357227615,0.03212175943687386
,,,,,ROI_corner_0,three_nonoverlap,0,64.73675320801252,-1.1111673204222876,-0.3704294586003051,False,,,,False,not_identifiable_outside_geometry_support,band outside geometric support,-0.01716271147224295,-0.005722026475209748,-0.014335734357227615,0.03212175943687386
,,,,,ROI_corner_0,three_nonoverlap,0,67.30335913233846,-1.1111673204222876,-0.3704294586003051,False,,,,False,not_identifiable_outside_geometry_support,band outside geometric support,-0.016508334689060628,-0.005503822142182847,-0.014335734357227615,0.03212175943687386
2.095664210262991,3.0385881448897902,2.5675277071265206,2.567126177576391,0.942923934626799,ROI_corner_0,three_nonoverlap,1,62.17014728368656,-0.3704294586003051,0.3703084032216775,True,True,9380296310.031986,9380622926.169857,True,geometry_identified_not_vendor_exact,,,,,
2.114399984515493,3.0199398843433003,2.567540256353386,2.567169934429397,0.9055398998278075,ROI_corner_0,three_nonoverlap,1,64.73675320801252,-0.3704294586003051,0.3703084032216775,True,True,9767548474.141153,9767870538.957062,True,geometry_identified_not_vendor_exact,,,,,
2.1317050972048026,3.0027122460195623,2.567551287664335,2.5672086716121827,0.8710071488147597,ROI_corner_0,three_nonoverlap,1,67.30335913233846,-0.3704294586003051,0.3703084032216775,True,False,10154800638.253508,10155118605.547619,True,geometry_identified_not_vendor_exact,,,,,
1.1479023325825397,2.095664210262991,1.6221880672838174,1.6217832714227653,0.9477618776804515,ROI_corner_0,three_nonoverlap,2,62.17014728368656,0.3703084032216775,1.11104626504366,True,True,9380337608.193636,9381252705.04435,True,geometry_identified_not_vendor_exact,,,,,
1.204398874014559,2.114399984515493,1.6597726435832798,1.6593994292650258,0.9100011105009338,ROI_corner_0,three_nonoverlap,2,64.73675320801252,0.3703084032216775,1.11104626504366,True,True,9767585224.066908,9768452733.71217,True,geometry_identified_not_vendor_exact,,,,,
1.2565711196211642,2.1317050972048026,1.6944832979188895,1.6941381084129834,0.8751339775836384,ROI_corner_0,three_nonoverlap,2,67.30335913233846,0.3703084032216775,1.11104626504366,True,False,10154833293.535713,10155656845.06212,True,geometry_identified_not_vendor_exact,,,,,
,,,,,ROI_corner_1,two_nonoverlap,0,62.17014728368656,-1.091677404463252,0.0,False,,,,False,not_identifiable_outside_geometry_support,band outside geometric support,-0.017557706899550742,0.0,-0.01718132871329556,0.02924135745414909
2.341167166965086,3.6736083707990796,3.008189216607977,3.007387768882083,1.3324412038339934,ROI_corner_1,two_nonoverlap,0,64.73675320801252,-1.091677404463252,0.0,True,True,9749634970.655348,9751214247.908438,True,geometry_identified_not_vendor_exact,,,,,
2.341167166965086,3.6229719536814384,2.982811208749413,2.9820695603232625,1.2818047867163522,ROI_corner_1,two_nonoverlap,0,67.30335913233846,-1.091677404463252,0.0,True,False,10136176921.48958,10137708388.132072,True,geometry_identified_not_vendor_exact,,,,,
0.9434364825315706,2.341167166965086,1.643181030273571,1.6423018247483285,1.3977306844335156,ROI_corner_1,two_nonoverlap,1,62.17014728368656,0.0,1.091677404463252,True,True,9363072763.430864,9364073702.447979,True,geometry_identified_not_vendor_exact,,,,,
0.9990532728462977,2.341167166965086,1.6709208996921812,1.670110219905692,1.3421138941187885,ROI_corner_1,two_nonoverlap,1,64.73675320801252,0.0,1.091677404463252,True,True,9749613878.480162,9750563877.50123,True,geometry_identified_not_vendor_exact,,,,,
1.0504133668124347,2.341167166965086,1.6965401309452837,1.6957902668887606,1.2907538001526515,ROI_corner_1,two_nonoverlap,1,67.30335913233846,0.0,1.091677404463252,True,False,10136154992.297255,10137058001.096361,True,geometry_identified_not_vendor_exact,,,,,
,,,,,ROI_corner_1,three_nonoverlap,0,62.17014728368656,-1.1111673204222876,-0.3704294586003051,False,,,,False,not_identifiable_outside_geometry_support,band outside geometric support,-0.017871101693554572,-0.005958246703156359,-0.01718132871329556,0.02924135745414909
2.794371611304784,3.6973094755913327,3.2462087811336997,3.2458405434480584,0.9029378642865487,ROI_corner_1,three_nonoverlap,0,64.73675320801252,-1.1111673204222876,-0.3704294586003051,True,True,9749889749.315912,9751265225.243973,True,geometry_identified_not_vendor_exact,,,,,
2.77710908507824,3.645775538399811,3.2117831002269406,3.2114423117390256,0.8686664533215711,ROI_corner_1,three_nonoverlap,0,67.30335913233846,-1.1111673204222876,-0.3704294586003051,True,False,10136426193.757092,10137757643.568748,True,geometry_identified_not_vendor_exact,,,,,
1.8682239604677617,2.81305763650295,2.341043179279071,2.3406407984853557,0.9448336760351883,ROI_corner_1,three_nonoverlap,1,62.17014728368656,-0.3704294586003051,0.3703084032216775,True,True,9363072763.157143,9363353759.493553,True,geometry_identified_not_vendor_exact,,,,,
1.88699768550257,2.794371611304784,2.3410557553994833,2.340684648403677,0.907373925802214,ROI_corner_1,three_nonoverlap,1,64.73675320801252,-0.3704294586003051,0.3703084032216775,True,True,9749613877.747784,9749889749.315912,True,geometry_identified_not_vendor_exact,,,,,
1.9043378508635564,2.77710908507824,2.3410668103640773,2.340723467970898,0.8727712342146834,ROI_corner_1,three_nonoverlap,1,67.30335913233846,-0.3704294586003051,0.3703084032216775,True,False,10136154992.398329,10136426193.757092,True,geometry_identified_not_vendor_exact,,,,,
0.9185420824857918,1.8682239604677617,1.3937886759314015,1.3933830214767768,0.9496818779819699,ROI_corner_1,three_nonoverlap,2,62.17014728368656,0.3703084032216775,1.11104626504366,True,True,9363132946.71441,9364114683.055746,True,geometry_identified_not_vendor_exact,,,,,
0.975153089021687,1.88699768550257,1.4314493931626613,1.4310753872621285,0.9118445964808831,ROI_corner_1,three_nonoverlap,2,64.73675320801252,0.3703084032216775,1.11104626504366,True,True,9749668939.695816,9750603004.779646,True,geometry_identified_not_vendor_exact,,,,,
1.0274310370250919,1.9043378508635564,1.4662303655777327,1.4658844439443242,0.8769068138384646,ROI_corner_1,three_nonoverlap,2,67.30335913233846,0.3703084032216775,1.11104626504366,True,False,10136205387.08807,10137095416.360832,True,geometry_identified_not_vendor_exact,,,,,
2.211013616705301,3.6115653199155258,2.9121666700195954,2.9112894683104136,1.4005517032102248,ROI_corner_2,two_nonoverlap,0,62.17014728368656,-1.091677404463252,0.0,False,False,9284357658.915731,9285413591.648504,True,geometry_identified_not_vendor_exact,,,,,
2.211013616705301,3.5562379403431184,2.8844349933611295,2.88362577852421,1.3452243236378174,ROI_corner_2,two_nonoverlap,0,64.73675320801252,-1.091677404463252,0.0,True,True,9667649133.059328,9668653495.695097,True,geometry_identified_not_vendor_exact,,,,,
2.211013616705301,3.5051157465792913,2.8588135177717025,2.858064681642296,1.2941021298739903,ROI_corner_2,two_nonoverlap,0,67.30335913233846,-1.091677404463252,0.0,True,True,10050940605.98674,10051897377.054438,True,geometry_identified_not_vendor_exact,,,,,
0.7998723908970664,2.211013616705301,1.5063307379015096,1.5054430038011837,1.4111412258082345,ROI_corner_2,two_nonoverlap,1,62.17014728368656,0.0,1.091677404463252,False,False,9284371936.669703,9285961962.174736,True,geometry_identified_not_vendor_exact,,,,,
0.8560228186425763,2.211013616705301,1.5343367611704624,1.5335182176739386,1.3549907980627247,ROI_corner_2,two_nonoverlap,1,64.73675320801252,0.0,1.091677404463252,True,True,9667663999.781076,9669201860.357758,True,geometry_identified_not_vendor_exact,,,,,
0.9078757058673577,2.211013616705301,1.5602017989996169,1.5594446612863293,1.3031379108379433,ROI_corner_2,two_nonoverlap,1,67.30335913233846,0.0,1.091677404463252,True,True,10050956062.892447,10052445736.509712,True,geometry_identified_not_vendor_exact,,,,,
2.68743139743464,3.636474178464733,3.1623557973726752,3.1619527879496863,0.949042781030093,ROI_corner_2,three_nonoverlap,0,62.17014728368656,-1.1111673204222876,-0.3704294586003051,False,False,9284430424.972574,9285456095.024832,True,geometry_identified_not_vendor_exact,,,,,
2.668566101051977,3.5801664194618446,3.1247380660740727,3.1243662602569104,0.9116003184098678,ROI_corner_2,three_nonoverlap,0,64.73675320801252,-1.1111673204222876,-0.3704294586003051,True,True,9667716481.243427,9668694120.479984,True,geometry_identified_not_vendor_exact,,,,,
2.6511379602922123,3.528138095934396,3.089982118851814,3.0896380281133045,0.8770001356421839,ROI_corner_2,three_nonoverlap,0,67.30335913233846,-1.1111673204222876,-0.3704294586003051,True,True,10051002995.647375,10051936266.474184,True,geometry_identified_not_vendor_exact,,,,,
1.7335328762197755,2.68743139743464,2.2108884190100517,2.2104821368272076,0.9538985212148645,ROI_corner_2,three_nonoverlap,1,62.17014728368656,-0.3704294586003051,0.3703084032216775,False,False,9284357658.810207,9284616346.743122,True,geometry_identified_not_vendor_exact,,,,,
1.7524867233940435,2.668566101051977,2.210901117376432,2.21052641222301,0.9160793776579332,ROI_corner_2,three_nonoverlap,1,64.73675320801252,-0.3704294586003051,0.3703084032216775,True,True,9667649132.099726,9667902406.7109,True,geometry_identified_not_vendor_exact,,,,,
1.7699932566104497,2.6511379602922123,2.21091227981461,2.210565608451331,0.8811447036817626,ROI_corner_2,three_nonoverlap,1,67.30335913233846,-0.3704294586003051,0.3703084032216775,True,True,10050940605.669926,10051188924.534641,True,geometry_identified_not_vendor_exact,,,,,
0.7747391310393597,1.7335328762197755,1.2545455937178327,1.2541360036295677,0.9587937451804158,ROI_corner_2,three_nonoverlap,2,62.17014728368656,0.3703084032216775,1.11104626504366,False,False,9284616346.743122,9286013931.064167,True,geometry_identified_not_vendor_exact,,,,,
0.8318933152285386,1.7524867233940435,1.292567653704666,1.292190019311291,0.920593408165505,ROI_corner_2,three_nonoverlap,2,64.73675320801252,0.3703084032216775,1.11104626504366,True,True,9667902406.7109,9669251962.113514,True,geometry_identified_not_vendor_exact,,,,,
0.8846728638837505,1.7699932566104497,1.327682337833197,1.3273330602471,0.8853203927266992,ROI_corner_2,three_nonoverlap,2,67.30335913233846,0.3703084032216775,1.11104626504366,True,True,10051188924.534641,10052494113.490812,True,geometry_identified_not_vendor_exact,,,,,
,,,,,ROI_corner_3,two_nonoverlap,0,62.17014728368656,-1.091677404463252,0.0,False,,,,False,not_identifiable_outside_geometry_support,band outside geometric support,-0.017557706899550742,0.0,-0.01583782553367932,0.030212509918912743
,,,,,ROI_corner_3,two_nonoverlap,0,64.73675320801252,-1.091677404463252,0.0,False,,,,False,not_identifiable_outside_geometry_support,band outside geometric support,-0.016861734442933058,0.0,-0.01583782553367932,0.030212509918912743
,,,,,ROI_corner_3,two_nonoverlap,0,67.30335913233846,-1.091677404463252,0.0,False,,,,False,not_identifiable_outside_geometry_support,band outside geometric support,-0.016218829116275858,0.0,-0.01583782553367932,0.030212509918912743
1.0291919015940723,2.4375064998371716,1.7342350722111046,1.733349200715622,1.4083145982430993,ROI_corner_3,two_nonoverlap,1,62.17014728368656,0.0,1.091677404463252,False,False,9301276691.324993,9302770694.776724,True,geometry_identified_not_vendor_exact,,,,,
1.0852298362204573,2.4375064998371716,1.7621849941196381,1.7613681680288145,1.3522766636167143,ROI_corner_3,two_nonoverlap,1,64.73675320801252,0.0,1.091677404463252,True,True,9685266643.139277,9686708572.668007,True,geometry_identified_not_vendor_exact,,,,,
1.1369788415461166,2.4375064998371716,1.787998219861144,1.787242670691644,1.300527658291055,ROI_corner_3,two_nonoverlap,1,67.30335913233846,0.0,1.091677404463252,True,True,10069256594.953556,10070650421.627356,True,geometry_identified_not_vendor_exact,,,,,
,,,,,ROI_corner_3,three_nonoverlap,0,62.17014728368656,-1.1111673204222876,-0.3704294586003051,False,,,,False,not_identifiable_outside_geometry_support,band outside geometric support,-0.017871101693554572,-0.005958246703156359,-0.01583782553367932,0.030212509918912743
,,,,,ROI_corner_3,three_nonoverlap,0,64.73675320801252,-1.1111673204222876,-0.3704294586003051,False,,,,False,not_identifiable_outside_geometry_support,band outside geometric support,-0.01716271147224295,-0.005722026475209748,-0.01583782553367932,0.030212509918912743
,,,,,ROI_corner_3,three_nonoverlap,0,67.30335913233846,-1.1111673204222876,-0.3704294586003051,False,,,,False,not_identifiable_outside_geometry_support,band outside geometric support,-0.016508334689060628,-0.005503822142182847,-0.01583782553367932,0.030212509918912743
1.960982077725181,2.912970206405785,2.4373815721147807,2.436976142065483,0.951988128680604,ROI_corner_3,three_nonoverlap,1,62.17014728368656,-0.3704294586003051,0.3703084032216775,False,False,9301270495.445753,9301489046.122164,True,geometry_identified_not_vendor_exact,,,,,
1.9798979611253271,2.8941426874643064,2.437394243554983,2.4370203242948167,0.9142447263389792,ROI_corner_3,three_nonoverlap,1,64.73675320801252,-0.3704294586003051,0.3703084032216775,True,True,9685260191.37142,9685473005.346807,True,geometry_identified_not_vendor_exact,,,,,
1.9973694296496654,2.8767494464514884,2.4374053823107906,2.437059438050577,0.8793800168018231,ROI_corner_3,three_nonoverlap,1,67.30335913233846,-0.3704294586003051,0.3703084032216775,True,True,10069249887.38636,10069457421.621521,True,geometry_identified_not_vendor_exact,,,,,
1.004108994814819,1.960982077725181,1.4829542668706042,1.48254553627,0.956873082910362,ROI_corner_3,three_nonoverlap,2,62.17014728368656,0.3703084032216775,1.11104626504366,False,False,9301489046.122164,9302820918.585667,True,geometry_identified_not_vendor_exact,,,,,
1.0611486742333756,1.9798979611253271,1.5209001596569813,1.5205233176793513,0.9187492868919516,ROI_corner_3,three_nonoverlap,2,64.73675320801252,0.3703084032216775,1.11104626504366,True,True,9685473005.346807,9686756932.57751,True,geometry_identified_not_vendor_exact,,,,,
1.1138224838898432,1.9973694296496654,1.5559445014565298,1.5555959567697544,0.8835469457598222,ROI_corner_3,three_nonoverlap,2,67.30335913233846,0.3703084032216775,1.11104626504366,True,True,10069457421.621521,10070697059.753502,True,geometry_identified_not_vendor_exact,,,,,
