collect_name,collect_id,acquisition_key,datetime_utc,station_id,station_km,roi_m,duration_s,T_resolvable_max_s,phase_at_Tmax_deg,min_complex_GB,incidence_deg,view_azimuth_deg,local_range_axis_deg,roi_lat,roi_lon,sicd_bytes,cphd_bytes
2023-09-17-01-34-01_UMBRA-04,49f361da-72cd-4650-915f-5aff70bcb397,collect:49f361da-72cd-4650-915f-5aff70bcb397,2023-09-17T01:34:01.500000Z,44063,0.793678028792871,1500.0,2.999999,9.803366202643659,71.60803253587454,0.237113536,69.83322334098989,116.17331719774273,296.17331719774273,38.96738575413416,-76.45524262447293,237113536.0,2424486400.0
2023-07-05-15-31-02_UMBRA-04,7e6c56c1-9028-4539-a0dc-6c1fcd3dbb0d,collect:7e6c56c1-9028-4539-a0dc-6c1fcd3dbb0d,2023-07-05T15:31:02Z,44087,6.5305978029449845,1500.0,2.0,9.803366202643659,47.73870427015112,0.241548534,58.86034919312384,298.1533446701172,118.15334467011718,36.96925475907257,-76.16796037938506,241548534.0,2319271232.0
2023-07-05-15-30-42_UMBRA-05,1675384d-5bae-4402-8cf0-4c105074dbec,collect:1675384d-5bae-4402-8cf0-4c105074dbec,2023-07-05T15:30:42Z,44064,6.456262684032123,1500.0,2.0,9.803366202643659,47.73870427015112,0.245361866,58.81445876833966,299.92652692871656,119.92652692871656,36.957792292708454,-76.13943404199021,245361866.0,2380797160.0
2023-01-23-02-45-07_UMBRA-04,3589be58-8d5e-4a0c-a2ae-a2865fa5da46,collect:3589be58-8d5e-4a0c-a2ae-a2865fa5da46,2023-01-23T02:45:07Z,44063,7.021397711582972,1500.0,4.0,9.803366202643659,95.47740854030224,0.246000745,58.89425170445302,247.39111717390148,67.39111717390148,38.991824156596714,-76.37573005953489,246000745.0,1342119488.0
2023-09-16-01-48-30_UMBRA-04,5fa5b62d-9020-468a-ad56-11ace815567f,collect:5fa5b62d-9020-468a-ad56-11ace815567f,2023-09-16T01:48:30Z,44063,0.8031506327405639,1500.0,2.0,9.803366202643659,47.73870427015112,0.248423092,56.05330743114581,118.05371189984734,298.05371189984737,38.96778377814756,-76.4549600601498,248423092.0,1730321984.0
2023-07-05-15-30-28_UMBRA-05,d0ba7e43-1513-41f8-9ce5-85ea52e5d505,collect:d0ba7e43-1513-41f8-9ce5-85ea52e5d505,2023-07-05T15:30:28.500000Z,44064,3.69348159400845,1500.0,2.999999,9.803366202643659,71.60803253587454,0.250492844,59.834443860205724,306.6302376680642,126.63023766806418,36.98243086009172,-76.12373473402296,250492844.0,
2023-09-16-01-49-09_UMBRA-05,2128cdc6-e28a-4ea8-8966-7390d322d0c2,collect:2128cdc6-e28a-4ea8-8966-7390d322d0c2,2023-09-16T01:49:09Z,44063,0.8007812301801771,1500.0,1.999999,9.803366202643659,47.738680400798984,0.255583954,55.302005291608296,118.41710604225763,298.4171060422576,38.96779454889877,-76.45491110506997,255583954.0,1766954688.0
2023-06-09-06-41-04_UMBRA-06,5397ff61-88f0-46eb-aee9-55ed3b1667ec,collect:5397ff61-88f0-46eb-aee9-55ed3b1667ec,2023-06-09T06:41:04.100000Z,46216,8.340523812049703,1000.0,2.199999,8.004414986040972,64.31447731005545,0.55664419,20.45608146843081,86.52170549220976,266.5217054922098,34.408002371685924,-119.80188390185693,556644190.0,3157275264.0
2023-10-23-05-06-54_UMBRA-04,4be0988d-051b-4449-95da-cd7a3c47a69c,collect:4be0988d-051b-4449-95da-cd7a3c47a69c,2023-10-23T05:06:54Z,46242,5.954955853817021,1000.0,2.0,8.004414986040972,58.46773322174734,1.06485189,19.419245174236124,233.56423869606536,53.56423869606536,33.18412031883015,-117.39148498099173,1064851890.0,6715789984.0
2023-07-13-15-17-44_UMBRA-04,a47d6d61-a598-4dca-a889-99ff21ba95c4,collect:a47d6d61-a598-4dca-a889-99ff21ba95c4,2023-07-13T15:17:44.400000Z,44063,2.899444694498333,1000.0,6.800001,8.004414986040972,198.79032218780756,1.613523956,46.62432657341658,327.2821126245641,147.2821126245641,38.98257890181444,-76.47015169884547,1613523956.0,
2023-10-28-14-40-48_UMBRA-05,287ea394-97e6-4287-9a05-007dbc8a160b,collect:287ea394-97e6-4287-9a05-007dbc8a160b,2023-10-28T14:40:48.500000Z,44061,7.652332606504406,1000.0,5.0,8.004414986040972,146.16933305436834,2.294981912,49.09369234939158,125.87625856220224,305.8762585622022,38.85631567673957,-77.02533649026907,2294981912.0,14702109568.0
2023-08-08-06-22-41_UMBRA-06,2402c123-008e-4324-b53f-c00daac7d1f9,collect:2402c123-008e-4324-b53f-c00daac7d1f9,2023-08-08T06:22:41.799999Z,46277,7.84875226775388,1000.0,3.599998,8.004414986040972,105.24186133141197,2.361332497,33.11561935683237,79.52829775052946,259.5282977505295,33.39424141607214,-117.61125258821521,2361332497.0,12658877920.0
2025-03-31-21-51-37_UMBRA-09,1424a3c8-7285-4210-b965-069514c13a2a,collect:1424a3c8-7285-4210-b965-069514c13a2a,2025-03-31T21:51:37.800000Z,51209,6.933265116772323,1500.0,3.6,9.803366202643659,85.92966768627201,2.551099862,20.19180819919592,60.27141457205895,240.27141457205894,-14.286579014933421,-170.56379591085346,2551099862.0,
2024-01-14-16-04-15_UMBRA-08,0428cb6c-dec7-44dd-82d1-effe3ae8013f,collect:0428cb6c-dec7-44dd-82d1-effe3ae8013f,2024-01-14T16:04:15.100000Z,41118,1.7828860918846383,1000.0,6.2,8.004414986040972,181.24997298741675,2.649615035,18.289914878358104,74.03484614954509,254.0348461495451,28.62217581498927,-80.60040821007465,2649615035.0,
2024-02-14-01-22-39_UMBRA-04,5b7b221a-2378-475f-a242-695b65bcbee3,collect:5b7b221a-2378-475f-a242-695b65bcbee3,2024-02-14T01:22:39.500000Z,42087,8.271497051250241,1500.0,5.0,9.803366202643659,119.3467606753778,3.091208933,31.255348291253576,120.1587811856694,300.1587811856694,11.136399414465185,-60.79059883295164,3091208933.0,
2024-04-27-15-43-02_UMBRA-08,60dc7e0f-4198-4d91-a4bc-af9bc7186d42,collect:60dc7e0f-4198-4d91-a4bc-af9bc7186d42,2024-04-27T15:43:02.600000Z,41118,2.4642191095862236,1000.0,5.2,8.004414986040972,152.01610637654306,3.211643596,49.6827153508633,85.75844508394913,265.75844508394914,28.600343162694198,-80.61323663899103,3211643596.0,
2024-10-24-20-37-20_UMBRA-08,291377d0-6fa4-49ef-9ba7-ac3f3dfed580,collect:291377d0-6fa4-49ef-9ba7-ac3f3dfed580,2024-10-24T20:37:20Z,51202,6.929924136539762,1000.0,10.0,8.004414986040972,292.3386661087367,3.448863453,66.82565224973635,55.271424316356565,235.27142431635656,21.353805303181243,-157.69833850249918,3448863453.0,
2024-02-13-01-46-35_UMBRA-04,7ce83bef-b40d-49ff-8294-ec027017bb6f,collect:7ce83bef-b40d-49ff-8294-ec027017bb6f,2024-02-13T01:46:35.500000Z,42087,8.553846139635088,1500.0,7.000001,9.803366202643659,167.08548881488107,3.478753532,49.08613234210874,233.71088555359358,53.710885553593585,11.132876565265317,-60.7903338817964,3478753532.0,
2023-12-06-14-30-43_UMBRA-05,e19dcc0f-23a4-4f5b-93b0-c39d7c21832e,collect:e19dcc0f-23a4-4f5b-93b0-c39d7c21832e,2023-12-06T14:30:43.600000Z,44063,3.7827745274401554,1000.0,7.199999,8.004414986040972,210.48381036442382,3.833331948,53.24017745358966,105.73749670488888,285.7374967048889,38.98828913862403,-76.47726956542635,3833331948.0,
2024-05-02-06-27-33_UMBRA-08,128c481e-0a77-4b5e-89e5-6e46839728aa,collect:128c481e-0a77-4b5e-89e5-6e46839728aa,2024-05-02T06:27:33.300000Z,46240,9.407525094340228,1500.0,6.599999,9.803366202643659,157.53770022214655,4.311066344,44.996115786656205,217.26638280872075,37.26638280872075,36.57700238342714,-121.99291318928083,4311066344.0,
2024-02-14-14-24-58_UMBRA-07,6a7eb81d-8796-4347-9c02-89dc23c82a89,collect:6a7eb81d-8796-4347-9c02-89dc23c82a89,2024-02-14T14:24:58.400000Z,42087,8.982078226424996,1500.0,6.8,9.803366202643659,162.3115945185138,4.452789981,40.34865699735713,80.32792085334957,260.32792085334955,11.13168373061879,-60.786147925727114,4452789981.0,
2023-07-13-15-18-26_UMBRA-04,05ae2840-c67e-4cb9-bc49-38bde47d6a4c,collect:05ae2840-c67e-4cb9-bc49-38bde47d6a4c,2023-07-13T15:18:26.200000Z,44087,6.530827783492814,1500.0,6.399999,9.803366202643659,152.76382979513144,4.599968004,48.0774974546915,314.3659276965302,134.3659276965302,36.969253967818624,-76.16796670969839,4599968004.0,23521208768.0
2024-10-28-20-55-34_UMBRA-08,bce7a44e-29f1-4f91-88fe-32c862d67072,collect:bce7a44e-29f1-4f91-88fe-32c862d67072,2024-10-28T20:55:34.599998Z,51202,7.3383651648436015,1000.0,5.199996,8.004414986040972,152.0159894410766,4.76877899,35.36420868378782,57.22068373990308,237.22068373990308,21.34951880497095,-157.69609491187813,4768778990.0,
2025-08-13-02-20-45_UMBRA-05,5200ff82-872c-4823-9238-5b825d24e9fd,collect:5200ff82-872c-4823-9238-5b825d24e9fd,2025-08-13T02:20:45.600000Z,44063,7.136809060531425,1500.0,9.2,9.803366202643659,219.5980396426951,5.903303146,36.09814352916978,263.45651417498505,83.45651417498505,38.9919954537418,-76.37434373148989,5903303146.0,21601065472.0
2025-05-02-18-46-08_UMBRA-10,f0cefc3b-d93c-4507-bae3-3df650d3454a,collect:f0cefc3b-d93c-4507-bae3-3df650d3454a,2025-05-02T18:46:13Z,46256,4.61558664697609,1500.0,8.0,9.803366202643659,190.95481708060447,6.071946974,28.20391184139725,104.31129223928446,284.31129223928446,33.73656483653886,-118.22462044575839,6071946974.0,
2025-05-05-18-36-52_UMBRA-10,2d6c50fb-6167-4ce6-b791-c5fbaa5ef11d,collect:2d6c50fb-6167-4ce6-b791-c5fbaa5ef11d,2025-05-05T18:36:52.800001Z,46256,4.790096856309546,1500.0,9.600002,9.803366202643659,229.14582823542963,6.071947511,44.63489724892374,94.56213418171248,274.5621341817125,33.73761401959793,-118.22624521274035,6071947511.0,26668274624.0
2025-09-10-18-47-51_UMBRA-10,f7033730-cb4a-418a-a7b7-de4e4dd8dbde,collect:f7033730-cb4a-418a-a7b7-de4e4dd8dbde,2025-09-10T18:47:51.500000Z,46256,4.810748885709791,1500.0,9.0,9.803366202643659,214.82416921568003,6.207892738,40.32294551935666,93.03362941492473,273.03362941492475,33.737797251315925,-118.22630866858933,6207892738.0,
2025-07-19-17-52-28_UMBRA-05,0ca8239f-4909-43c3-b5fd-780bc8229a48,collect:0ca8239f-4909-43c3-b5fd-780bc8229a48,2025-07-19T17:52:28.699999Z,46256,4.527188071779626,1500.0,7.399998,9.803366202643659,176.63315806085487,6.207892751,44.44645567248092,292.04880153858323,112.04880153858323,33.73591548106904,-118.2240536319047,6207892751.0,21361299520.0
2025-05-16-05-43-49_UMBRA-08,086d1d59-28d4-414d-a63b-fa2cbb0b0203,collect:086d1d59-28d4-414d-a63b-fa2cbb0b0203,2025-05-16T05:43:49.200000Z,46256,4.733234812296208,1500.0,8.4,9.803366202643659,200.50255793463472,6.258986234,44.4321931253335,84.09833647870963,264.0983364787096,33.73718558306732,-118.22590651554518,6258986234.0,22977579264.0
2025-06-06-17-57-35_UMBRA-07,a06096c7-465a-42d8-a14c-627261d3cb56,collect:a06096c7-465a-42d8-a14c-627261d3cb56,2025-06-06T17:57:40.100001Z,46256,4.726431984067844,1500.0,8.200002,9.803366202643659,195.72873524632385,6.272671444,23.151067177097076,94.919866361536,274.919866361536,33.73698013168289,-118.22619592031621,6272671444.0,
2025-10-21-18-45-08_UMBRA-08,195cc48d-6270-4170-a4ed-88483549bf1f,collect:195cc48d-6270-4170-a4ed-88483549bf1f,2025-10-21T18:45:08.100000Z,46256,4.821335480634166,1500.0,6.199999,9.803366202643659,147.98995936811636,6.30643021,36.054239896411694,92.47103283283955,272.47103283283957,33.73786733468236,-118.22639261780593,6306430210.0,21344091584.0
2026-02-19-19-35-09_UMBRA-09,087347a9-df85-40c4-9355-a357c091b9f1,collect:087347a9-df85-40c4-9355-a357c091b9f1,2026-02-19T19:35:09.500000Z,46256,6.683208242702551,1000.0,10.999999,8.004414986040972,321.57250348574377,6.377671547,35.984627328091776,274.03272219638944,94.03272219638944,33.72395289608636,-118.26726801289124,6377671547.0,26621249728.0
2025-10-23-18-41-37_UMBRA-08,ce51055b-a010-49a1-ac5c-89a9ece3c604,collect:ce51055b-a010-49a1-ac5c-89a9ece3c604,2025-10-23T18:41:37.600000Z,46256,4.850655062236885,1500.0,7.2,9.803366202643659,171.85933537254402,6.386719982,44.47076553662765,89.0236531887969,269.0236531887969,33.73805714495072,-118.22663410124169,6386719982.0,20208439136.0
2025-09-02-17-38-37_UMBRA-07,9596d83c-bf52-44a6-881a-900389a01308,collect:9596d83c-bf52-44a6-881a-900389a01308,2025-09-02T17:38:37.700000Z,46256,5.482553091685662,1500.0,9.4,9.803366202643659,224.37191006971025,6.38671999,39.51726426747508,90.53545270310244,270.53545270310246,33.74453299711566,-118.22644410768908,6386719990.0,
2025-10-31-06-10-16_UMBRA-10,143b0c98-b59f-42e2-bc2b-4509de59033c,collect:143b0c98-b59f-42e2-bc2b-4509de59033c,2025-10-31T06:10:16.300000Z,46256,4.497165067058256,1500.0,8.6,9.803366202643659,205.2764283616498,6.423215357,41.142189001891495,64.9653118196818,244.9653118196818,33.73571224963022,-118.22382184664887,6423215357.0,27481839616.0
2025-06-22-04-38-15_UMBRA-05,729f8d64-e1c4-4210-ba50-0d6b774ee17e,collect:729f8d64-e1c4-4210-ba50-0d6b774ee17e,2025-06-22T04:38:15.500000Z,46256,4.568587631147035,1500.0,7.0,9.803366202643659,167.0854649455289,6.423235315,41.00532729934255,65.6318076128687,245.6318076128687,33.736417191849114,-118.22387006019892,6423235315.0,21864912448.0
2025-06-25-18-41-07_UMBRA-09,dc9592e7-681d-4d14-8619-00043e4fe763,collect:dc9592e7-681d-4d14-8619-00043e4fe763,2025-06-25T18:41:12.800000Z,46256,4.81880270246427,1500.0,9.600001,9.803366202643659,229.14580436607753,6.503504619,43.160387197690135,87.35018565981993,267.35018565981994,33.73784820089245,-118.22637763955946,6503504619.0,
2025-05-21-17-42-54_UMBRA-05,184f3bba-6396-4247-a548-1c50cb77b623,collect:184f3bba-6396-4247-a548-1c50cb77b623,2025-05-21T17:42:54.699999Z,46256,5.685645550016866,1500.0,7.399998,9.803366202643659,176.63315806085487,6.557031699,34.63008894514658,294.5022416752937,114.5022416752937,33.74570470563919,-118.22856354183521,6557031699.0,24129010000.0
2025-03-21-02-59-06_UMBRA-08,58fc3076-2de6-4609-8d56-a72ead98686c,collect:58fc3076-2de6-4609-8d56-a72ead98686c,2025-03-21T02:59:06.400000Z,44063,2.8098033426869558,1000.0,6.799999,8.004414986040972,198.79026372007434,6.55705164,23.730231014711208,67.13870827611761,247.1387082761176,38.98086370850007,-76.47098816207144,6557051640.0,31985182336.0
2025-07-15-17-19-19_UMBRA-05,498d1fd4-e209-40b3-a7df-6a5bb8f39b5a,collect:498d1fd4-e209-40b3-a7df-6a5bb8f39b5a,2025-07-15T17:19:19.900000Z,46256,4.7598265619312015,1500.0,7.800001,9.803366202643659,186.1809705229415,6.638994191,42.623722074668095,84.89908913410989,264.8990891341099,33.737546857900554,-118.22571483033471,6638994191.0,22119198680.0
2025-10-29-04-58-12_UMBRA-05,c47be599-a2b4-4b27-be7f-99977d9f3f18,collect:c47be599-a2b4-4b27-be7f-99977d9f3f18,2025-10-29T04:58:12.200000Z,46256,4.830014176745859,1500.0,6.399999,9.803366202643659,152.76382979513144,6.638994193,43.471152650545385,91.22928807272407,271.2292880727241,33.73786901552486,-118.22658110407978,6638994193.0,18140087232.0
2025-10-17-04-54-25_UMBRA-05,157867ea-7fe9-4fe3-bdab-b9ca2f49b449,collect:157867ea-7fe9-4fe3-bdab-b9ca2f49b449,2025-10-17T04:54:25.500000Z,46256,4.827467256795526,1500.0,7.0,9.803366202643659,167.0854649455289,6.6389942,43.628251098761616,91.31040786387824,271.31040786387825,33.73784855796476,-118.22656865772022,6638994200.0,19140207264.0
2025-10-15-18-47-59_UMBRA-08,b993a9dc-39fe-4109-9c30-ab10f0cada93,collect:b993a9dc-39fe-4109-9c30-ab10f0cada93,2025-10-15T18:47:59.100000Z,46256,4.8622994068766205,1500.0,6.199999,9.803366202643659,147.98995936811636,6.651311346,25.981893634509362,90.34915170931635,270.34915170931635,33.73813839676285,-118.22671732681353,6651311346.0,25564352272.0
2025-10-30-05-24-50_UMBRA-05,4396351c-38df-499e-bc0d-46f24aab66f5,collect:4396351c-38df-499e-bc0d-46f24aab66f5,2025-10-30T05:24:50.199999Z,46256,4.552113121405276,1500.0,6.399998,9.803366202643659,152.7638059257793,6.651311369,43.0543090953652,244.7355974388102,64.7355974388102,33.73627901053796,-118.22380335207565,6651311369.0,18089286752.0
2025-03-08-04-29-55_UMBRA-05,2af8806d-7f30-4152-a259-a9b056d9a606,collect:2af8806d-7f30-4152-a259-a9b056d9a606,2025-03-08T04:29:55.400000Z,46256,4.864655556403609,1500.0,8.800001,9.803366202643659,210.05032265801705,6.651311376,42.476851655843404,90.24093526262989,270.2409352626299,33.7381558128376,-118.22673207380312,6651311376.0,24456242880.0
2025-02-22-05-40-27_UMBRA-08,adbf8482-698b-4d63-9b45-b69ee8242be2,collect:adbf8482-698b-4d63-9b45-b69ee8242be2,2025-02-22T05:40:32.400000Z,46256,4.8673571081038896,1500.0,8.8,9.803366202643659,210.05029878866495,6.676243001,43.30543122328302,90.60383152943227,270.6038315294323,33.73810861821883,-118.22689237831507,6676243001.0,
2025-07-29-19-20-43_UMBRA-10,c0cf1c96-57b1-40f7-947f-619d3ce6c139,collect:c0cf1c96-57b1-40f7-947f-619d3ce6c139,2025-07-29T19:20:48.800000Z,46256,5.122866547634101,1500.0,9.600001,9.803366202643659,229.14580436607753,6.676249843,40.23563296469695,299.0324109444296,119.03241094442961,33.74208482719599,-118.22353770099919,6676249843.0,
2025-02-02-17-10-12_UMBRA-05,3cda7afb-5138-46fa-afa9-b2d5a314480c,collect:3cda7afb-5138-46fa-afa9-b2d5a314480c,2025-02-02T17:10:12.299998Z,46256,4.788648898356716,1500.0,8.599997,9.803366202643659,205.2763567535934,6.676249879,39.76876985708541,85.72578145011488,265.7257814501149,33.7376485744301,-118.22613842832065,6676249879.0,25052438152.0
2025-01-09-18-05-27_UMBRA-07,4c905a19-1d40-4937-a474-954642327a7f,collect:4c905a19-1d40-4937-a474-954642327a7f,2025-01-09T18:05:27Z,46256,4.725700763119543,1500.0,9.999999,9.803366202643659,238.6934974814035,6.676269807,42.33597357444949,84.44043582548845,264.44043582548846,33.73723746613213,-118.2256256554767,6676269807.0,27955341632.0
2025-08-03-17-22-24_UMBRA-05,ef2f57f9-7f5a-42b7-8288-f80ab4482d8f,collect:ef2f57f9-7f5a-42b7-8288-f80ab4482d8f,2025-08-03T17:22:28.799998Z,46256,4.778081463054795,1500.0,7.599997,9.803366202643659,181.40700461851785,6.690848008,40.45953402456449,85.15607188030872,265.15607188030873,33.73757677576389,-118.22605850306246,6690848008.0,
2025-08-27-06-23-48_UMBRA-08,cf156086-4f79-473c-a06f-49ff6a511448,collect:cf156086-4f79-473c-a06f-49ff6a511448,2025-08-27T06:23:48.600000Z,46256,4.47983847402957,1500.0,7.2,9.803366202643659,171.85933537254402,6.706054378,38.185862655056354,245.87079180919736,65.87079180919736,33.73577338781511,-118.22327863175558,6706054378.0,
2025-09-18-06-27-15_UMBRA-08,f01c44c2-334b-42b1-a250-b93ddbc16c73,collect:f01c44c2-334b-42b1-a250-b93ddbc16c73,2025-09-18T06:27:15.800000Z,46256,5.602273070654435,1500.0,7.6,9.803366202643659,181.40707622657425,6.706054379,40.88966849388557,245.03808367017382,65.03808367017382,33.745538974552915,-118.22691486718217,6706054379.0,
2025-05-26-05-00-03_UMBRA-05,43961fbd-7a58-4260-868c-d699777b6b1c,collect:43961fbd-7a58-4260-868c-d699777b6b1c,2025-05-26T05:00:03.300001Z,46256,4.532832510575574,1500.0,6.600002,9.803366202643659,157.53777183020296,6.706054398,25.612079974126047,248.38999114682804,68.38999114682804,33.73595248729204,-118.22409987377591,6706054398.0,28385357760.0
2025-02-11-05-58-36_UMBRA-07,caf016b4-14cf-43db-ba00-2a46d28805c2,collect:caf016b4-14cf-43db-ba00-2a46d28805c2,2025-02-11T05:58:41.800000Z,46256,4.562600551206441,1500.0,9.600001,9.803366202643659,229.14580436607753,6.744367645,39.38730449622914,245.2961662070805,65.29616620708049,33.73636781421767,-118.22384388754635,6744367645.0,
2025-10-14-06-42-09_UMBRA-09,af26060a-e20c-4338-908e-078c17c72c1b,collect:af26060a-e20c-4338-908e-078c17c72c1b,2025-10-14T06:42:09.500000Z,46256,4.570344711235018,1500.0,8.999999,9.803366202643659,214.82414534632795,6.744374508,36.28995594766894,245.73121242762863,65.73121242762863,33.736430722157415,-118.22387995278275,6744374508.0,28352355144.0
2025-07-09-19-16-10_UMBRA-10,1cf894c6-0ec7-486a-9896-50bf38f55219,collect:1cf894c6-0ec7-486a-9896-50bf38f55219,2025-07-09T19:16:10.400000Z,46256,5.578715610387614,1500.0,8.8,9.803366202643659,210.05029878866495,6.744374512,33.91086750031626,297.2108306958828,117.2108306958828,33.74534103570136,-118.22682223926631,6744374512.0,29247089112.0
2025-10-05-06-09-09_UMBRA-10,95dfe75d-953a-408a-b46f-58b005f90293,collect:95dfe75d-953a-408a-b46f-58b005f90293,2025-10-05T06:09:09.700000Z,46256,4.869382855305706,1500.0,9.4,9.803366202643659,224.37191006971025,6.744374515,39.27049854409439,90.00072327085782,270.0007232708578,33.73818390822703,-118.2267763273709,6744374515.0,27652238016.0
2025-03-28-04-56-26_UMBRA-05,287dd7be-f012-4b1a-b9c1-77e766c0f876,collect:287dd7be-f012-4b1a-b9c1-77e766c0f876,2025-03-28T04:56:26.500000Z,46256,4.531662583268693,1500.0,7.0,9.803366202643659,167.0854649455289,6.744374529,24.468595754871203,248.28398256152047,68.28398256152047,33.73594470796886,-118.22409053585208,6744374529.0,30430704384.0
2025-06-10-05-48-48_UMBRA-08,839154f3-0ba9-4a38-a3f3-46c3c620ed64,collect:839154f3-0ba9-4a38-a3f3-46c3c620ed64,2025-06-10T05:48:48Z,46256,4.868300390786398,1500.0,8.0,9.803366202643659,190.95481708060447,6.74439447,38.96734042119754,90.35627373393615,270.3562737339362,33.73814078017517,-118.22684462087469,6744394470.0,23877788224.0
2025-01-28-18-43-31_UMBRA-10,870deb63-9c78-4ecb-89bf-d9ce779488da,collect:870deb63-9c78-4ecb-89bf-d9ce779488da,2025-01-28T18:43:31.300000Z,46256,4.86242772516613,1500.0,8.600001,9.803366202643659,205.27645223100197,6.744394488,25.007704479103083,89.69799077921779,269.6979907792178,33.7381307061688,-118.22673663798727,6744394488.0,36053750432.0
2024-03-21-14-41-55_UMBRA-05,06e014c2-dd98-473b-bc33-c5f3d4008c9e,collect:06e014c2-dd98-473b-bc33-c5f3d4008c9e,2024-03-21T14:41:55.699999Z,41118,3.262257080346618,1000.0,7.399998,8.004414986040972,216.33055445273192,6.746624757,45.02021011304715,80.0484017307654,260.0484017307654,28.60519049304148,-80.62313472723815,6746624757.0,
2025-10-18-06-12-59_UMBRA-10,153ca815-eaa4-418c-8f65-b62f9840e79f,collect:153ca815-eaa4-418c-8f65-b62f9840e79f,2025-10-18T06:12:59.400000Z,46256,4.8463651816446776,1500.0,8.8,9.803366202643659,210.05029878866495,6.774483196,34.10197782863969,89.06244621458649,269.0624462145865,33.73801011929383,-118.22664008956063,6774483196.0,28735527552.0
2025-10-22-18-57-02_UMBRA-10,c808e026-5291-4dba-9eb8-4ee20443f2ce,collect:c808e026-5291-4dba-9eb8-4ee20443f2ce,2025-10-22T18:57:02Z,46256,4.832607713976476,1500.0,7.999999,9.803366202643659,190.95479321125234,6.774483201,29.427602090633812,88.08864148314079,268.0886414831408,33.737937737204035,-118.22649103804945,6774483201.0,31012937472.0
2025-09-24-05-14-16_UMBRA-05,5d4c153c-79d1-4a13-8daa-8da424221541,collect:5d4c153c-79d1-4a13-8daa-8da424221541,2025-09-24T05:14:16.199999Z,46256,5.592041552679227,1500.0,6.399998,9.803366202643659,152.7638059257793,6.774483202,31.2996984893011,246.49629390555776,66.49629390555776,33.74545300591102,-118.22687463710068,6774483202.0,22751582624.0
2025-10-07-04-57-15_UMBRA-05,995b2a4b-f60c-49df-867d-aaca75e808ae,collect:995b2a4b-f60c-49df-867d-aaca75e808ae,2025-10-07T04:57:15Z,46256,4.857380582818865,1500.0,5.999999,9.803366202643659,143.21608894110122,6.774483231,30.801193544268124,89.45374298680478,269.4537429868048,33.73811275575063,-118.22666354802446,6774483231.0,22109516864.0
2025-07-24-04-49-27_UMBRA-05,69d997b2-4534-46f4-9b0f-4d67df88f719,collect:69d997b2-4534-46f4-9b0f-4d67df88f719,2025-07-24T04:49:27.199999Z,46256,4.832704474688816,1500.0,6.399998,9.803366202643659,152.7638059257793,6.77450314,21.84170742997445,88.09390179114133,268.0939017911413,33.737939081968484,-118.22649028982183,6774503140.0,30426658368.0
2025-05-10-04-39-48_UMBRA-05,6f53867d-9095-432c-af7f-9ddaae596288,collect:6f53867d-9095-432c-af7f-9ddaae596288,2025-05-10T04:39:48.400000Z,46256,4.853316929710853,1500.0,6.800001,9.803366202643659,162.31161838786593,6.774503169,29.667855510375112,89.14872905767768,269.14872905767766,33.73807658382422,-118.22665127298312,6774503169.0,26061436064.0
2025-02-16-04-55-59_UMBRA-05,d0ceae3e-8227-4cc8-b3e8-9cb2a37e766f,collect:d0ceae3e-8227-4cc8-b3e8-9cb2a37e766f,2025-02-16T04:56:03.500000Z,46256,5.365433385579978,1500.0,7.0,9.803366202643659,167.0854649455289,6.812492357,25.6474536891522,247.10999700021807,67.10999700021807,33.74354875862353,-118.22598352120224,6812492357.0,
2025-01-25-18-40-18_UMBRA-10,513b62e2-00c3-46b6-ad1d-1fd6c1bc5b2b,collect:513b62e2-00c3-46b6-ad1d-1fd6c1bc5b2b,2025-01-25T18:40:18.500000Z,46256,4.812402773457296,1500.0,9.0,9.803366202643659,214.82416921568003,6.81251915,31.491423155981686,87.00977716785111,267.0097771678511,33.73780583920064,-118.22632688036163,6812519150.0,31512105216.0
2025-07-04-05-03-21_UMBRA-05,77582059-5835-467f-9318-2763cc9daa2b,collect:77582059-5835-467f-9318-2763cc9daa2b,2025-07-04T05:03:21.400001Z,46256,5.3573785032555055,1500.0,6.800002,9.803366202643659,162.31164225721807,6.842931942,26.435142891978707,246.61404860595664,66.61404860595664,33.74348106363134,-118.22595184249948,6842931942.0,27280972672.0
2025-05-15-04-59-49_UMBRA-05,6d2da00c-c6fc-4b81-915d-14297b92b649,collect:6d2da00c-c6fc-4b81-915d-14297b92b649,2025-05-15T04:59:49.500000Z,46256,4.514452921828344,1500.0,7.0,9.803366202643659,167.0854649455289,6.84293195,27.22619075746342,246.66783180268013,66.66783180268013,33.73583025759008,-118.2239531379633,6842931950.0,27573156072.0
2025-02-07-06-01-25_UMBRA-07,94f62c69-c5b8-4731-bd5e-b313e9d4a811,collect:94f62c69-c5b8-4731-bd5e-b313e9d4a811,2025-02-07T06:01:31.200000Z,46256,5.495693351208395,1500.0,10.4,9.803366202643659,248.2412622047858,6.85142072,43.991496206895455,242.03795729883856,62.03795729883856,33.7457057644411,-118.22361185414789,6851420720.0,
2025-05-31-03-03-10_UMBRA-08,d3a492a6-5aa1-4f8b-8de0-c7eb47581e1e,collect:d3a492a6-5aa1-4f8b-8de0-c7eb47581e1e,2025-05-31T03:03:10.400000Z,44063,7.136241004538794,1500.0,8.8,9.803366202643659,210.05029878866495,6.944571067,22.735621370907992,61.69223907622645,241.69223907622646,38.991994020759,-76.37435016484395,6944571067.0,
2024-06-11-02-38-40_UMBRA-04,0eb10d79-fb03-4175-bc10-38011f41f856,collect:0eb10d79-fb03-4175-bc10-38011f41f856,2024-06-11T02:38:40.600000Z,41118,1.9556632885187883,1500.0,7.199999,9.803366202643659,171.85931150319192,7.007154535,33.907837135011285,93.59425244247878,273.59425244247876,28.625183045576286,-80.59784578000878,7007154535.0,
2024-11-06-16-14-55_UMBRA-08,04b820d6-7f3d-4c70-8c60-69e393c2ea9f,collect:04b820d6-7f3d-4c70-8c60-69e393c2ea9f,2024-11-06T16:14:55.900000Z,41118,2.8028619510406005,1000.0,7.8,8.004414986040972,228.02415956481462,7.025408739,37.18575252897112,301.40849411141295,121.40849411141295,28.59796333667812,-80.61581238934795,7025408739.0,
2025-03-23-18-39-32_UMBRA-10,80ca31d4-c358-47fb-ac0e-8f1551bf15d7,collect:80ca31d4-c358-47fb-ac0e-8f1551bf15d7,2025-03-23T18:39:32.800000Z,46256,4.654093445816125,1500.0,9.6,9.803366202643659,229.1457804967254,7.15314251,38.01468750416983,79.9908722566961,259.9908722566961,33.7366252737418,-118.22535691517345,7153142510.0,29528718976.0
2025-06-16-05-07-53_UMBRA-05,05cab33c-e94e-414a-9a2a-ea0ba81735d2,collect:05cab33c-e94e-414a-9a2a-ea0ba81735d2,2025-06-16T05:07:53.400000Z,46256,5.646708773404386,1500.0,8.800001,9.803366202643659,210.05032265801705,7.302145311,43.00726566317695,234.9605287917522,54.96052879175221,33.745912329211684,-118.22708958307878,7302145311.0,24250231872.0
2025-06-11-01-55-01_UMBRA-05,917f74af-a6e0-4f88-a839-c8de95b1ed21,collect:917f74af-a6e0-4f88-a839-c8de95b1ed21,2025-06-11T01:55:01.299998Z,44063,7.114556169885046,1500.0,8.599997,9.803366202643659,205.2763567535934,7.575891022,18.085541923758527,56.446299683939095,236.4462996839391,38.99199598973859,-76.3746327524114,7575891022.0,
2025-06-14-14-36-45_UMBRA-05,d262a35a-32c6-4dd0-a82c-88d41284e6c7,collect:d262a35a-32c6-4dd0-a82c-88d41284e6c7,2025-06-14T14:36:45.100000Z,44063,7.1368218868738955,1500.0,10.199999,9.803366202643659,243.4673679084186,7.748069179,37.08978711512735,129.51679517777396,309.51679517777393,38.99199796369378,-76.37434519889884,7748069179.0,
2025-11-11-05-25-51_UMBRA-07,9f67bcbb-8308-41b7-be6a-fdc96daa2168,collect:9f67bcbb-8308-41b7-be6a-fdc96daa2168,2025-11-11T05:25:51.800000Z,46256,5.540685199375454,1500.0,11.600001,9.803366202643659,276.88450863622865,7.75985792,43.0895752592204,229.01038521414915,49.01038521414915,33.74502148067344,-118.22667269956752,7759857920.0,31550886592.0
2024-03-08-14-17-37_UMBRA-04,1e02856d-3511-49ff-accb-06572534d1ac,collect:1e02856d-3511-49ff-accb-06572534d1ac,2024-03-08T14:17:37.400000Z,41053,2.8083759617275716,1000.0,12.800001,8.004414986040972,374.19352185304956,7.986032028,31.55305089457446,310.9067439357169,130.90674393571692,18.451642693784716,-66.11138620216781,7986032028.0,27798467904.0
2024-03-29-03-18-55_UMBRA-07,4d09d014-2ee8-4207-ae17-5150806ef574,collect:4d09d014-2ee8-4207-ae17-5150806ef574,2024-03-29T03:18:55.700000Z,41118,0.6590133505391653,1000.0,9.400001,8.004414986040972,274.7983753760791,8.383435342,44.774889050224665,117.97068700912212,297.9706870091221,28.613819169366305,-80.59392958798257,8383435342.0,
2025-11-19-06-43-23_UMBRA-09,f95504de-11b4-4888-8ec7-a6c9eb355f49,collect:f95504de-11b4-4888-8ec7-a6c9eb355f49,2025-11-19T06:43:23.300000Z,46256,5.555654490671755,1500.0,12.6,9.803366202643659,300.75383690195207,8.671329524,40.96867833985978,219.75990108423548,39.75990108423548,33.74514726323332,-118.22673156106076,8671329524.0,
2025-03-22-02-27-54_UMBRA-08,5cc68dc4-f878-42dc-961a-41d900fd06cd,collect:5cc68dc4-f878-42dc-961a-41d900fd06cd,2025-03-22T02:27:54.800000Z,41052,8.749279671260663,1500.0,13.6,9.803366202643659,324.6231890370276,8.693931015,28.10875887938181,111.96335942509764,291.9633594250976,18.300217667505052,-64.82590479491097,8693931015.0,34924000928.0
2025-08-16-06-13-06_UMBRA-10,806014ad-f633-4568-92f1-beefed8e0d49,collect:806014ad-f633-4568-92f1-beefed8e0d49,2025-08-16T06:13:06.200000Z,46256,4.8081212986086115,1500.0,12.4,9.803366202643659,295.97996647493693,9.537506015,24.17585546282608,83.02143345964419,263.0214334596442,33.73802183775754,-118.22575809469164,9537506015.0,53974445056.0
2024-05-23-02-34-05_UMBRA-04,2a9dfd0c-fdd2-4220-a405-a2195bc31a9f,collect:2a9dfd0c-fdd2-4220-a405-a2195bc31a9f,2024-05-23T02:34:05.100000Z,41118,3.24644904069795,1000.0,12.199999,8.004414986040972,356.6531434187922,10.863802475,38.88193546759088,98.52678738986886,278.52678738986884,28.605231024500057,-80.62297745402496,10863802475.0,
2025-04-07-14-43-40_UMBRA-05,5129f295-2f35-44f1-9b06-122aaeb9e693,collect:5129f295-2f35-44f1-9b06-122aaeb9e693,2025-04-07T14:43:40.300001Z,41118,2.5975712701220774,1500.0,12.600002,9.803366202643659,300.7538846406563,11.561782768,30.97497211827048,76.55909825307644,256.55909825307646,28.599637542980457,-80.61437762599074,11561782768.0,
2025-02-10-03-57-38_UMBRA-10,88f868cd-09bd-4ca6-96ce-df45faa7024a,collect:88f868cd-09bd-4ca6-96ce-df45faa7024a,2025-02-10T03:57:38.200000Z,41118,0.9540820976972706,1500.0,16.4,9.803366202643659,391.4573750152391,11.59189143,27.878545006153885,259.43964300742977,79.43964300742977,28.617171010798888,-80.59298251652537,11591891430.0,
2025-02-16-04-00-20_UMBRA-09,4227c251-c965-412b-9c00-5528c2ce49fe,collect:4227c251-c965-412b-9c00-5528c2ce49fe,2025-02-16T04:00:20.400000Z,41118,2.8033753219815143,1000.0,16.799999,8.004414986040972,491.128929828811,11.683433963,37.41952684393073,231.59562182083948,51.59562182083948,28.598238365555734,-80.6159684618016,11683433963.0,
2024-04-01-15-47-33_UMBRA-04,ba79245c-f2dc-4230-89b7-67367fe3da95,collect:ba79245c-f2dc-4230-89b7-67367fe3da95,2024-04-01T15:47:33.699999Z,41118,2.7384831927726005,1500.0,11.399998,9.803366202643659,272.11056660115713,12.93737272,69.23034402011572,246.88917356368276,66.88917356368276,28.589295411219872,-80.57317356541388,12937372720.0,
2025-03-08-03-57-41_UMBRA-09,efa8fc2a-cb60-4616-a523-9978bed8f779,collect:efa8fc2a-cb60-4616-a523-9978bed8f779,2025-03-08T03:57:41.900000Z,41118,2.929132692096565,1000.0,17.8,8.004414986040972,520.3628256735512,13.006999039,31.546708447908642,225.4372397923042,45.43723979230421,28.598365837635235,-80.61745072991157,13006999039.0,
2025-01-21-02-11-49_UMBRA-05,9b4c40b9-3447-48bf-871d-d641ec02cff7,collect:9b4c40b9-3447-48bf-871d-d641ec02cff7,2025-01-21T02:11:49.300000Z,41118,2.7048940801136965,1500.0,14.600001,9.803366202643659,348.49256504145535,13.039540744,25.447833074847026,108.66059707700136,288.66059707700134,28.598509456499244,-80.61499836550735,13039540744.0,
2025-11-06-06-25-53_UMBRA-08,071a21a8-8c64-4005-8d2f-123407375e7f,collect:071a21a8-8c64-4005-8d2f-123407375e7f,2025-11-06T06:25:53.800000Z,46256,4.485893184964024,1500.0,11.6,9.803366202643659,276.8844847668765,13.910238993,29.792546911186392,206.24307722805312,26.243077228053124,33.73564066298565,-118.22372404914944,13910238993.0,43787265088.0
2025-01-26-15-04-47_UMBRA-05,20999759-d0fc-425b-a2e5-29e2cbb3fc34,collect:20999759-d0fc-425b-a2e5-29e2cbb3fc34,2025-01-26T15:04:47.299998Z,41118,2.8364285609103326,1000.0,14.599997,8.004414986040972,426.8143648171557,15.369588898,38.82986153865242,312.53596922627395,132.53596922627395,28.59767485721788,-80.61603402073435,15369588898.0,
2025-09-10-02-18-29_UMBRA-05,62e0a15c-64f3-46e6-9e7d-3c5e14143a5c,collect:62e0a15c-64f3-46e6-9e7d-3c5e14143a5c,2025-09-10T02:18:29.600000Z,44054,9.427560422121664,1000.0,11.199999,8.004414986040972,327.4192768079185,15.45583747,42.754559422815476,226.97856714743034,46.97856714743034,38.9235445995429,-74.92131711294606,15455837470.0,44732633024.0
2024-05-31-15-08-06_UMBRA-04,f9a8eb82-a10b-454f-8830-5817b7d3e449,collect:f9a8eb82-a10b-454f-8830-5817b7d3e449,2024-05-31T15:08:06.299999Z,41118,2.502280945832224,1500.0,18.599998,9.803366202643659,443.9699019737011,15.736845433,36.37819008889223,92.59307767629491,272.5930776762949,28.591349750651464,-80.57410007218728,15736845433.0,
2025-09-12-03-47-15_UMBRA-09,b5271cff-3d42-4f6e-b8a2-5352d6d015d9,collect:b5271cff-3d42-4f6e-b8a2-5352d6d015d9,2025-09-12T03:47:15.200000Z,44063,7.136931755271505,1500.0,16.4,9.803366202643659,391.4573750152391,16.30107571,37.598394096159005,225.63092979468246,45.63092979468246,38.991999212584034,-76.37434458715289,16301075710.0,
2025-09-12-15-09-03_UMBRA-05,03fb69e8-3514-413a-b819-941e8a01d43e,collect:03fb69e8-3514-413a-b819-941e8a01d43e,2025-09-12T15:09:03.699999Z,44063,7.136867323868751,1500.0,13.399998,9.803366202643659,319.84927087130825,16.904797367,35.92843598082431,319.9024552451761,139.9024552451761,38.99199808172909,-76.37434468653464,16904797367.0,55517613352.0
2024-10-10-03-05-22_UMBRA-07,f5f4b309-5c25-4f00-bc61-00c6004e7a2a,collect:f5f4b309-5c25-4f00-bc61-00c6004e7a2a,2024-10-10T03:05:22.400000Z,41118,2.316794531456688,1500.0,18.8,9.803366202643659,448.7438201394205,26.386642809,48.52440288483119,90.90270858868664,270.90270858868666,28.62912242478089,-80.59615601863169,26386642809.0,
