acquisition_id,instrument_id,family,product,variable,role,sensor_time_utc,timestamp_original,timestamp_original_units,offset_seconds,interval_distance_seconds,observation_duration_seconds,interval_start_utc,interval_end_utc,units,value,tensor_pointer,original_sample_index,position_id,sensor_vertical_context,status,within_tolerance,representative_eligible,qc_flag,valid_fraction,interpretation,duplicate_status,spectral_status,spectral_valid_bin_fraction
2ce151c3-c6f7-5d3a-a22e-84f87985d8a6,FRF:waverider-17m,waves,https://chldata.erdc.dren.mil/thredds/dodsC/frf/oceanography/waves/waverider-17m/2021/FRF-ocean_waves_waverider-17m_202110.nc,waveHs,nearest_context,2021-10-23T23:00:00.000003+00:00,1635030000.0000033,seconds since 1970-01-01 00:00:00,113.78200340270996,,1800,,,m,0.514624,waves__waverider-17m__4e2d54ee6b11/variables/waveHs/1090,1090,position_c3dbc1b8c4b077c82046aca0,{},qc_unknown,True,False,,1.0,Significant wave height computed for spectral frquencies between 0.04 and 0.5 Hz,unique,,
2ce151c3-c6f7-5d3a-a22e-84f87985d8a6,FRF:waverider-17m,waves,https://chldata.erdc.dren.mil/thredds/dodsC/frf/oceanography/waves/waverider-17m/2021/FRF-ocean_waves_waverider-17m_202110.nc,waveTp,nearest_context,2021-10-23T23:00:00.000003+00:00,1635030000.0000033,seconds since 1970-01-01 00:00:00,113.78200340270996,,1800,,,s,14.38849,waves__waverider-17m__4e2d54ee6b11/variables/waveTp/1090,1090,position_c3dbc1b8c4b077c82046aca0,{},qc_unknown,True,False,,1.0,Period of a parobolic fit to the peak of the energy density spectrum using the peak and two surrounding points.  Computed for wave periods between 2 and 25 seconds,unique,,
2ce151c3-c6f7-5d3a-a22e-84f87985d8a6,FRF:waverider-17m,waves,https://chldata.erdc.dren.mil/thredds/dodsC/frf/oceanography/waves/waverider-17m/2021/FRF-ocean_waves_waverider-17m_202110.nc,waveTm,nearest_context,2021-10-23T23:00:00.000003+00:00,1635030000.0000033,seconds since 1970-01-01 00:00:00,113.78200340270996,,1800,,,s,7.7138395,waves__waverider-17m__4e2d54ee6b11/variables/waveTm/1090,1090,position_c3dbc1b8c4b077c82046aca0,{},qc_unknown,True,False,,1.0,Period for the mean of the energy density spectrum,unique,,
2ce151c3-c6f7-5d3a-a22e-84f87985d8a6,FRF:waverider-17m,waves,https://chldata.erdc.dren.mil/thredds/dodsC/frf/oceanography/waves/waverider-17m/2021/FRF-ocean_waves_waverider-17m_202110.nc,wavePeakDirectionPeakFrequency,nearest_context,2021-10-23T23:00:00.000003+00:00,1635030000.0000033,seconds since 1970-01-01 00:00:00,113.78200340270996,,1800,,,degree,75.0,waves__waverider-17m__4e2d54ee6b11/variables/wavePeakDirectionPeakFrequency/1090,1090,position_c3dbc1b8c4b077c82046aca0,{},qc_unknown,True,False,,1.0,Wave direction is from true north (MET convention),unique,,
2ce151c3-c6f7-5d3a-a22e-84f87985d8a6,FRF:waverider-17m,waves,https://chldata.erdc.dren.mil/thredds/dodsC/frf/oceanography/waves/waverider-17m/2021/FRF-ocean_waves_waverider-17m_202110.nc,waveMeanDirection,nearest_context,2021-10-23T23:00:00.000003+00:00,1635030000.0000033,seconds since 1970-01-01 00:00:00,113.78200340270996,,1800,,,degree,68.239685,waves__waverider-17m__4e2d54ee6b11/variables/waveMeanDirection/1090,1090,position_c3dbc1b8c4b077c82046aca0,{},qc_unknown,True,False,,1.0,"Wave direction is from true north (MET convention), energy weighted over and computed from a1 & b1",unique,,
2ce151c3-c6f7-5d3a-a22e-84f87985d8a6,FRF:waverider-17m,waves,https://chldata.erdc.dren.mil/thredds/dodsC/frf/oceanography/waves/waverider-17m/2021/FRF-ocean_waves_waverider-17m_202110.nc,directionalPeakSpread,nearest_context,2021-10-23T23:00:00.000003+00:00,1635030000.0000033,seconds since 1970-01-01 00:00:00,113.78200340270996,,1800,,,deg,31.137657,waves__waverider-17m__4e2d54ee6b11/variables/directionalPeakSpread/1090,1090,position_c3dbc1b8c4b077c82046aca0,{},qc_unknown,True,False,,1.0,Directional spread at peak frequency with cos(2*theta) circular moments,unique,,
2ce151c3-c6f7-5d3a-a22e-84f87985d8a6,FRF:awac-11m,waves,https://chldata.erdc.dren.mil/thredds/dodsC/frf/oceanography/waves/awac-11m/2021/FRF-ocean_waves_awac-11m_202110.nc,waveHs,nearest_context,2021-10-23T23:00:00.500001+00:00,1635030000.5000007,seconds since 1970-01-01 00:00:00,114.28200078010559,,,,,m,0.48496813,waves__awac-11m__ac63f1b339a0/variables/waveHs/7,547,position_4992625311587253d9982636,"{""nominalDepth"": {""value"": 11.3, ""attributes"": {""_FillValue"": -999.0, ""units"": ""m"", ""description"": ""Nominal bottom vertical location from NAVD88"", ""long_name"": ""Bottom Elevation (NAVD88)"", ""short_name"": ""Bottom Elevation""}}}",retrieved,True,True,1.0,1.0,Significant wave height computed for spectral frquencies between 0.04 and 0.5 Hz,unique,,
2ce151c3-c6f7-5d3a-a22e-84f87985d8a6,FRF:awac-11m,waves,https://chldata.erdc.dren.mil/thredds/dodsC/frf/oceanography/waves/awac-11m/2021/FRF-ocean_waves_awac-11m_202110.nc,waveHs,previous_qc,2021-10-23T22:00:01.999996+00:00,1635026401.999996,seconds since 1970-01-01 00:00:00,-3484.218003988266,,,,,m,0.55736,waves__awac-11m__ac63f1b339a0/variables/waveHs/6,546,position_2e25108e9ea65c01a175a334,"{""nominalDepth"": {""value"": 11.3, ""attributes"": {""_FillValue"": -999.0, ""units"": ""m"", ""description"": ""Nominal bottom vertical location from NAVD88"", ""long_name"": ""Bottom Elevation (NAVD88)"", ""short_name"": ""Bottom Elevation""}}}",retrieved,True,True,1.0,1.0,Significant wave height computed for spectral frquencies between 0.04 and 0.5 Hz,unique,,
2ce151c3-c6f7-5d3a-a22e-84f87985d8a6,FRF:awac-11m,waves,https://chldata.erdc.dren.mil/thredds/dodsC/frf/oceanography/waves/awac-11m/2021/FRF-ocean_waves_awac-11m_202110.nc,waveHs,next_qc,2021-10-23T23:00:00.500001+00:00,1635030000.5000007,seconds since 1970-01-01 00:00:00,114.28200078010559,,,,,m,0.48496813,waves__awac-11m__ac63f1b339a0/variables/waveHs/7,547,position_4992625311587253d9982636,"{""nominalDepth"": {""value"": 11.3, ""attributes"": {""_FillValue"": -999.0, ""units"": ""m"", ""description"": ""Nominal bottom vertical location from NAVD88"", ""long_name"": ""Bottom Elevation (NAVD88)"", ""short_name"": ""Bottom Elevation""}}}",retrieved,True,True,1.0,1.0,Significant wave height computed for spectral frquencies between 0.04 and 0.5 Hz,unique,,
2ce151c3-c6f7-5d3a-a22e-84f87985d8a6,FRF:awac-11m,waves,https://chldata.erdc.dren.mil/thredds/dodsC/frf/oceanography/waves/awac-11m/2021/FRF-ocean_waves_awac-11m_202110.nc,waveHs,nearest_qc,2021-10-23T23:00:00.500001+00:00,1635030000.5000007,seconds since 1970-01-01 00:00:00,114.28200078010559,,,,,m,0.48496813,waves__awac-11m__ac63f1b339a0/variables/waveHs/7,547,position_4992625311587253d9982636,"{""nominalDepth"": {""value"": 11.3, ""attributes"": {""_FillValue"": -999.0, ""units"": ""m"", ""description"": ""Nominal bottom vertical location from NAVD88"", ""long_name"": ""Bottom Elevation (NAVD88)"", ""short_name"": ""Bottom Elevation""}}}",retrieved,True,True,1.0,1.0,Significant wave height computed for spectral frquencies between 0.04 and 0.5 Hz,unique,,
2ce151c3-c6f7-5d3a-a22e-84f87985d8a6,FRF:awac-11m,waves,https://chldata.erdc.dren.mil/thredds/dodsC/frf/oceanography/waves/awac-11m/2021/FRF-ocean_waves_awac-11m_202110.nc,waveTp,nearest_context,2021-10-23T23:00:00.500001+00:00,1635030000.5000007,seconds since 1970-01-01 00:00:00,114.28200078010559,,,,,s,13.42282,waves__awac-11m__ac63f1b339a0/variables/waveTp/7,547,position_4992625311587253d9982636,"{""nominalDepth"": {""value"": 11.3, ""attributes"": {""_FillValue"": -999.0, ""units"": ""m"", ""description"": ""Nominal bottom vertical location from NAVD88"", ""long_name"": ""Bottom Elevation (NAVD88)"", ""short_name"": ""Bottom Elevation""}}}",retrieved,True,True,1.0,1.0,Period of a parobolic fit to the peak of the energy density spectrum using the peak and two surrounding points.  Computed for wave periods between 2 and 25 seconds,unique,,
2ce151c3-c6f7-5d3a-a22e-84f87985d8a6,FRF:awac-11m,waves,https://chldata.erdc.dren.mil/thredds/dodsC/frf/oceanography/waves/awac-11m/2021/FRF-ocean_waves_awac-11m_202110.nc,waveTp,previous_qc,2021-10-23T22:00:01.999996+00:00,1635026401.999996,seconds since 1970-01-01 00:00:00,-3484.218003988266,,,,,s,13.559322,waves__awac-11m__ac63f1b339a0/variables/waveTp/6,546,position_2e25108e9ea65c01a175a334,"{""nominalDepth"": {""value"": 11.3, ""attributes"": {""_FillValue"": -999.0, ""units"": ""m"", ""description"": ""Nominal bottom vertical location from NAVD88"", ""long_name"": ""Bottom Elevation (NAVD88)"", ""short_name"": ""Bottom Elevation""}}}",retrieved,True,True,1.0,1.0,Period of a parobolic fit to the peak of the energy density spectrum using the peak and two surrounding points.  Computed for wave periods between 2 and 25 seconds,unique,,
2ce151c3-c6f7-5d3a-a22e-84f87985d8a6,FRF:awac-11m,waves,https://chldata.erdc.dren.mil/thredds/dodsC/frf/oceanography/waves/awac-11m/2021/FRF-ocean_waves_awac-11m_202110.nc,waveTp,next_qc,2021-10-23T23:00:00.500001+00:00,1635030000.5000007,seconds since 1970-01-01 00:00:00,114.28200078010559,,,,,s,13.42282,waves__awac-11m__ac63f1b339a0/variables/waveTp/7,547,position_4992625311587253d9982636,"{""nominalDepth"": {""value"": 11.3, ""attributes"": {""_FillValue"": -999.0, ""units"": ""m"", ""description"": ""Nominal bottom vertical location from NAVD88"", ""long_name"": ""Bottom Elevation (NAVD88)"", ""short_name"": ""Bottom Elevation""}}}",retrieved,True,True,1.0,1.0,Period of a parobolic fit to the peak of the energy density spectrum using the peak and two surrounding points.  Computed for wave periods between 2 and 25 seconds,unique,,
2ce151c3-c6f7-5d3a-a22e-84f87985d8a6,FRF:awac-11m,waves,https://chldata.erdc.dren.mil/thredds/dodsC/frf/oceanography/waves/awac-11m/2021/FRF-ocean_waves_awac-11m_202110.nc,waveTp,nearest_qc,2021-10-23T23:00:00.500001+00:00,1635030000.5000007,seconds since 1970-01-01 00:00:00,114.28200078010559,,,,,s,13.42282,waves__awac-11m__ac63f1b339a0/variables/waveTp/7,547,position_4992625311587253d9982636,"{""nominalDepth"": {""value"": 11.3, ""attributes"": {""_FillValue"": -999.0, ""units"": ""m"", ""description"": ""Nominal bottom vertical location from NAVD88"", ""long_name"": ""Bottom Elevation (NAVD88)"", ""short_name"": ""Bottom Elevation""}}}",retrieved,True,True,1.0,1.0,Period of a parobolic fit to the peak of the energy density spectrum using the peak and two surrounding points.  Computed for wave periods between 2 and 25 seconds,unique,,
2ce151c3-c6f7-5d3a-a22e-84f87985d8a6,FRF:awac-11m,waves,https://chldata.erdc.dren.mil/thredds/dodsC/frf/oceanography/waves/awac-11m/2021/FRF-ocean_waves_awac-11m_202110.nc,waveTm,nearest_context,2021-10-23T23:00:00.500001+00:00,1635030000.5000007,seconds since 1970-01-01 00:00:00,114.28200078010559,,,,,s,10.510661,waves__awac-11m__ac63f1b339a0/variables/waveTm/7,547,position_4992625311587253d9982636,"{""nominalDepth"": {""value"": 11.3, ""attributes"": {""_FillValue"": -999.0, ""units"": ""m"", ""description"": ""Nominal bottom vertical location from NAVD88"", ""long_name"": ""Bottom Elevation (NAVD88)"", ""short_name"": ""Bottom Elevation""}}}",retrieved,True,True,1.0,1.0,Period for the mean of the energy density spectrum,unique,,
2ce151c3-c6f7-5d3a-a22e-84f87985d8a6,FRF:awac-11m,waves,https://chldata.erdc.dren.mil/thredds/dodsC/frf/oceanography/waves/awac-11m/2021/FRF-ocean_waves_awac-11m_202110.nc,waveTm,previous_qc,2021-10-23T22:00:01.999996+00:00,1635026401.999996,seconds since 1970-01-01 00:00:00,-3484.218003988266,,,,,s,8.686203,waves__awac-11m__ac63f1b339a0/variables/waveTm/6,546,position_2e25108e9ea65c01a175a334,"{""nominalDepth"": {""value"": 11.3, ""attributes"": {""_FillValue"": -999.0, ""units"": ""m"", ""description"": ""Nominal bottom vertical location from NAVD88"", ""long_name"": ""Bottom Elevation (NAVD88)"", ""short_name"": ""Bottom Elevation""}}}",retrieved,True,True,1.0,1.0,Period for the mean of the energy density spectrum,unique,,
2ce151c3-c6f7-5d3a-a22e-84f87985d8a6,FRF:awac-11m,waves,https://chldata.erdc.dren.mil/thredds/dodsC/frf/oceanography/waves/awac-11m/2021/FRF-ocean_waves_awac-11m_202110.nc,waveTm,next_qc,2021-10-23T23:00:00.500001+00:00,1635030000.5000007,seconds since 1970-01-01 00:00:00,114.28200078010559,,,,,s,10.510661,waves__awac-11m__ac63f1b339a0/variables/waveTm/7,547,position_4992625311587253d9982636,"{""nominalDepth"": {""value"": 11.3, ""attributes"": {""_FillValue"": -999.0, ""units"": ""m"", ""description"": ""Nominal bottom vertical location from NAVD88"", ""long_name"": ""Bottom Elevation (NAVD88)"", ""short_name"": ""Bottom Elevation""}}}",retrieved,True,True,1.0,1.0,Period for the mean of the energy density spectrum,unique,,
2ce151c3-c6f7-5d3a-a22e-84f87985d8a6,FRF:awac-11m,waves,https://chldata.erdc.dren.mil/thredds/dodsC/frf/oceanography/waves/awac-11m/2021/FRF-ocean_waves_awac-11m_202110.nc,waveTm,nearest_qc,2021-10-23T23:00:00.500001+00:00,1635030000.5000007,seconds since 1970-01-01 00:00:00,114.28200078010559,,,,,s,10.510661,waves__awac-11m__ac63f1b339a0/variables/waveTm/7,547,position_4992625311587253d9982636,"{""nominalDepth"": {""value"": 11.3, ""attributes"": {""_FillValue"": -999.0, ""units"": ""m"", ""description"": ""Nominal bottom vertical location from NAVD88"", ""long_name"": ""Bottom Elevation (NAVD88)"", ""short_name"": ""Bottom Elevation""}}}",retrieved,True,True,1.0,1.0,Period for the mean of the energy density spectrum,unique,,
2ce151c3-c6f7-5d3a-a22e-84f87985d8a6,FRF:awac-11m,waves,https://chldata.erdc.dren.mil/thredds/dodsC/frf/oceanography/waves/awac-11m/2021/FRF-ocean_waves_awac-11m_202110.nc,waveTm1,nearest_context,2021-10-23T23:00:00.500001+00:00,1635030000.5000007,seconds since 1970-01-01 00:00:00,114.28200078010559,,,,,s,8.210345,waves__awac-11m__ac63f1b339a0/variables/waveTm1/7,547,position_4992625311587253d9982636,"{""nominalDepth"": {""value"": 11.3, ""attributes"": {""_FillValue"": -999.0, ""units"": ""m"", ""description"": ""Nominal bottom vertical location from NAVD88"", ""long_name"": ""Bottom Elevation (NAVD88)"", ""short_name"": ""Bottom Elevation""}}}",retrieved,True,True,1.0,1.0,Period for the 1st moment mean of the energy density spectrum,unique,,
2ce151c3-c6f7-5d3a-a22e-84f87985d8a6,FRF:awac-11m,waves,https://chldata.erdc.dren.mil/thredds/dodsC/frf/oceanography/waves/awac-11m/2021/FRF-ocean_waves_awac-11m_202110.nc,waveTm1,previous_qc,2021-10-23T22:00:01.999996+00:00,1635026401.999996,seconds since 1970-01-01 00:00:00,-3484.218003988266,,,,,s,5.860498,waves__awac-11m__ac63f1b339a0/variables/waveTm1/6,546,position_2e25108e9ea65c01a175a334,"{""nominalDepth"": {""value"": 11.3, ""attributes"": {""_FillValue"": -999.0, ""units"": ""m"", ""description"": ""Nominal bottom vertical location from NAVD88"", ""long_name"": ""Bottom Elevation (NAVD88)"", ""short_name"": ""Bottom Elevation""}}}",retrieved,True,True,1.0,1.0,Period for the 1st moment mean of the energy density spectrum,unique,,
2ce151c3-c6f7-5d3a-a22e-84f87985d8a6,FRF:awac-11m,waves,https://chldata.erdc.dren.mil/thredds/dodsC/frf/oceanography/waves/awac-11m/2021/FRF-ocean_waves_awac-11m_202110.nc,waveTm1,next_qc,2021-10-23T23:00:00.500001+00:00,1635030000.5000007,seconds since 1970-01-01 00:00:00,114.28200078010559,,,,,s,8.210345,waves__awac-11m__ac63f1b339a0/variables/waveTm1/7,547,position_4992625311587253d9982636,"{""nominalDepth"": {""value"": 11.3, ""attributes"": {""_FillValue"": -999.0, ""units"": ""m"", ""description"": ""Nominal bottom vertical location from NAVD88"", ""long_name"": ""Bottom Elevation (NAVD88)"", ""short_name"": ""Bottom Elevation""}}}",retrieved,True,True,1.0,1.0,Period for the 1st moment mean of the energy density spectrum,unique,,
2ce151c3-c6f7-5d3a-a22e-84f87985d8a6,FRF:awac-11m,waves,https://chldata.erdc.dren.mil/thredds/dodsC/frf/oceanography/waves/awac-11m/2021/FRF-ocean_waves_awac-11m_202110.nc,waveTm1,nearest_qc,2021-10-23T23:00:00.500001+00:00,1635030000.5000007,seconds since 1970-01-01 00:00:00,114.28200078010559,,,,,s,8.210345,waves__awac-11m__ac63f1b339a0/variables/waveTm1/7,547,position_4992625311587253d9982636,"{""nominalDepth"": {""value"": 11.3, ""attributes"": {""_FillValue"": -999.0, ""units"": ""m"", ""description"": ""Nominal bottom vertical location from NAVD88"", ""long_name"": ""Bottom Elevation (NAVD88)"", ""short_name"": ""Bottom Elevation""}}}",retrieved,True,True,1.0,1.0,Period for the 1st moment mean of the energy density spectrum,unique,,
2ce151c3-c6f7-5d3a-a22e-84f87985d8a6,FRF:awac-11m,waves,https://chldata.erdc.dren.mil/thredds/dodsC/frf/oceanography/waves/awac-11m/2021/FRF-ocean_waves_awac-11m_202110.nc,waveTm2,nearest_context,2021-10-23T23:00:00.500001+00:00,1635030000.5000007,seconds since 1970-01-01 00:00:00,114.28200078010559,,,,,s,7.0874834,waves__awac-11m__ac63f1b339a0/variables/waveTm2/7,547,position_4992625311587253d9982636,"{""nominalDepth"": {""value"": 11.3, ""attributes"": {""_FillValue"": -999.0, ""units"": ""m"", ""description"": ""Nominal bottom vertical location from NAVD88"", ""long_name"": ""Bottom Elevation (NAVD88)"", ""short_name"": ""Bottom Elevation""}}}",retrieved,True,True,1.0,1.0,Period for the 2nd moment mean of the energy density spectrum,unique,,
2ce151c3-c6f7-5d3a-a22e-84f87985d8a6,FRF:awac-11m,waves,https://chldata.erdc.dren.mil/thredds/dodsC/frf/oceanography/waves/awac-11m/2021/FRF-ocean_waves_awac-11m_202110.nc,waveTm2,previous_qc,2021-10-23T22:00:01.999996+00:00,1635026401.999996,seconds since 1970-01-01 00:00:00,-3484.218003988266,,,,,s,4.934532,waves__awac-11m__ac63f1b339a0/variables/waveTm2/6,546,position_2e25108e9ea65c01a175a334,"{""nominalDepth"": {""value"": 11.3, ""attributes"": {""_FillValue"": -999.0, ""units"": ""m"", ""description"": ""Nominal bottom vertical location from NAVD88"", ""long_name"": ""Bottom Elevation (NAVD88)"", ""short_name"": ""Bottom Elevation""}}}",retrieved,True,True,1.0,1.0,Period for the 2nd moment mean of the energy density spectrum,unique,,
2ce151c3-c6f7-5d3a-a22e-84f87985d8a6,FRF:awac-11m,waves,https://chldata.erdc.dren.mil/thredds/dodsC/frf/oceanography/waves/awac-11m/2021/FRF-ocean_waves_awac-11m_202110.nc,waveTm2,next_qc,2021-10-23T23:00:00.500001+00:00,1635030000.5000007,seconds since 1970-01-01 00:00:00,114.28200078010559,,,,,s,7.0874834,waves__awac-11m__ac63f1b339a0/variables/waveTm2/7,547,position_4992625311587253d9982636,"{""nominalDepth"": {""value"": 11.3, ""attributes"": {""_FillValue"": -999.0, ""units"": ""m"", ""description"": ""Nominal bottom vertical location from NAVD88"", ""long_name"": ""Bottom Elevation (NAVD88)"", ""short_name"": ""Bottom Elevation""}}}",retrieved,True,True,1.0,1.0,Period for the 2nd moment mean of the energy density spectrum,unique,,
2ce151c3-c6f7-5d3a-a22e-84f87985d8a6,FRF:awac-11m,waves,https://chldata.erdc.dren.mil/thredds/dodsC/frf/oceanography/waves/awac-11m/2021/FRF-ocean_waves_awac-11m_202110.nc,waveTm2,nearest_qc,2021-10-23T23:00:00.500001+00:00,1635030000.5000007,seconds since 1970-01-01 00:00:00,114.28200078010559,,,,,s,7.0874834,waves__awac-11m__ac63f1b339a0/variables/waveTm2/7,547,position_4992625311587253d9982636,"{""nominalDepth"": {""value"": 11.3, ""attributes"": {""_FillValue"": -999.0, ""units"": ""m"", ""description"": ""Nominal bottom vertical location from NAVD88"", ""long_name"": ""Bottom Elevation (NAVD88)"", ""short_name"": ""Bottom Elevation""}}}",retrieved,True,True,1.0,1.0,Period for the 2nd moment mean of the energy density spectrum,unique,,
2ce151c3-c6f7-5d3a-a22e-84f87985d8a6,FRF:awac-11m,waves,https://chldata.erdc.dren.mil/thredds/dodsC/frf/oceanography/waves/awac-11m/2021/FRF-ocean_waves_awac-11m_202110.nc,wavePeakDirectionPeakFrequency,nearest_context,2021-10-23T23:00:00.500001+00:00,1635030000.5000007,seconds since 1970-01-01 00:00:00,114.28200078010559,,,,,degree,75.0,waves__awac-11m__ac63f1b339a0/variables/wavePeakDirectionPeakFrequency/7,547,position_4992625311587253d9982636,"{""nominalDepth"": {""value"": 11.3, ""attributes"": {""_FillValue"": -999.0, ""units"": ""m"", ""description"": ""Nominal bottom vertical location from NAVD88"", ""long_name"": ""Bottom Elevation (NAVD88)"", ""short_name"": ""Bottom Elevation""}}}",retrieved,True,True,1.0,1.0,Wave direction is from true north (MET convention),unique,,
2ce151c3-c6f7-5d3a-a22e-84f87985d8a6,FRF:awac-11m,waves,https://chldata.erdc.dren.mil/thredds/dodsC/frf/oceanography/waves/awac-11m/2021/FRF-ocean_waves_awac-11m_202110.nc,wavePeakDirectionPeakFrequency,previous_qc,2021-10-23T22:00:01.999996+00:00,1635026401.999996,seconds since 1970-01-01 00:00:00,-3484.218003988266,,,,,degree,75.0,waves__awac-11m__ac63f1b339a0/variables/wavePeakDirectionPeakFrequency/6,546,position_2e25108e9ea65c01a175a334,"{""nominalDepth"": {""value"": 11.3, ""attributes"": {""_FillValue"": -999.0, ""units"": ""m"", ""description"": ""Nominal bottom vertical location from NAVD88"", ""long_name"": ""Bottom Elevation (NAVD88)"", ""short_name"": ""Bottom Elevation""}}}",retrieved,True,True,1.0,1.0,Wave direction is from true north (MET convention),unique,,
2ce151c3-c6f7-5d3a-a22e-84f87985d8a6,FRF:awac-11m,waves,https://chldata.erdc.dren.mil/thredds/dodsC/frf/oceanography/waves/awac-11m/2021/FRF-ocean_waves_awac-11m_202110.nc,wavePeakDirectionPeakFrequency,next_qc,2021-10-23T23:00:00.500001+00:00,1635030000.5000007,seconds since 1970-01-01 00:00:00,114.28200078010559,,,,,degree,75.0,waves__awac-11m__ac63f1b339a0/variables/wavePeakDirectionPeakFrequency/7,547,position_4992625311587253d9982636,"{""nominalDepth"": {""value"": 11.3, ""attributes"": {""_FillValue"": -999.0, ""units"": ""m"", ""description"": ""Nominal bottom vertical location from NAVD88"", ""long_name"": ""Bottom Elevation (NAVD88)"", ""short_name"": ""Bottom Elevation""}}}",retrieved,True,True,1.0,1.0,Wave direction is from true north (MET convention),unique,,
2ce151c3-c6f7-5d3a-a22e-84f87985d8a6,FRF:awac-11m,waves,https://chldata.erdc.dren.mil/thredds/dodsC/frf/oceanography/waves/awac-11m/2021/FRF-ocean_waves_awac-11m_202110.nc,wavePeakDirectionPeakFrequency,nearest_qc,2021-10-23T23:00:00.500001+00:00,1635030000.5000007,seconds since 1970-01-01 00:00:00,114.28200078010559,,,,,degree,75.0,waves__awac-11m__ac63f1b339a0/variables/wavePeakDirectionPeakFrequency/7,547,position_4992625311587253d9982636,"{""nominalDepth"": {""value"": 11.3, ""attributes"": {""_FillValue"": -999.0, ""units"": ""m"", ""description"": ""Nominal bottom vertical location from NAVD88"", ""long_name"": ""Bottom Elevation (NAVD88)"", ""short_name"": ""Bottom Elevation""}}}",retrieved,True,True,1.0,1.0,Wave direction is from true north (MET convention),unique,,
2ce151c3-c6f7-5d3a-a22e-84f87985d8a6,FRF:awac-11m,waves,https://chldata.erdc.dren.mil/thredds/dodsC/frf/oceanography/waves/awac-11m/2021/FRF-ocean_waves_awac-11m_202110.nc,waveMeanDirection,nearest_context,2021-10-23T23:00:00.500001+00:00,1635030000.5000007,seconds since 1970-01-01 00:00:00,114.28200078010559,,,,,degree,85.25818,waves__awac-11m__ac63f1b339a0/variables/waveMeanDirection/7,547,position_4992625311587253d9982636,"{""nominalDepth"": {""value"": 11.3, ""attributes"": {""_FillValue"": -999.0, ""units"": ""m"", ""description"": ""Nominal bottom vertical location from NAVD88"", ""long_name"": ""Bottom Elevation (NAVD88)"", ""short_name"": ""Bottom Elevation""}}}",retrieved,True,True,1.0,1.0,"Wave direction is from true north (MET convention), energy weighted over and computed from a1 & b1",unique,,
2ce151c3-c6f7-5d3a-a22e-84f87985d8a6,FRF:awac-11m,waves,https://chldata.erdc.dren.mil/thredds/dodsC/frf/oceanography/waves/awac-11m/2021/FRF-ocean_waves_awac-11m_202110.nc,waveMeanDirection,previous_qc,2021-10-23T22:00:01.999996+00:00,1635026401.999996,seconds since 1970-01-01 00:00:00,-3484.218003988266,,,,,degree,77.78137,waves__awac-11m__ac63f1b339a0/variables/waveMeanDirection/6,546,position_2e25108e9ea65c01a175a334,"{""nominalDepth"": {""value"": 11.3, ""attributes"": {""_FillValue"": -999.0, ""units"": ""m"", ""description"": ""Nominal bottom vertical location from NAVD88"", ""long_name"": ""Bottom Elevation (NAVD88)"", ""short_name"": ""Bottom Elevation""}}}",retrieved,True,True,1.0,1.0,"Wave direction is from true north (MET convention), energy weighted over and computed from a1 & b1",unique,,
2ce151c3-c6f7-5d3a-a22e-84f87985d8a6,FRF:awac-11m,waves,https://chldata.erdc.dren.mil/thredds/dodsC/frf/oceanography/waves/awac-11m/2021/FRF-ocean_waves_awac-11m_202110.nc,waveMeanDirection,next_qc,2021-10-23T23:00:00.500001+00:00,1635030000.5000007,seconds since 1970-01-01 00:00:00,114.28200078010559,,,,,degree,85.25818,waves__awac-11m__ac63f1b339a0/variables/waveMeanDirection/7,547,position_4992625311587253d9982636,"{""nominalDepth"": {""value"": 11.3, ""attributes"": {""_FillValue"": -999.0, ""units"": ""m"", ""description"": ""Nominal bottom vertical location from NAVD88"", ""long_name"": ""Bottom Elevation (NAVD88)"", ""short_name"": ""Bottom Elevation""}}}",retrieved,True,True,1.0,1.0,"Wave direction is from true north (MET convention), energy weighted over and computed from a1 & b1",unique,,
2ce151c3-c6f7-5d3a-a22e-84f87985d8a6,FRF:awac-11m,waves,https://chldata.erdc.dren.mil/thredds/dodsC/frf/oceanography/waves/awac-11m/2021/FRF-ocean_waves_awac-11m_202110.nc,waveMeanDirection,nearest_qc,2021-10-23T23:00:00.500001+00:00,1635030000.5000007,seconds since 1970-01-01 00:00:00,114.28200078010559,,,,,degree,85.25818,waves__awac-11m__ac63f1b339a0/variables/waveMeanDirection/7,547,position_4992625311587253d9982636,"{""nominalDepth"": {""value"": 11.3, ""attributes"": {""_FillValue"": -999.0, ""units"": ""m"", ""description"": ""Nominal bottom vertical location from NAVD88"", ""long_name"": ""Bottom Elevation (NAVD88)"", ""short_name"": ""Bottom Elevation""}}}",retrieved,True,True,1.0,1.0,"Wave direction is from true north (MET convention), energy weighted over and computed from a1 & b1",unique,,
2ce151c3-c6f7-5d3a-a22e-84f87985d8a6,FRF:awac-11m,waves,https://chldata.erdc.dren.mil/thredds/dodsC/frf/oceanography/waves/awac-11m/2021/FRF-ocean_waves_awac-11m_202110.nc,waveMeanDirectionPeakFrequency,nearest_context,2021-10-23T23:00:00.500001+00:00,1635030000.5000007,seconds since 1970-01-01 00:00:00,114.28200078010559,,,,,degree,77.13452,waves__awac-11m__ac63f1b339a0/variables/waveMeanDirectionPeakFrequency/7,547,position_4992625311587253d9982636,"{""nominalDepth"": {""value"": 11.3, ""attributes"": {""_FillValue"": -999.0, ""units"": ""m"", ""description"": ""Nominal bottom vertical location from NAVD88"", ""long_name"": ""Bottom Elevation (NAVD88)"", ""short_name"": ""Bottom Elevation""}}}",retrieved,True,True,1.0,1.0,"Wave direction is from true north (MET convention), energy weighted at peak frequency",unique,,
2ce151c3-c6f7-5d3a-a22e-84f87985d8a6,FRF:awac-11m,waves,https://chldata.erdc.dren.mil/thredds/dodsC/frf/oceanography/waves/awac-11m/2021/FRF-ocean_waves_awac-11m_202110.nc,waveMeanDirectionPeakFrequency,previous_qc,2021-10-23T22:00:01.999996+00:00,1635026401.999996,seconds since 1970-01-01 00:00:00,-3484.218003988266,,,,,degree,78.327995,waves__awac-11m__ac63f1b339a0/variables/waveMeanDirectionPeakFrequency/6,546,position_2e25108e9ea65c01a175a334,"{""nominalDepth"": {""value"": 11.3, ""attributes"": {""_FillValue"": -999.0, ""units"": ""m"", ""description"": ""Nominal bottom vertical location from NAVD88"", ""long_name"": ""Bottom Elevation (NAVD88)"", ""short_name"": ""Bottom Elevation""}}}",retrieved,True,True,1.0,1.0,"Wave direction is from true north (MET convention), energy weighted at peak frequency",unique,,
2ce151c3-c6f7-5d3a-a22e-84f87985d8a6,FRF:awac-11m,waves,https://chldata.erdc.dren.mil/thredds/dodsC/frf/oceanography/waves/awac-11m/2021/FRF-ocean_waves_awac-11m_202110.nc,waveMeanDirectionPeakFrequency,next_qc,2021-10-23T23:00:00.500001+00:00,1635030000.5000007,seconds since 1970-01-01 00:00:00,114.28200078010559,,,,,degree,77.13452,waves__awac-11m__ac63f1b339a0/variables/waveMeanDirectionPeakFrequency/7,547,position_4992625311587253d9982636,"{""nominalDepth"": {""value"": 11.3, ""attributes"": {""_FillValue"": -999.0, ""units"": ""m"", ""description"": ""Nominal bottom vertical location from NAVD88"", ""long_name"": ""Bottom Elevation (NAVD88)"", ""short_name"": ""Bottom Elevation""}}}",retrieved,True,True,1.0,1.0,"Wave direction is from true north (MET convention), energy weighted at peak frequency",unique,,
2ce151c3-c6f7-5d3a-a22e-84f87985d8a6,FRF:awac-11m,waves,https://chldata.erdc.dren.mil/thredds/dodsC/frf/oceanography/waves/awac-11m/2021/FRF-ocean_waves_awac-11m_202110.nc,waveMeanDirectionPeakFrequency,nearest_qc,2021-10-23T23:00:00.500001+00:00,1635030000.5000007,seconds since 1970-01-01 00:00:00,114.28200078010559,,,,,degree,77.13452,waves__awac-11m__ac63f1b339a0/variables/waveMeanDirectionPeakFrequency/7,547,position_4992625311587253d9982636,"{""nominalDepth"": {""value"": 11.3, ""attributes"": {""_FillValue"": -999.0, ""units"": ""m"", ""description"": ""Nominal bottom vertical location from NAVD88"", ""long_name"": ""Bottom Elevation (NAVD88)"", ""short_name"": ""Bottom Elevation""}}}",retrieved,True,True,1.0,1.0,"Wave direction is from true north (MET convention), energy weighted at peak frequency",unique,,
2ce151c3-c6f7-5d3a-a22e-84f87985d8a6,FRF:awac-11m,waves,https://chldata.erdc.dren.mil/thredds/dodsC/frf/oceanography/waves/awac-11m/2021/FRF-ocean_waves_awac-11m_202110.nc,waveEnergyDensity,nearest_context,2021-10-23T23:00:00.500001+00:00,1635030000.5000007,seconds since 1970-01-01 00:00:00,114.28200078010559,,,,,m2 s,,waves__awac-11m__ac63f1b339a0/variables/waveEnergyDensity/7,547,position_4992625311587253d9982636,"{""nominalDepth"": {""value"": 11.3, ""attributes"": {""_FillValue"": -999.0, ""units"": ""m"", ""description"": ""Nominal bottom vertical location from NAVD88"", ""long_name"": ""Bottom Elevation (NAVD88)"", ""short_name"": ""Bottom Elevation""}}}",retrieved,True,True,1.0,1.0,Energy Density,unique,complete_spectrum,1.0
2ce151c3-c6f7-5d3a-a22e-84f87985d8a6,FRF:awac-11m,waves,https://chldata.erdc.dren.mil/thredds/dodsC/frf/oceanography/waves/awac-11m/2021/FRF-ocean_waves_awac-11m_202110.nc,waveEnergyDensity,previous_qc,2021-10-23T22:00:01.999996+00:00,1635026401.999996,seconds since 1970-01-01 00:00:00,-3484.218003988266,,,,,m2 s,,waves__awac-11m__ac63f1b339a0/variables/waveEnergyDensity/6,546,position_2e25108e9ea65c01a175a334,"{""nominalDepth"": {""value"": 11.3, ""attributes"": {""_FillValue"": -999.0, ""units"": ""m"", ""description"": ""Nominal bottom vertical location from NAVD88"", ""long_name"": ""Bottom Elevation (NAVD88)"", ""short_name"": ""Bottom Elevation""}}}",retrieved,True,True,1.0,1.0,Energy Density,unique,complete_spectrum,1.0
2ce151c3-c6f7-5d3a-a22e-84f87985d8a6,FRF:awac-11m,waves,https://chldata.erdc.dren.mil/thredds/dodsC/frf/oceanography/waves/awac-11m/2021/FRF-ocean_waves_awac-11m_202110.nc,waveEnergyDensity,next_qc,2021-10-23T23:00:00.500001+00:00,1635030000.5000007,seconds since 1970-01-01 00:00:00,114.28200078010559,,,,,m2 s,,waves__awac-11m__ac63f1b339a0/variables/waveEnergyDensity/7,547,position_4992625311587253d9982636,"{""nominalDepth"": {""value"": 11.3, ""attributes"": {""_FillValue"": -999.0, ""units"": ""m"", ""description"": ""Nominal bottom vertical location from NAVD88"", ""long_name"": ""Bottom Elevation (NAVD88)"", ""short_name"": ""Bottom Elevation""}}}",retrieved,True,True,1.0,1.0,Energy Density,unique,complete_spectrum,1.0
2ce151c3-c6f7-5d3a-a22e-84f87985d8a6,FRF:awac-11m,waves,https://chldata.erdc.dren.mil/thredds/dodsC/frf/oceanography/waves/awac-11m/2021/FRF-ocean_waves_awac-11m_202110.nc,waveEnergyDensity,nearest_qc,2021-10-23T23:00:00.500001+00:00,1635030000.5000007,seconds since 1970-01-01 00:00:00,114.28200078010559,,,,,m2 s,,waves__awac-11m__ac63f1b339a0/variables/waveEnergyDensity/7,547,position_4992625311587253d9982636,"{""nominalDepth"": {""value"": 11.3, ""attributes"": {""_FillValue"": -999.0, ""units"": ""m"", ""description"": ""Nominal bottom vertical location from NAVD88"", ""long_name"": ""Bottom Elevation (NAVD88)"", ""short_name"": ""Bottom Elevation""}}}",retrieved,True,True,1.0,1.0,Energy Density,unique,complete_spectrum,1.0
2ce151c3-c6f7-5d3a-a22e-84f87985d8a6,FRF:awac-11m,waves,https://chldata.erdc.dren.mil/thredds/dodsC/frf/oceanography/waves/awac-11m/2021/FRF-ocean_waves_awac-11m_202110.nc,directionalWaveEnergyDensity,nearest_context,2021-10-23T23:00:00.500001+00:00,1635030000.5000007,seconds since 1970-01-01 00:00:00,114.28200078010559,,,,,m2 s deg-1,,waves__awac-11m__ac63f1b339a0/variables/directionalWaveEnergyDensity/7,547,position_4992625311587253d9982636,"{""nominalDepth"": {""value"": 11.3, ""attributes"": {""_FillValue"": -999.0, ""units"": ""m"", ""description"": ""Nominal bottom vertical location from NAVD88"", ""long_name"": ""Bottom Elevation (NAVD88)"", ""short_name"": ""Bottom Elevation""}}}",retrieved,True,True,1.0,1.0,2D Wave Energy Density Spectrum,unique,,
2ce151c3-c6f7-5d3a-a22e-84f87985d8a6,FRF:awac-11m,waves,https://chldata.erdc.dren.mil/thredds/dodsC/frf/oceanography/waves/awac-11m/2021/FRF-ocean_waves_awac-11m_202110.nc,directionalWaveEnergyDensity,previous_qc,2021-10-23T22:00:01.999996+00:00,1635026401.999996,seconds since 1970-01-01 00:00:00,-3484.218003988266,,,,,m2 s deg-1,,waves__awac-11m__ac63f1b339a0/variables/directionalWaveEnergyDensity/6,546,position_2e25108e9ea65c01a175a334,"{""nominalDepth"": {""value"": 11.3, ""attributes"": {""_FillValue"": -999.0, ""units"": ""m"", ""description"": ""Nominal bottom vertical location from NAVD88"", ""long_name"": ""Bottom Elevation (NAVD88)"", ""short_name"": ""Bottom Elevation""}}}",retrieved,True,True,1.0,1.0,2D Wave Energy Density Spectrum,unique,,
2ce151c3-c6f7-5d3a-a22e-84f87985d8a6,FRF:awac-11m,waves,https://chldata.erdc.dren.mil/thredds/dodsC/frf/oceanography/waves/awac-11m/2021/FRF-ocean_waves_awac-11m_202110.nc,directionalWaveEnergyDensity,next_qc,2021-10-23T23:00:00.500001+00:00,1635030000.5000007,seconds since 1970-01-01 00:00:00,114.28200078010559,,,,,m2 s deg-1,,waves__awac-11m__ac63f1b339a0/variables/directionalWaveEnergyDensity/7,547,position_4992625311587253d9982636,"{""nominalDepth"": {""value"": 11.3, ""attributes"": {""_FillValue"": -999.0, ""units"": ""m"", ""description"": ""Nominal bottom vertical location from NAVD88"", ""long_name"": ""Bottom Elevation (NAVD88)"", ""short_name"": ""Bottom Elevation""}}}",retrieved,True,True,1.0,1.0,2D Wave Energy Density Spectrum,unique,,
2ce151c3-c6f7-5d3a-a22e-84f87985d8a6,FRF:awac-11m,waves,https://chldata.erdc.dren.mil/thredds/dodsC/frf/oceanography/waves/awac-11m/2021/FRF-ocean_waves_awac-11m_202110.nc,directionalWaveEnergyDensity,nearest_qc,2021-10-23T23:00:00.500001+00:00,1635030000.5000007,seconds since 1970-01-01 00:00:00,114.28200078010559,,,,,m2 s deg-1,,waves__awac-11m__ac63f1b339a0/variables/directionalWaveEnergyDensity/7,547,position_4992625311587253d9982636,"{""nominalDepth"": {""value"": 11.3, ""attributes"": {""_FillValue"": -999.0, ""units"": ""m"", ""description"": ""Nominal bottom vertical location from NAVD88"", ""long_name"": ""Bottom Elevation (NAVD88)"", ""short_name"": ""Bottom Elevation""}}}",retrieved,True,True,1.0,1.0,2D Wave Energy Density Spectrum,unique,,
2ce151c3-c6f7-5d3a-a22e-84f87985d8a6,FRF:awac-11m,waves,https://chldata.erdc.dren.mil/thredds/dodsC/frf/oceanography/waves/awac-11m/2021/FRF-ocean_waves_awac-11m_202110.nc,directionalPeakSpread,nearest_context,2021-10-23T23:00:00.500001+00:00,1635030000.5000007,seconds since 1970-01-01 00:00:00,114.28200078010559,,,,,deg,29.68084,waves__awac-11m__ac63f1b339a0/variables/directionalPeakSpread/7,547,position_4992625311587253d9982636,"{""nominalDepth"": {""value"": 11.3, ""attributes"": {""_FillValue"": -999.0, ""units"": ""m"", ""description"": ""Nominal bottom vertical location from NAVD88"", ""long_name"": ""Bottom Elevation (NAVD88)"", ""short_name"": ""Bottom Elevation""}}}",retrieved,True,True,1.0,1.0,Directional spread at peak frequency with cos(2*theta) circular moments,unique,,
2ce151c3-c6f7-5d3a-a22e-84f87985d8a6,FRF:awac-11m,waves,https://chldata.erdc.dren.mil/thredds/dodsC/frf/oceanography/waves/awac-11m/2021/FRF-ocean_waves_awac-11m_202110.nc,directionalPeakSpread,previous_qc,2021-10-23T22:00:01.999996+00:00,1635026401.999996,seconds since 1970-01-01 00:00:00,-3484.218003988266,,,,,deg,27.924303,waves__awac-11m__ac63f1b339a0/variables/directionalPeakSpread/6,546,position_2e25108e9ea65c01a175a334,"{""nominalDepth"": {""value"": 11.3, ""attributes"": {""_FillValue"": -999.0, ""units"": ""m"", ""description"": ""Nominal bottom vertical location from NAVD88"", ""long_name"": ""Bottom Elevation (NAVD88)"", ""short_name"": ""Bottom Elevation""}}}",retrieved,True,True,1.0,1.0,Directional spread at peak frequency with cos(2*theta) circular moments,unique,,
2ce151c3-c6f7-5d3a-a22e-84f87985d8a6,FRF:awac-11m,waves,https://chldata.erdc.dren.mil/thredds/dodsC/frf/oceanography/waves/awac-11m/2021/FRF-ocean_waves_awac-11m_202110.nc,directionalPeakSpread,next_qc,2021-10-23T23:00:00.500001+00:00,1635030000.5000007,seconds since 1970-01-01 00:00:00,114.28200078010559,,,,,deg,29.68084,waves__awac-11m__ac63f1b339a0/variables/directionalPeakSpread/7,547,position_4992625311587253d9982636,"{""nominalDepth"": {""value"": 11.3, ""attributes"": {""_FillValue"": -999.0, ""units"": ""m"", ""description"": ""Nominal bottom vertical location from NAVD88"", ""long_name"": ""Bottom Elevation (NAVD88)"", ""short_name"": ""Bottom Elevation""}}}",retrieved,True,True,1.0,1.0,Directional spread at peak frequency with cos(2*theta) circular moments,unique,,
2ce151c3-c6f7-5d3a-a22e-84f87985d8a6,FRF:awac-11m,waves,https://chldata.erdc.dren.mil/thredds/dodsC/frf/oceanography/waves/awac-11m/2021/FRF-ocean_waves_awac-11m_202110.nc,directionalPeakSpread,nearest_qc,2021-10-23T23:00:00.500001+00:00,1635030000.5000007,seconds since 1970-01-01 00:00:00,114.28200078010559,,,,,deg,29.68084,waves__awac-11m__ac63f1b339a0/variables/directionalPeakSpread/7,547,position_4992625311587253d9982636,"{""nominalDepth"": {""value"": 11.3, ""attributes"": {""_FillValue"": -999.0, ""units"": ""m"", ""description"": ""Nominal bottom vertical location from NAVD88"", ""long_name"": ""Bottom Elevation (NAVD88)"", ""short_name"": ""Bottom Elevation""}}}",retrieved,True,True,1.0,1.0,Directional spread at peak frequency with cos(2*theta) circular moments,unique,,
2ce151c3-c6f7-5d3a-a22e-84f87985d8a6,FRF:awac-11m,waves,https://chldata.erdc.dren.mil/thredds/dodsC/frf/oceanography/waves/awac-11m/2021/FRF-ocean_waves_awac-11m_202110.nc,waveDirectionEstimator,nearest_context,2021-10-23T23:00:00.500001+00:00,1635030000.5000007,seconds since 1970-01-01 00:00:00,114.28200078010559,,,,,,1.0,waves__awac-11m__ac63f1b339a0/variables/waveDirectionEstimator/7,547,position_4992625311587253d9982636,"{""nominalDepth"": {""value"": 11.3, ""attributes"": {""_FillValue"": -999.0, ""units"": ""m"", ""description"": ""Nominal bottom vertical location from NAVD88"", ""long_name"": ""Bottom Elevation (NAVD88)"", ""short_name"": ""Bottom Elevation""}}}",retrieved,True,True,1.0,1.0,"Estimator for directional spectra - 1,4,6 = IMLE, 5,7=Longuet-Higgins cos(2*theta)",unique,,
2ce151c3-c6f7-5d3a-a22e-84f87985d8a6,FRF:awac-11m,waves,https://chldata.erdc.dren.mil/thredds/dodsC/frf/oceanography/waves/awac-11m/2021/FRF-ocean_waves_awac-11m_202110.nc,waveDirectionEstimator,previous_qc,2021-10-23T22:00:01.999996+00:00,1635026401.999996,seconds since 1970-01-01 00:00:00,-3484.218003988266,,,,,,2.0,waves__awac-11m__ac63f1b339a0/variables/waveDirectionEstimator/6,546,position_2e25108e9ea65c01a175a334,"{""nominalDepth"": {""value"": 11.3, ""attributes"": {""_FillValue"": -999.0, ""units"": ""m"", ""description"": ""Nominal bottom vertical location from NAVD88"", ""long_name"": ""Bottom Elevation (NAVD88)"", ""short_name"": ""Bottom Elevation""}}}",retrieved,True,True,1.0,1.0,"Estimator for directional spectra - 1,4,6 = IMLE, 5,7=Longuet-Higgins cos(2*theta)",unique,,
2ce151c3-c6f7-5d3a-a22e-84f87985d8a6,FRF:awac-11m,waves,https://chldata.erdc.dren.mil/thredds/dodsC/frf/oceanography/waves/awac-11m/2021/FRF-ocean_waves_awac-11m_202110.nc,waveDirectionEstimator,next_qc,2021-10-23T23:00:00.500001+00:00,1635030000.5000007,seconds since 1970-01-01 00:00:00,114.28200078010559,,,,,,1.0,waves__awac-11m__ac63f1b339a0/variables/waveDirectionEstimator/7,547,position_4992625311587253d9982636,"{""nominalDepth"": {""value"": 11.3, ""attributes"": {""_FillValue"": -999.0, ""units"": ""m"", ""description"": ""Nominal bottom vertical location from NAVD88"", ""long_name"": ""Bottom Elevation (NAVD88)"", ""short_name"": ""Bottom Elevation""}}}",retrieved,True,True,1.0,1.0,"Estimator for directional spectra - 1,4,6 = IMLE, 5,7=Longuet-Higgins cos(2*theta)",unique,,
2ce151c3-c6f7-5d3a-a22e-84f87985d8a6,FRF:awac-11m,waves,https://chldata.erdc.dren.mil/thredds/dodsC/frf/oceanography/waves/awac-11m/2021/FRF-ocean_waves_awac-11m_202110.nc,waveDirectionEstimator,nearest_qc,2021-10-23T23:00:00.500001+00:00,1635030000.5000007,seconds since 1970-01-01 00:00:00,114.28200078010559,,,,,,1.0,waves__awac-11m__ac63f1b339a0/variables/waveDirectionEstimator/7,547,position_4992625311587253d9982636,"{""nominalDepth"": {""value"": 11.3, ""attributes"": {""_FillValue"": -999.0, ""units"": ""m"", ""description"": ""Nominal bottom vertical location from NAVD88"", ""long_name"": ""Bottom Elevation (NAVD88)"", ""short_name"": ""Bottom Elevation""}}}",retrieved,True,True,1.0,1.0,"Estimator for directional spectra - 1,4,6 = IMLE, 5,7=Longuet-Higgins cos(2*theta)",unique,,
2ce151c3-c6f7-5d3a-a22e-84f87985d8a6,FRF:awac-11m,waves,https://chldata.erdc.dren.mil/thredds/dodsC/frf/oceanography/waves/awac-11m/2021/FRF-ocean_waves_awac-11m_202110.nc,waveA1Value,nearest_context,2021-10-23T23:00:00.500001+00:00,1635030000.5000007,seconds since 1970-01-01 00:00:00,114.28200078010559,,,,,,,waves__awac-11m__ac63f1b339a0/variables/waveA1Value/7,547,position_4992625311587253d9982636,"{""nominalDepth"": {""value"": 11.3, ""attributes"": {""_FillValue"": -999.0, ""units"": ""m"", ""description"": ""Nominal bottom vertical location from NAVD88"", ""long_name"": ""Bottom Elevation (NAVD88)"", ""short_name"": ""Bottom Elevation""}}}",retrieved,True,True,1.0,1.0,a1 Fourier coefficient,unique,,
2ce151c3-c6f7-5d3a-a22e-84f87985d8a6,FRF:awac-11m,waves,https://chldata.erdc.dren.mil/thredds/dodsC/frf/oceanography/waves/awac-11m/2021/FRF-ocean_waves_awac-11m_202110.nc,waveA1Value,previous_qc,2021-10-23T22:00:01.999996+00:00,1635026401.999996,seconds since 1970-01-01 00:00:00,-3484.218003988266,,,,,,,waves__awac-11m__ac63f1b339a0/variables/waveA1Value/6,546,position_2e25108e9ea65c01a175a334,"{""nominalDepth"": {""value"": 11.3, ""attributes"": {""_FillValue"": -999.0, ""units"": ""m"", ""description"": ""Nominal bottom vertical location from NAVD88"", ""long_name"": ""Bottom Elevation (NAVD88)"", ""short_name"": ""Bottom Elevation""}}}",retrieved,True,True,1.0,1.0,a1 Fourier coefficient,unique,,
2ce151c3-c6f7-5d3a-a22e-84f87985d8a6,FRF:awac-11m,waves,https://chldata.erdc.dren.mil/thredds/dodsC/frf/oceanography/waves/awac-11m/2021/FRF-ocean_waves_awac-11m_202110.nc,waveA1Value,next_qc,2021-10-23T23:00:00.500001+00:00,1635030000.5000007,seconds since 1970-01-01 00:00:00,114.28200078010559,,,,,,,waves__awac-11m__ac63f1b339a0/variables/waveA1Value/7,547,position_4992625311587253d9982636,"{""nominalDepth"": {""value"": 11.3, ""attributes"": {""_FillValue"": -999.0, ""units"": ""m"", ""description"": ""Nominal bottom vertical location from NAVD88"", ""long_name"": ""Bottom Elevation (NAVD88)"", ""short_name"": ""Bottom Elevation""}}}",retrieved,True,True,1.0,1.0,a1 Fourier coefficient,unique,,
2ce151c3-c6f7-5d3a-a22e-84f87985d8a6,FRF:awac-11m,waves,https://chldata.erdc.dren.mil/thredds/dodsC/frf/oceanography/waves/awac-11m/2021/FRF-ocean_waves_awac-11m_202110.nc,waveA1Value,nearest_qc,2021-10-23T23:00:00.500001+00:00,1635030000.5000007,seconds since 1970-01-01 00:00:00,114.28200078010559,,,,,,,waves__awac-11m__ac63f1b339a0/variables/waveA1Value/7,547,position_4992625311587253d9982636,"{""nominalDepth"": {""value"": 11.3, ""attributes"": {""_FillValue"": -999.0, ""units"": ""m"", ""description"": ""Nominal bottom vertical location from NAVD88"", ""long_name"": ""Bottom Elevation (NAVD88)"", ""short_name"": ""Bottom Elevation""}}}",retrieved,True,True,1.0,1.0,a1 Fourier coefficient,unique,,
2ce151c3-c6f7-5d3a-a22e-84f87985d8a6,FRF:awac-11m,waves,https://chldata.erdc.dren.mil/thredds/dodsC/frf/oceanography/waves/awac-11m/2021/FRF-ocean_waves_awac-11m_202110.nc,waveB1Value,nearest_context,2021-10-23T23:00:00.500001+00:00,1635030000.5000007,seconds since 1970-01-01 00:00:00,114.28200078010559,,,,,,,waves__awac-11m__ac63f1b339a0/variables/waveB1Value/7,547,position_4992625311587253d9982636,"{""nominalDepth"": {""value"": 11.3, ""attributes"": {""_FillValue"": -999.0, ""units"": ""m"", ""description"": ""Nominal bottom vertical location from NAVD88"", ""long_name"": ""Bottom Elevation (NAVD88)"", ""short_name"": ""Bottom Elevation""}}}",retrieved,True,True,1.0,1.0,b1 Fourier coefficient,unique,,
2ce151c3-c6f7-5d3a-a22e-84f87985d8a6,FRF:awac-11m,waves,https://chldata.erdc.dren.mil/thredds/dodsC/frf/oceanography/waves/awac-11m/2021/FRF-ocean_waves_awac-11m_202110.nc,waveB1Value,previous_qc,2021-10-23T22:00:01.999996+00:00,1635026401.999996,seconds since 1970-01-01 00:00:00,-3484.218003988266,,,,,,,waves__awac-11m__ac63f1b339a0/variables/waveB1Value/6,546,position_2e25108e9ea65c01a175a334,"{""nominalDepth"": {""value"": 11.3, ""attributes"": {""_FillValue"": -999.0, ""units"": ""m"", ""description"": ""Nominal bottom vertical location from NAVD88"", ""long_name"": ""Bottom Elevation (NAVD88)"", ""short_name"": ""Bottom Elevation""}}}",retrieved,True,True,1.0,1.0,b1 Fourier coefficient,unique,,
2ce151c3-c6f7-5d3a-a22e-84f87985d8a6,FRF:awac-11m,waves,https://chldata.erdc.dren.mil/thredds/dodsC/frf/oceanography/waves/awac-11m/2021/FRF-ocean_waves_awac-11m_202110.nc,waveB1Value,next_qc,2021-10-23T23:00:00.500001+00:00,1635030000.5000007,seconds since 1970-01-01 00:00:00,114.28200078010559,,,,,,,waves__awac-11m__ac63f1b339a0/variables/waveB1Value/7,547,position_4992625311587253d9982636,"{""nominalDepth"": {""value"": 11.3, ""attributes"": {""_FillValue"": -999.0, ""units"": ""m"", ""description"": ""Nominal bottom vertical location from NAVD88"", ""long_name"": ""Bottom Elevation (NAVD88)"", ""short_name"": ""Bottom Elevation""}}}",retrieved,True,True,1.0,1.0,b1 Fourier coefficient,unique,,
2ce151c3-c6f7-5d3a-a22e-84f87985d8a6,FRF:awac-11m,waves,https://chldata.erdc.dren.mil/thredds/dodsC/frf/oceanography/waves/awac-11m/2021/FRF-ocean_waves_awac-11m_202110.nc,waveB1Value,nearest_qc,2021-10-23T23:00:00.500001+00:00,1635030000.5000007,seconds since 1970-01-01 00:00:00,114.28200078010559,,,,,,,waves__awac-11m__ac63f1b339a0/variables/waveB1Value/7,547,position_4992625311587253d9982636,"{""nominalDepth"": {""value"": 11.3, ""attributes"": {""_FillValue"": -999.0, ""units"": ""m"", ""description"": ""Nominal bottom vertical location from NAVD88"", ""long_name"": ""Bottom Elevation (NAVD88)"", ""short_name"": ""Bottom Elevation""}}}",retrieved,True,True,1.0,1.0,b1 Fourier coefficient,unique,,
2ce151c3-c6f7-5d3a-a22e-84f87985d8a6,FRF:awac-11m,waves,https://chldata.erdc.dren.mil/thredds/dodsC/frf/oceanography/waves/awac-11m/2021/FRF-ocean_waves_awac-11m_202110.nc,waveA2Value,nearest_context,2021-10-23T23:00:00.500001+00:00,1635030000.5000007,seconds since 1970-01-01 00:00:00,114.28200078010559,,,,,,,waves__awac-11m__ac63f1b339a0/variables/waveA2Value/7,547,position_4992625311587253d9982636,"{""nominalDepth"": {""value"": 11.3, ""attributes"": {""_FillValue"": -999.0, ""units"": ""m"", ""description"": ""Nominal bottom vertical location from NAVD88"", ""long_name"": ""Bottom Elevation (NAVD88)"", ""short_name"": ""Bottom Elevation""}}}",retrieved,True,True,1.0,1.0,a2 Fourier coefficient,unique,,
2ce151c3-c6f7-5d3a-a22e-84f87985d8a6,FRF:awac-11m,waves,https://chldata.erdc.dren.mil/thredds/dodsC/frf/oceanography/waves/awac-11m/2021/FRF-ocean_waves_awac-11m_202110.nc,waveA2Value,previous_qc,2021-10-23T22:00:01.999996+00:00,1635026401.999996,seconds since 1970-01-01 00:00:00,-3484.218003988266,,,,,,,waves__awac-11m__ac63f1b339a0/variables/waveA2Value/6,546,position_2e25108e9ea65c01a175a334,"{""nominalDepth"": {""value"": 11.3, ""attributes"": {""_FillValue"": -999.0, ""units"": ""m"", ""description"": ""Nominal bottom vertical location from NAVD88"", ""long_name"": ""Bottom Elevation (NAVD88)"", ""short_name"": ""Bottom Elevation""}}}",retrieved,True,True,1.0,1.0,a2 Fourier coefficient,unique,,
2ce151c3-c6f7-5d3a-a22e-84f87985d8a6,FRF:awac-11m,waves,https://chldata.erdc.dren.mil/thredds/dodsC/frf/oceanography/waves/awac-11m/2021/FRF-ocean_waves_awac-11m_202110.nc,waveA2Value,next_qc,2021-10-23T23:00:00.500001+00:00,1635030000.5000007,seconds since 1970-01-01 00:00:00,114.28200078010559,,,,,,,waves__awac-11m__ac63f1b339a0/variables/waveA2Value/7,547,position_4992625311587253d9982636,"{""nominalDepth"": {""value"": 11.3, ""attributes"": {""_FillValue"": -999.0, ""units"": ""m"", ""description"": ""Nominal bottom vertical location from NAVD88"", ""long_name"": ""Bottom Elevation (NAVD88)"", ""short_name"": ""Bottom Elevation""}}}",retrieved,True,True,1.0,1.0,a2 Fourier coefficient,unique,,
2ce151c3-c6f7-5d3a-a22e-84f87985d8a6,FRF:awac-11m,waves,https://chldata.erdc.dren.mil/thredds/dodsC/frf/oceanography/waves/awac-11m/2021/FRF-ocean_waves_awac-11m_202110.nc,waveA2Value,nearest_qc,2021-10-23T23:00:00.500001+00:00,1635030000.5000007,seconds since 1970-01-01 00:00:00,114.28200078010559,,,,,,,waves__awac-11m__ac63f1b339a0/variables/waveA2Value/7,547,position_4992625311587253d9982636,"{""nominalDepth"": {""value"": 11.3, ""attributes"": {""_FillValue"": -999.0, ""units"": ""m"", ""description"": ""Nominal bottom vertical location from NAVD88"", ""long_name"": ""Bottom Elevation (NAVD88)"", ""short_name"": ""Bottom Elevation""}}}",retrieved,True,True,1.0,1.0,a2 Fourier coefficient,unique,,
2ce151c3-c6f7-5d3a-a22e-84f87985d8a6,FRF:awac-11m,waves,https://chldata.erdc.dren.mil/thredds/dodsC/frf/oceanography/waves/awac-11m/2021/FRF-ocean_waves_awac-11m_202110.nc,waveB2Value,nearest_context,2021-10-23T23:00:00.500001+00:00,1635030000.5000007,seconds since 1970-01-01 00:00:00,114.28200078010559,,,,,,,waves__awac-11m__ac63f1b339a0/variables/waveB2Value/7,547,position_4992625311587253d9982636,"{""nominalDepth"": {""value"": 11.3, ""attributes"": {""_FillValue"": -999.0, ""units"": ""m"", ""description"": ""Nominal bottom vertical location from NAVD88"", ""long_name"": ""Bottom Elevation (NAVD88)"", ""short_name"": ""Bottom Elevation""}}}",retrieved,True,True,1.0,1.0,b2 Fourier coefficient,unique,,
2ce151c3-c6f7-5d3a-a22e-84f87985d8a6,FRF:awac-11m,waves,https://chldata.erdc.dren.mil/thredds/dodsC/frf/oceanography/waves/awac-11m/2021/FRF-ocean_waves_awac-11m_202110.nc,waveB2Value,previous_qc,2021-10-23T22:00:01.999996+00:00,1635026401.999996,seconds since 1970-01-01 00:00:00,-3484.218003988266,,,,,,,waves__awac-11m__ac63f1b339a0/variables/waveB2Value/6,546,position_2e25108e9ea65c01a175a334,"{""nominalDepth"": {""value"": 11.3, ""attributes"": {""_FillValue"": -999.0, ""units"": ""m"", ""description"": ""Nominal bottom vertical location from NAVD88"", ""long_name"": ""Bottom Elevation (NAVD88)"", ""short_name"": ""Bottom Elevation""}}}",retrieved,True,True,1.0,1.0,b2 Fourier coefficient,unique,,
2ce151c3-c6f7-5d3a-a22e-84f87985d8a6,FRF:awac-11m,waves,https://chldata.erdc.dren.mil/thredds/dodsC/frf/oceanography/waves/awac-11m/2021/FRF-ocean_waves_awac-11m_202110.nc,waveB2Value,next_qc,2021-10-23T23:00:00.500001+00:00,1635030000.5000007,seconds since 1970-01-01 00:00:00,114.28200078010559,,,,,,,waves__awac-11m__ac63f1b339a0/variables/waveB2Value/7,547,position_4992625311587253d9982636,"{""nominalDepth"": {""value"": 11.3, ""attributes"": {""_FillValue"": -999.0, ""units"": ""m"", ""description"": ""Nominal bottom vertical location from NAVD88"", ""long_name"": ""Bottom Elevation (NAVD88)"", ""short_name"": ""Bottom Elevation""}}}",retrieved,True,True,1.0,1.0,b2 Fourier coefficient,unique,,
2ce151c3-c6f7-5d3a-a22e-84f87985d8a6,FRF:awac-11m,waves,https://chldata.erdc.dren.mil/thredds/dodsC/frf/oceanography/waves/awac-11m/2021/FRF-ocean_waves_awac-11m_202110.nc,waveB2Value,nearest_qc,2021-10-23T23:00:00.500001+00:00,1635030000.5000007,seconds since 1970-01-01 00:00:00,114.28200078010559,,,,,,,waves__awac-11m__ac63f1b339a0/variables/waveB2Value/7,547,position_4992625311587253d9982636,"{""nominalDepth"": {""value"": 11.3, ""attributes"": {""_FillValue"": -999.0, ""units"": ""m"", ""description"": ""Nominal bottom vertical location from NAVD88"", ""long_name"": ""Bottom Elevation (NAVD88)"", ""short_name"": ""Bottom Elevation""}}}",retrieved,True,True,1.0,1.0,b2 Fourier coefficient,unique,,
2ce151c3-c6f7-5d3a-a22e-84f87985d8a6,FRF:derived,wind,https://chldata.erdc.dren.mil/thredds/dodsC/frf/meteorology/wind/derived/2021/FRF-met_wind_derived_202110.nc,windSpeed,nearest_context,2021-10-23T23:00:00.000003+00:00,1635030000.0000033,seconds since 1970-01-01 00:00:00,113.78200340270996,,600,,,m s-1,3.0338333,wind__derived__67e3b4f6435d/variables/windSpeed/21,3304,position_72048b44461b0376daf09c21,"{""gaugeElevation"": {""value"": 19.64, ""attributes"": {""_FillValue"": -999.99, ""units"": ""m"", ""long_name"": ""Anemometer_elevation"", ""description"": ""Anemometer elevation above NAVD88"", ""short_name"": ""gaugeElevation"", ""_ChunkSizes"": 4462.0}}}",retrieved,True,True,1.0,1.0,10 minute mean wind speed,unique,,
2ce151c3-c6f7-5d3a-a22e-84f87985d8a6,FRF:derived,wind,https://chldata.erdc.dren.mil/thredds/dodsC/frf/meteorology/wind/derived/2021/FRF-met_wind_derived_202110.nc,windSpeed,previous_qc,2021-10-23T22:49:59.999999+00:00,1635029399.9999988,seconds since 1970-01-01 00:00:00,-486.21800112724304,,600,,,m s-1,3.24625,wind__derived__67e3b4f6435d/variables/windSpeed/20,3303,position_e329c7207f9fc039e9f27228,"{""gaugeElevation"": {""value"": 19.64, ""attributes"": {""_FillValue"": -999.99, ""units"": ""m"", ""long_name"": ""Anemometer_elevation"", ""description"": ""Anemometer elevation above NAVD88"", ""short_name"": ""gaugeElevation"", ""_ChunkSizes"": 4462.0}}}",retrieved,True,True,1.0,1.0,10 minute mean wind speed,unique,,
2ce151c3-c6f7-5d3a-a22e-84f87985d8a6,FRF:derived,wind,https://chldata.erdc.dren.mil/thredds/dodsC/frf/meteorology/wind/derived/2021/FRF-met_wind_derived_202110.nc,windSpeed,next_qc,2021-10-23T23:00:00.000003+00:00,1635030000.0000033,seconds since 1970-01-01 00:00:00,113.78200340270996,,600,,,m s-1,3.0338333,wind__derived__67e3b4f6435d/variables/windSpeed/21,3304,position_72048b44461b0376daf09c21,"{""gaugeElevation"": {""value"": 19.64, ""attributes"": {""_FillValue"": -999.99, ""units"": ""m"", ""long_name"": ""Anemometer_elevation"", ""description"": ""Anemometer elevation above NAVD88"", ""short_name"": ""gaugeElevation"", ""_ChunkSizes"": 4462.0}}}",retrieved,True,True,1.0,1.0,10 minute mean wind speed,unique,,
2ce151c3-c6f7-5d3a-a22e-84f87985d8a6,FRF:derived,wind,https://chldata.erdc.dren.mil/thredds/dodsC/frf/meteorology/wind/derived/2021/FRF-met_wind_derived_202110.nc,windSpeed,nearest_qc,2021-10-23T23:00:00.000003+00:00,1635030000.0000033,seconds since 1970-01-01 00:00:00,113.78200340270996,,600,,,m s-1,3.0338333,wind__derived__67e3b4f6435d/variables/windSpeed/21,3304,position_72048b44461b0376daf09c21,"{""gaugeElevation"": {""value"": 19.64, ""attributes"": {""_FillValue"": -999.99, ""units"": ""m"", ""long_name"": ""Anemometer_elevation"", ""description"": ""Anemometer elevation above NAVD88"", ""short_name"": ""gaugeElevation"", ""_ChunkSizes"": 4462.0}}}",retrieved,True,True,1.0,1.0,10 minute mean wind speed,unique,,
2ce151c3-c6f7-5d3a-a22e-84f87985d8a6,FRF:derived,wind,https://chldata.erdc.dren.mil/thredds/dodsC/frf/meteorology/wind/derived/2021/FRF-met_wind_derived_202110.nc,vectorSpeed,nearest_context,2021-10-23T23:00:00.000003+00:00,1635030000.0000033,seconds since 1970-01-01 00:00:00,113.78200340270996,,600,,,m s-1,3.0222704,wind__derived__67e3b4f6435d/variables/vectorSpeed/21,3304,position_72048b44461b0376daf09c21,"{""gaugeElevation"": {""value"": 19.64, ""attributes"": {""_FillValue"": -999.99, ""units"": ""m"", ""long_name"": ""Anemometer_elevation"", ""description"": ""Anemometer elevation above NAVD88"", ""short_name"": ""gaugeElevation"", ""_ChunkSizes"": 4462.0}}}",retrieved,True,True,1.0,1.0,Vector averaged wind speed,unique,,
2ce151c3-c6f7-5d3a-a22e-84f87985d8a6,FRF:derived,wind,https://chldata.erdc.dren.mil/thredds/dodsC/frf/meteorology/wind/derived/2021/FRF-met_wind_derived_202110.nc,vectorSpeed,previous_qc,2021-10-23T22:49:59.999999+00:00,1635029399.9999988,seconds since 1970-01-01 00:00:00,-486.21800112724304,,600,,,m s-1,3.236026,wind__derived__67e3b4f6435d/variables/vectorSpeed/20,3303,position_e329c7207f9fc039e9f27228,"{""gaugeElevation"": {""value"": 19.64, ""attributes"": {""_FillValue"": -999.99, ""units"": ""m"", ""long_name"": ""Anemometer_elevation"", ""description"": ""Anemometer elevation above NAVD88"", ""short_name"": ""gaugeElevation"", ""_ChunkSizes"": 4462.0}}}",retrieved,True,True,1.0,1.0,Vector averaged wind speed,unique,,
2ce151c3-c6f7-5d3a-a22e-84f87985d8a6,FRF:derived,wind,https://chldata.erdc.dren.mil/thredds/dodsC/frf/meteorology/wind/derived/2021/FRF-met_wind_derived_202110.nc,vectorSpeed,next_qc,2021-10-23T23:00:00.000003+00:00,1635030000.0000033,seconds since 1970-01-01 00:00:00,113.78200340270996,,600,,,m s-1,3.0222704,wind__derived__67e3b4f6435d/variables/vectorSpeed/21,3304,position_72048b44461b0376daf09c21,"{""gaugeElevation"": {""value"": 19.64, ""attributes"": {""_FillValue"": -999.99, ""units"": ""m"", ""long_name"": ""Anemometer_elevation"", ""description"": ""Anemometer elevation above NAVD88"", ""short_name"": ""gaugeElevation"", ""_ChunkSizes"": 4462.0}}}",retrieved,True,True,1.0,1.0,Vector averaged wind speed,unique,,
2ce151c3-c6f7-5d3a-a22e-84f87985d8a6,FRF:derived,wind,https://chldata.erdc.dren.mil/thredds/dodsC/frf/meteorology/wind/derived/2021/FRF-met_wind_derived_202110.nc,vectorSpeed,nearest_qc,2021-10-23T23:00:00.000003+00:00,1635030000.0000033,seconds since 1970-01-01 00:00:00,113.78200340270996,,600,,,m s-1,3.0222704,wind__derived__67e3b4f6435d/variables/vectorSpeed/21,3304,position_72048b44461b0376daf09c21,"{""gaugeElevation"": {""value"": 19.64, ""attributes"": {""_FillValue"": -999.99, ""units"": ""m"", ""long_name"": ""Anemometer_elevation"", ""description"": ""Anemometer elevation above NAVD88"", ""short_name"": ""gaugeElevation"", ""_ChunkSizes"": 4462.0}}}",retrieved,True,True,1.0,1.0,Vector averaged wind speed,unique,,
2ce151c3-c6f7-5d3a-a22e-84f87985d8a6,FRF:derived,wind,https://chldata.erdc.dren.mil/thredds/dodsC/frf/meteorology/wind/derived/2021/FRF-met_wind_derived_202110.nc,sustWindSpeed,nearest_context,2021-10-23T23:00:00.000003+00:00,1635030000.0000033,seconds since 1970-01-01 00:00:00,113.78200340270996,,600,,,m s-1,3.3794305,wind__derived__67e3b4f6435d/variables/sustWindSpeed/21,3304,position_72048b44461b0376daf09c21,"{""gaugeElevation"": {""value"": 19.64, ""attributes"": {""_FillValue"": -999.99, ""units"": ""m"", ""long_name"": ""Anemometer_elevation"", ""description"": ""Anemometer elevation above NAVD88"", ""short_name"": ""gaugeElevation"", ""_ChunkSizes"": 4462.0}}}",retrieved,True,True,1.0,1.0,1 minute largest mean wind speed,unique,,
2ce151c3-c6f7-5d3a-a22e-84f87985d8a6,FRF:derived,wind,https://chldata.erdc.dren.mil/thredds/dodsC/frf/meteorology/wind/derived/2021/FRF-met_wind_derived_202110.nc,sustWindSpeed,previous_qc,2021-10-23T22:49:59.999999+00:00,1635029399.9999988,seconds since 1970-01-01 00:00:00,-486.21800112724304,,600,,,m s-1,3.7526588,wind__derived__67e3b4f6435d/variables/sustWindSpeed/20,3303,position_e329c7207f9fc039e9f27228,"{""gaugeElevation"": {""value"": 19.64, ""attributes"": {""_FillValue"": -999.99, ""units"": ""m"", ""long_name"": ""Anemometer_elevation"", ""description"": ""Anemometer elevation above NAVD88"", ""short_name"": ""gaugeElevation"", ""_ChunkSizes"": 4462.0}}}",retrieved,True,True,1.0,1.0,1 minute largest mean wind speed,unique,,
2ce151c3-c6f7-5d3a-a22e-84f87985d8a6,FRF:derived,wind,https://chldata.erdc.dren.mil/thredds/dodsC/frf/meteorology/wind/derived/2021/FRF-met_wind_derived_202110.nc,sustWindSpeed,next_qc,2021-10-23T23:00:00.000003+00:00,1635030000.0000033,seconds since 1970-01-01 00:00:00,113.78200340270996,,600,,,m s-1,3.3794305,wind__derived__67e3b4f6435d/variables/sustWindSpeed/21,3304,position_72048b44461b0376daf09c21,"{""gaugeElevation"": {""value"": 19.64, ""attributes"": {""_FillValue"": -999.99, ""units"": ""m"", ""long_name"": ""Anemometer_elevation"", ""description"": ""Anemometer elevation above NAVD88"", ""short_name"": ""gaugeElevation"", ""_ChunkSizes"": 4462.0}}}",retrieved,True,True,1.0,1.0,1 minute largest mean wind speed,unique,,
2ce151c3-c6f7-5d3a-a22e-84f87985d8a6,FRF:derived,wind,https://chldata.erdc.dren.mil/thredds/dodsC/frf/meteorology/wind/derived/2021/FRF-met_wind_derived_202110.nc,sustWindSpeed,nearest_qc,2021-10-23T23:00:00.000003+00:00,1635030000.0000033,seconds since 1970-01-01 00:00:00,113.78200340270996,,600,,,m s-1,3.3794305,wind__derived__67e3b4f6435d/variables/sustWindSpeed/21,3304,position_72048b44461b0376daf09c21,"{""gaugeElevation"": {""value"": 19.64, ""attributes"": {""_FillValue"": -999.99, ""units"": ""m"", ""long_name"": ""Anemometer_elevation"", ""description"": ""Anemometer elevation above NAVD88"", ""short_name"": ""gaugeElevation"", ""_ChunkSizes"": 4462.0}}}",retrieved,True,True,1.0,1.0,1 minute largest mean wind speed,unique,,
2ce151c3-c6f7-5d3a-a22e-84f87985d8a6,FRF:derived,wind,https://chldata.erdc.dren.mil/thredds/dodsC/frf/meteorology/wind/derived/2021/FRF-met_wind_derived_202110.nc,windGust,nearest_context,2021-10-23T23:00:00.000003+00:00,1635030000.0000033,seconds since 1970-01-01 00:00:00,113.78200340270996,,600,,,m s-1,3.5496109,wind__derived__67e3b4f6435d/variables/windGust/21,3304,position_72048b44461b0376daf09c21,"{""gaugeElevation"": {""value"": 19.64, ""attributes"": {""_FillValue"": -999.99, ""units"": ""m"", ""long_name"": ""Anemometer_elevation"", ""description"": ""Anemometer elevation above NAVD88"", ""short_name"": ""gaugeElevation"", ""_ChunkSizes"": 4462.0}}}",retrieved,True,True,1.0,1.0,5 second largest mean wind speed,unique,,
2ce151c3-c6f7-5d3a-a22e-84f87985d8a6,FRF:derived,wind,https://chldata.erdc.dren.mil/thredds/dodsC/frf/meteorology/wind/derived/2021/FRF-met_wind_derived_202110.nc,windGust,previous_qc,2021-10-23T22:49:59.999999+00:00,1635029399.9999988,seconds since 1970-01-01 00:00:00,-486.21800112724304,,600,,,m s-1,4.1185546,wind__derived__67e3b4f6435d/variables/windGust/20,3303,position_e329c7207f9fc039e9f27228,"{""gaugeElevation"": {""value"": 19.64, ""attributes"": {""_FillValue"": -999.99, ""units"": ""m"", ""long_name"": ""Anemometer_elevation"", ""description"": ""Anemometer elevation above NAVD88"", ""short_name"": ""gaugeElevation"", ""_ChunkSizes"": 4462.0}}}",retrieved,True,True,1.0,1.0,5 second largest mean wind speed,unique,,
2ce151c3-c6f7-5d3a-a22e-84f87985d8a6,FRF:derived,wind,https://chldata.erdc.dren.mil/thredds/dodsC/frf/meteorology/wind/derived/2021/FRF-met_wind_derived_202110.nc,windGust,next_qc,2021-10-23T23:00:00.000003+00:00,1635030000.0000033,seconds since 1970-01-01 00:00:00,113.78200340270996,,600,,,m s-1,3.5496109,wind__derived__67e3b4f6435d/variables/windGust/21,3304,position_72048b44461b0376daf09c21,"{""gaugeElevation"": {""value"": 19.64, ""attributes"": {""_FillValue"": -999.99, ""units"": ""m"", ""long_name"": ""Anemometer_elevation"", ""description"": ""Anemometer elevation above NAVD88"", ""short_name"": ""gaugeElevation"", ""_ChunkSizes"": 4462.0}}}",retrieved,True,True,1.0,1.0,5 second largest mean wind speed,unique,,
2ce151c3-c6f7-5d3a-a22e-84f87985d8a6,FRF:derived,wind,https://chldata.erdc.dren.mil/thredds/dodsC/frf/meteorology/wind/derived/2021/FRF-met_wind_derived_202110.nc,windGust,nearest_qc,2021-10-23T23:00:00.000003+00:00,1635030000.0000033,seconds since 1970-01-01 00:00:00,113.78200340270996,,600,,,m s-1,3.5496109,wind__derived__67e3b4f6435d/variables/windGust/21,3304,position_72048b44461b0376daf09c21,"{""gaugeElevation"": {""value"": 19.64, ""attributes"": {""_FillValue"": -999.99, ""units"": ""m"", ""long_name"": ""Anemometer_elevation"", ""description"": ""Anemometer elevation above NAVD88"", ""short_name"": ""gaugeElevation"", ""_ChunkSizes"": 4462.0}}}",retrieved,True,True,1.0,1.0,5 second largest mean wind speed,unique,,
2ce151c3-c6f7-5d3a-a22e-84f87985d8a6,FRF:derived,wind,https://chldata.erdc.dren.mil/thredds/dodsC/frf/meteorology/wind/derived/2021/FRF-met_wind_derived_202110.nc,windDirection,nearest_context,2021-10-23T23:00:00.000003+00:00,1635030000.0000033,seconds since 1970-01-01 00:00:00,113.78200340270996,,600,,,degree,53.454346,wind__derived__67e3b4f6435d/variables/windDirection/21,3304,position_72048b44461b0376daf09c21,"{""gaugeElevation"": {""value"": 19.64, ""attributes"": {""_FillValue"": -999.99, ""units"": ""m"", ""long_name"": ""Anemometer_elevation"", ""description"": ""Anemometer elevation above NAVD88"", ""short_name"": ""gaugeElevation"", ""_ChunkSizes"": 4462.0}}}",retrieved,True,True,1.0,1.0,Wind direction from true north,unique,,
2ce151c3-c6f7-5d3a-a22e-84f87985d8a6,FRF:derived,wind,https://chldata.erdc.dren.mil/thredds/dodsC/frf/meteorology/wind/derived/2021/FRF-met_wind_derived_202110.nc,windDirection,previous_qc,2021-10-23T22:49:59.999999+00:00,1635029399.9999988,seconds since 1970-01-01 00:00:00,-486.21800112724304,,600,,,degree,50.717865,wind__derived__67e3b4f6435d/variables/windDirection/20,3303,position_e329c7207f9fc039e9f27228,"{""gaugeElevation"": {""value"": 19.64, ""attributes"": {""_FillValue"": -999.99, ""units"": ""m"", ""long_name"": ""Anemometer_elevation"", ""description"": ""Anemometer elevation above NAVD88"", ""short_name"": ""gaugeElevation"", ""_ChunkSizes"": 4462.0}}}",retrieved,True,True,1.0,1.0,Wind direction from true north,unique,,
2ce151c3-c6f7-5d3a-a22e-84f87985d8a6,FRF:derived,wind,https://chldata.erdc.dren.mil/thredds/dodsC/frf/meteorology/wind/derived/2021/FRF-met_wind_derived_202110.nc,windDirection,next_qc,2021-10-23T23:00:00.000003+00:00,1635030000.0000033,seconds since 1970-01-01 00:00:00,113.78200340270996,,600,,,degree,53.454346,wind__derived__67e3b4f6435d/variables/windDirection/21,3304,position_72048b44461b0376daf09c21,"{""gaugeElevation"": {""value"": 19.64, ""attributes"": {""_FillValue"": -999.99, ""units"": ""m"", ""long_name"": ""Anemometer_elevation"", ""description"": ""Anemometer elevation above NAVD88"", ""short_name"": ""gaugeElevation"", ""_ChunkSizes"": 4462.0}}}",retrieved,True,True,1.0,1.0,Wind direction from true north,unique,,
2ce151c3-c6f7-5d3a-a22e-84f87985d8a6,FRF:derived,wind,https://chldata.erdc.dren.mil/thredds/dodsC/frf/meteorology/wind/derived/2021/FRF-met_wind_derived_202110.nc,windDirection,nearest_qc,2021-10-23T23:00:00.000003+00:00,1635030000.0000033,seconds since 1970-01-01 00:00:00,113.78200340270996,,600,,,degree,53.454346,wind__derived__67e3b4f6435d/variables/windDirection/21,3304,position_72048b44461b0376daf09c21,"{""gaugeElevation"": {""value"": 19.64, ""attributes"": {""_FillValue"": -999.99, ""units"": ""m"", ""long_name"": ""Anemometer_elevation"", ""description"": ""Anemometer elevation above NAVD88"", ""short_name"": ""gaugeElevation"", ""_ChunkSizes"": 4462.0}}}",retrieved,True,True,1.0,1.0,Wind direction from true north,unique,,
2ce151c3-c6f7-5d3a-a22e-84f87985d8a6,FRF:derived,wind,https://chldata.erdc.dren.mil/thredds/dodsC/frf/meteorology/wind/derived/2021/FRF-met_wind_derived_202110.nc,maxWindSpeed,nearest_context,2021-10-23T23:00:00.000003+00:00,1635030000.0000033,seconds since 1970-01-01 00:00:00,113.78200340270996,,600,,,m s-1,3.6,wind__derived__67e3b4f6435d/variables/maxWindSpeed/21,3304,position_72048b44461b0376daf09c21,"{""gaugeElevation"": {""value"": 19.64, ""attributes"": {""_FillValue"": -999.99, ""units"": ""m"", ""long_name"": ""Anemometer_elevation"", ""description"": ""Anemometer elevation above NAVD88"", ""short_name"": ""gaugeElevation"", ""_ChunkSizes"": 4462.0}}}",retrieved,True,True,1.0,1.0,Maximum wind speed in the 10 minute average,unique,,
2ce151c3-c6f7-5d3a-a22e-84f87985d8a6,FRF:derived,wind,https://chldata.erdc.dren.mil/thredds/dodsC/frf/meteorology/wind/derived/2021/FRF-met_wind_derived_202110.nc,maxWindSpeed,previous_qc,2021-10-23T22:49:59.999999+00:00,1635029399.9999988,seconds since 1970-01-01 00:00:00,-486.21800112724304,,600,,,m s-1,4.2,wind__derived__67e3b4f6435d/variables/maxWindSpeed/20,3303,position_e329c7207f9fc039e9f27228,"{""gaugeElevation"": {""value"": 19.64, ""attributes"": {""_FillValue"": -999.99, ""units"": ""m"", ""long_name"": ""Anemometer_elevation"", ""description"": ""Anemometer elevation above NAVD88"", ""short_name"": ""gaugeElevation"", ""_ChunkSizes"": 4462.0}}}",retrieved,True,True,1.0,1.0,Maximum wind speed in the 10 minute average,unique,,
2ce151c3-c6f7-5d3a-a22e-84f87985d8a6,FRF:derived,wind,https://chldata.erdc.dren.mil/thredds/dodsC/frf/meteorology/wind/derived/2021/FRF-met_wind_derived_202110.nc,maxWindSpeed,next_qc,2021-10-23T23:00:00.000003+00:00,1635030000.0000033,seconds since 1970-01-01 00:00:00,113.78200340270996,,600,,,m s-1,3.6,wind__derived__67e3b4f6435d/variables/maxWindSpeed/21,3304,position_72048b44461b0376daf09c21,"{""gaugeElevation"": {""value"": 19.64, ""attributes"": {""_FillValue"": -999.99, ""units"": ""m"", ""long_name"": ""Anemometer_elevation"", ""description"": ""Anemometer elevation above NAVD88"", ""short_name"": ""gaugeElevation"", ""_ChunkSizes"": 4462.0}}}",retrieved,True,True,1.0,1.0,Maximum wind speed in the 10 minute average,unique,,
2ce151c3-c6f7-5d3a-a22e-84f87985d8a6,FRF:derived,wind,https://chldata.erdc.dren.mil/thredds/dodsC/frf/meteorology/wind/derived/2021/FRF-met_wind_derived_202110.nc,maxWindSpeed,nearest_qc,2021-10-23T23:00:00.000003+00:00,1635030000.0000033,seconds since 1970-01-01 00:00:00,113.78200340270996,,600,,,m s-1,3.6,wind__derived__67e3b4f6435d/variables/maxWindSpeed/21,3304,position_72048b44461b0376daf09c21,"{""gaugeElevation"": {""value"": 19.64, ""attributes"": {""_FillValue"": -999.99, ""units"": ""m"", ""long_name"": ""Anemometer_elevation"", ""description"": ""Anemometer elevation above NAVD88"", ""short_name"": ""gaugeElevation"", ""_ChunkSizes"": 4462.0}}}",retrieved,True,True,1.0,1.0,Maximum wind speed in the 10 minute average,unique,,
2ce151c3-c6f7-5d3a-a22e-84f87985d8a6,FRF:derived,wind,https://chldata.erdc.dren.mil/thredds/dodsC/frf/meteorology/wind/derived/2021/FRF-met_wind_derived_202110.nc,minWindSpeed,nearest_context,2021-10-23T23:00:00.000003+00:00,1635030000.0000033,seconds since 1970-01-01 00:00:00,113.78200340270996,,600,,,m s-1,2.4,wind__derived__67e3b4f6435d/variables/minWindSpeed/21,3304,position_72048b44461b0376daf09c21,"{""gaugeElevation"": {""value"": 19.64, ""attributes"": {""_FillValue"": -999.99, ""units"": ""m"", ""long_name"": ""Anemometer_elevation"", ""description"": ""Anemometer elevation above NAVD88"", ""short_name"": ""gaugeElevation"", ""_ChunkSizes"": 4462.0}}}",retrieved,True,True,1.0,1.0,Minimum wind speed in the 10 minute average,unique,,
2ce151c3-c6f7-5d3a-a22e-84f87985d8a6,FRF:derived,wind,https://chldata.erdc.dren.mil/thredds/dodsC/frf/meteorology/wind/derived/2021/FRF-met_wind_derived_202110.nc,minWindSpeed,previous_qc,2021-10-23T22:49:59.999999+00:00,1635029399.9999988,seconds since 1970-01-01 00:00:00,-486.21800112724304,,600,,,m s-1,2.6,wind__derived__67e3b4f6435d/variables/minWindSpeed/20,3303,position_e329c7207f9fc039e9f27228,"{""gaugeElevation"": {""value"": 19.64, ""attributes"": {""_FillValue"": -999.99, ""units"": ""m"", ""long_name"": ""Anemometer_elevation"", ""description"": ""Anemometer elevation above NAVD88"", ""short_name"": ""gaugeElevation"", ""_ChunkSizes"": 4462.0}}}",retrieved,True,True,1.0,1.0,Minimum wind speed in the 10 minute average,unique,,
2ce151c3-c6f7-5d3a-a22e-84f87985d8a6,FRF:derived,wind,https://chldata.erdc.dren.mil/thredds/dodsC/frf/meteorology/wind/derived/2021/FRF-met_wind_derived_202110.nc,minWindSpeed,next_qc,2021-10-23T23:00:00.000003+00:00,1635030000.0000033,seconds since 1970-01-01 00:00:00,113.78200340270996,,600,,,m s-1,2.4,wind__derived__67e3b4f6435d/variables/minWindSpeed/21,3304,position_72048b44461b0376daf09c21,"{""gaugeElevation"": {""value"": 19.64, ""attributes"": {""_FillValue"": -999.99, ""units"": ""m"", ""long_name"": ""Anemometer_elevation"", ""description"": ""Anemometer elevation above NAVD88"", ""short_name"": ""gaugeElevation"", ""_ChunkSizes"": 4462.0}}}",retrieved,True,True,1.0,1.0,Minimum wind speed in the 10 minute average,unique,,
2ce151c3-c6f7-5d3a-a22e-84f87985d8a6,FRF:derived,wind,https://chldata.erdc.dren.mil/thredds/dodsC/frf/meteorology/wind/derived/2021/FRF-met_wind_derived_202110.nc,minWindSpeed,nearest_qc,2021-10-23T23:00:00.000003+00:00,1635030000.0000033,seconds since 1970-01-01 00:00:00,113.78200340270996,,600,,,m s-1,2.4,wind__derived__67e3b4f6435d/variables/minWindSpeed/21,3304,position_72048b44461b0376daf09c21,"{""gaugeElevation"": {""value"": 19.64, ""attributes"": {""_FillValue"": -999.99, ""units"": ""m"", ""long_name"": ""Anemometer_elevation"", ""description"": ""Anemometer elevation above NAVD88"", ""short_name"": ""gaugeElevation"", ""_ChunkSizes"": 4462.0}}}",retrieved,True,True,1.0,1.0,Minimum wind speed in the 10 minute average,unique,,
2ce151c3-c6f7-5d3a-a22e-84f87985d8a6,FRF:derived,wind,https://chldata.erdc.dren.mil/thredds/dodsC/frf/meteorology/wind/derived/2021/FRF-met_wind_derived_202110.nc,stdWindSpeed,nearest_context,2021-10-23T23:00:00.000003+00:00,1635030000.0000033,seconds since 1970-01-01 00:00:00,113.78200340270996,,600,,,m s-1,0.2617623,wind__derived__67e3b4f6435d/variables/stdWindSpeed/21,3304,position_72048b44461b0376daf09c21,"{""gaugeElevation"": {""value"": 19.64, ""attributes"": {""_FillValue"": -999.99, ""units"": ""m"", ""long_name"": ""Anemometer_elevation"", ""description"": ""Anemometer elevation above NAVD88"", ""short_name"": ""gaugeElevation"", ""_ChunkSizes"": 4462.0}}}",retrieved,True,True,1.0,1.0,Standard deviation of wind speed in the 10 minute average,unique,,
2ce151c3-c6f7-5d3a-a22e-84f87985d8a6,FRF:derived,wind,https://chldata.erdc.dren.mil/thredds/dodsC/frf/meteorology/wind/derived/2021/FRF-met_wind_derived_202110.nc,stdWindSpeed,previous_qc,2021-10-23T22:49:59.999999+00:00,1635029399.9999988,seconds since 1970-01-01 00:00:00,-486.21800112724304,,600,,,m s-1,0.30622116,wind__derived__67e3b4f6435d/variables/stdWindSpeed/20,3303,position_e329c7207f9fc039e9f27228,"{""gaugeElevation"": {""value"": 19.64, ""attributes"": {""_FillValue"": -999.99, ""units"": ""m"", ""long_name"": ""Anemometer_elevation"", ""description"": ""Anemometer elevation above NAVD88"", ""short_name"": ""gaugeElevation"", ""_ChunkSizes"": 4462.0}}}",retrieved,True,True,1.0,1.0,Standard deviation of wind speed in the 10 minute average,unique,,
2ce151c3-c6f7-5d3a-a22e-84f87985d8a6,FRF:derived,wind,https://chldata.erdc.dren.mil/thredds/dodsC/frf/meteorology/wind/derived/2021/FRF-met_wind_derived_202110.nc,stdWindSpeed,next_qc,2021-10-23T23:00:00.000003+00:00,1635030000.0000033,seconds since 1970-01-01 00:00:00,113.78200340270996,,600,,,m s-1,0.2617623,wind__derived__67e3b4f6435d/variables/stdWindSpeed/21,3304,position_72048b44461b0376daf09c21,"{""gaugeElevation"": {""value"": 19.64, ""attributes"": {""_FillValue"": -999.99, ""units"": ""m"", ""long_name"": ""Anemometer_elevation"", ""description"": ""Anemometer elevation above NAVD88"", ""short_name"": ""gaugeElevation"", ""_ChunkSizes"": 4462.0}}}",retrieved,True,True,1.0,1.0,Standard deviation of wind speed in the 10 minute average,unique,,
2ce151c3-c6f7-5d3a-a22e-84f87985d8a6,FRF:derived,wind,https://chldata.erdc.dren.mil/thredds/dodsC/frf/meteorology/wind/derived/2021/FRF-met_wind_derived_202110.nc,stdWindSpeed,nearest_qc,2021-10-23T23:00:00.000003+00:00,1635030000.0000033,seconds since 1970-01-01 00:00:00,113.78200340270996,,600,,,m s-1,0.2617623,wind__derived__67e3b4f6435d/variables/stdWindSpeed/21,3304,position_72048b44461b0376daf09c21,"{""gaugeElevation"": {""value"": 19.64, ""attributes"": {""_FillValue"": -999.99, ""units"": ""m"", ""long_name"": ""Anemometer_elevation"", ""description"": ""Anemometer elevation above NAVD88"", ""short_name"": ""gaugeElevation"", ""_ChunkSizes"": 4462.0}}}",retrieved,True,True,1.0,1.0,Standard deviation of wind speed in the 10 minute average,unique,,
2ce151c3-c6f7-5d3a-a22e-84f87985d8a6,FRF:derived,wind,https://chldata.erdc.dren.mil/thredds/dodsC/frf/meteorology/wind/derived/2021/FRF-met_wind_derived_202110.nc,gaugeElevation,nearest_context,2021-10-23T23:00:00.000003+00:00,1635030000.0000033,seconds since 1970-01-01 00:00:00,113.78200340270996,,600,,,m,19.64,wind__derived__67e3b4f6435d/variables/gaugeElevation/21,3304,position_72048b44461b0376daf09c21,"{""gaugeElevation"": {""value"": 19.64, ""attributes"": {""_FillValue"": -999.99, ""units"": ""m"", ""long_name"": ""Anemometer_elevation"", ""description"": ""Anemometer elevation above NAVD88"", ""short_name"": ""gaugeElevation"", ""_ChunkSizes"": 4462.0}}}",retrieved,True,True,1.0,1.0,Anemometer elevation above NAVD88,unique,,
2ce151c3-c6f7-5d3a-a22e-84f87985d8a6,FRF:derived,wind,https://chldata.erdc.dren.mil/thredds/dodsC/frf/meteorology/wind/derived/2021/FRF-met_wind_derived_202110.nc,gaugeElevation,previous_qc,2021-10-23T22:49:59.999999+00:00,1635029399.9999988,seconds since 1970-01-01 00:00:00,-486.21800112724304,,600,,,m,19.64,wind__derived__67e3b4f6435d/variables/gaugeElevation/20,3303,position_e329c7207f9fc039e9f27228,"{""gaugeElevation"": {""value"": 19.64, ""attributes"": {""_FillValue"": -999.99, ""units"": ""m"", ""long_name"": ""Anemometer_elevation"", ""description"": ""Anemometer elevation above NAVD88"", ""short_name"": ""gaugeElevation"", ""_ChunkSizes"": 4462.0}}}",retrieved,True,True,1.0,1.0,Anemometer elevation above NAVD88,unique,,
2ce151c3-c6f7-5d3a-a22e-84f87985d8a6,FRF:derived,wind,https://chldata.erdc.dren.mil/thredds/dodsC/frf/meteorology/wind/derived/2021/FRF-met_wind_derived_202110.nc,gaugeElevation,next_qc,2021-10-23T23:00:00.000003+00:00,1635030000.0000033,seconds since 1970-01-01 00:00:00,113.78200340270996,,600,,,m,19.64,wind__derived__67e3b4f6435d/variables/gaugeElevation/21,3304,position_72048b44461b0376daf09c21,"{""gaugeElevation"": {""value"": 19.64, ""attributes"": {""_FillValue"": -999.99, ""units"": ""m"", ""long_name"": ""Anemometer_elevation"", ""description"": ""Anemometer elevation above NAVD88"", ""short_name"": ""gaugeElevation"", ""_ChunkSizes"": 4462.0}}}",retrieved,True,True,1.0,1.0,Anemometer elevation above NAVD88,unique,,
2ce151c3-c6f7-5d3a-a22e-84f87985d8a6,FRF:derived,wind,https://chldata.erdc.dren.mil/thredds/dodsC/frf/meteorology/wind/derived/2021/FRF-met_wind_derived_202110.nc,gaugeElevation,nearest_qc,2021-10-23T23:00:00.000003+00:00,1635030000.0000033,seconds since 1970-01-01 00:00:00,113.78200340270996,,600,,,m,19.64,wind__derived__67e3b4f6435d/variables/gaugeElevation/21,3304,position_72048b44461b0376daf09c21,"{""gaugeElevation"": {""value"": 19.64, ""attributes"": {""_FillValue"": -999.99, ""units"": ""m"", ""long_name"": ""Anemometer_elevation"", ""description"": ""Anemometer elevation above NAVD88"", ""short_name"": ""gaugeElevation"", ""_ChunkSizes"": 4462.0}}}",retrieved,True,True,1.0,1.0,Anemometer elevation above NAVD88,unique,,
2ce151c3-c6f7-5d3a-a22e-84f87985d8a6,FRF:derived,wind,https://chldata.erdc.dren.mil/thredds/dodsC/frf/meteorology/wind/derived/2021/FRF-met_wind_derived_202110.nc,id,nearest_context,2021-10-23T23:00:00.000003+00:00,1635030000.0000033,seconds since 1970-01-01 00:00:00,113.78200340270996,,600,,,sensor_id_used_for_index,1.0,wind__derived__67e3b4f6435d/variables/id/21,3304,position_72048b44461b0376daf09c21,"{""gaugeElevation"": {""value"": 19.64, ""attributes"": {""_FillValue"": -999.99, ""units"": ""m"", ""long_name"": ""Anemometer_elevation"", ""description"": ""Anemometer elevation above NAVD88"", ""short_name"": ""gaugeElevation"", ""_ChunkSizes"": 4462.0}}}",retrieved,True,True,1.0,1.0,,unique,,
2ce151c3-c6f7-5d3a-a22e-84f87985d8a6,FRF:derived,wind,https://chldata.erdc.dren.mil/thredds/dodsC/frf/meteorology/wind/derived/2021/FRF-met_wind_derived_202110.nc,id,previous_qc,2021-10-23T22:49:59.999999+00:00,1635029399.9999988,seconds since 1970-01-01 00:00:00,-486.21800112724304,,600,,,sensor_id_used_for_index,1.0,wind__derived__67e3b4f6435d/variables/id/20,3303,position_e329c7207f9fc039e9f27228,"{""gaugeElevation"": {""value"": 19.64, ""attributes"": {""_FillValue"": -999.99, ""units"": ""m"", ""long_name"": ""Anemometer_elevation"", ""description"": ""Anemometer elevation above NAVD88"", ""short_name"": ""gaugeElevation"", ""_ChunkSizes"": 4462.0}}}",retrieved,True,True,1.0,1.0,,unique,,
2ce151c3-c6f7-5d3a-a22e-84f87985d8a6,FRF:derived,wind,https://chldata.erdc.dren.mil/thredds/dodsC/frf/meteorology/wind/derived/2021/FRF-met_wind_derived_202110.nc,id,next_qc,2021-10-23T23:00:00.000003+00:00,1635030000.0000033,seconds since 1970-01-01 00:00:00,113.78200340270996,,600,,,sensor_id_used_for_index,1.0,wind__derived__67e3b4f6435d/variables/id/21,3304,position_72048b44461b0376daf09c21,"{""gaugeElevation"": {""value"": 19.64, ""attributes"": {""_FillValue"": -999.99, ""units"": ""m"", ""long_name"": ""Anemometer_elevation"", ""description"": ""Anemometer elevation above NAVD88"", ""short_name"": ""gaugeElevation"", ""_ChunkSizes"": 4462.0}}}",retrieved,True,True,1.0,1.0,,unique,,
2ce151c3-c6f7-5d3a-a22e-84f87985d8a6,FRF:derived,wind,https://chldata.erdc.dren.mil/thredds/dodsC/frf/meteorology/wind/derived/2021/FRF-met_wind_derived_202110.nc,id,nearest_qc,2021-10-23T23:00:00.000003+00:00,1635030000.0000033,seconds since 1970-01-01 00:00:00,113.78200340270996,,600,,,sensor_id_used_for_index,1.0,wind__derived__67e3b4f6435d/variables/id/21,3304,position_72048b44461b0376daf09c21,"{""gaugeElevation"": {""value"": 19.64, ""attributes"": {""_FillValue"": -999.99, ""units"": ""m"", ""long_name"": ""Anemometer_elevation"", ""description"": ""Anemometer elevation above NAVD88"", ""short_name"": ""gaugeElevation"", ""_ChunkSizes"": 4462.0}}}",retrieved,True,True,1.0,1.0,,unique,,
2ce151c3-c6f7-5d3a-a22e-84f87985d8a6,FRF:eopNoaaTide,water_level,https://chldata.erdc.dren.mil/thredds/dodsC/frf/oceanography/waterlevel/eopNoaaTide/2021/FRF-ocean_waterlevel_eopNoaaTide_202110.nc,residualWaterLevel,nearest_context,2021-10-23T23:00:00.000003+00:00,1635030000.0000033,seconds since 1970-01-01 00:00:00,113.78200340270996,,,,,m,0.10700000000000001,water_level__eopNoaaTide__daaa106786e8/variables/residualWaterLevel/35,5510,position_511c406c73f3bbcd92bb1c6e,{},qc_unknown,True,False,,1.0,"Water Level Setup/Surge, measured - predicted",unique,,
2ce151c3-c6f7-5d3a-a22e-84f87985d8a6,FRF:eopNoaaTide,water_level,https://chldata.erdc.dren.mil/thredds/dodsC/frf/oceanography/waterlevel/eopNoaaTide/2021/FRF-ocean_waterlevel_eopNoaaTide_202110.nc,predictedWaterLevel,nearest_context,2021-10-23T23:00:00.000003+00:00,1635030000.0000033,seconds since 1970-01-01 00:00:00,113.78200340270996,,,,,m,-0.17,water_level__eopNoaaTide__daaa106786e8/variables/predictedWaterLevel/35,5510,position_511c406c73f3bbcd92bb1c6e,{},qc_unknown,True,False,,1.0,Predicted Water Level Height,unique,,
2ce151c3-c6f7-5d3a-a22e-84f87985d8a6,FRF:eopNoaaTide,water_level,https://chldata.erdc.dren.mil/thredds/dodsC/frf/oceanography/waterlevel/eopNoaaTide/2021/FRF-ocean_waterlevel_eopNoaaTide_202110.nc,waterLevel,nearest_context,2021-10-23T23:00:00.000003+00:00,1635030000.0000033,seconds since 1970-01-01 00:00:00,113.78200340270996,,,,,m,-0.063,water_level__eopNoaaTide__daaa106786e8/variables/waterLevel/35,5510,position_511c406c73f3bbcd92bb1c6e,{},qc_unknown,True,False,,1.0,Water Level Height,unique,,
2ce151c3-c6f7-5d3a-a22e-84f87985d8a6,FRF:eopNoaaTide,water_level,https://chldata.erdc.dren.mil/thredds/dodsC/frf/oceanography/waterlevel/eopNoaaTide/2021/FRF-ocean_waterlevel_eopNoaaTide_202110.nc,gapGauge,nearest_context,2021-10-23T23:00:00.000003+00:00,1635030000.0000033,seconds since 1970-01-01 00:00:00,113.78200340270996,,,,,,2.0,water_level__eopNoaaTide__daaa106786e8/variables/gapGauge/35,5510,position_511c406c73f3bbcd92bb1c6e,{},qc_unknown,True,False,,1.0,Identifies what gauge was used to fill gaps - see attributes summary,unique,,
